method,Kmax,acc,balanced_accuracy,f1,precision,recall,gmean,auc,pr_auc,fpr,fnr,tpr,tnr,f1_macro,f1_weighted,run_seed,eff
CCE[CAR-FDH],5,0.8625766871165644,0.8532038548478031,0.7894736842105263,0.7540394973070018,0.8284023668639053,0.8528433057255803,0.9331829893512199,0.8635350734806788,0.1219946571682992,0.17159763313609466,0.8284023668639053,0.8780053428317008,0.8437350206116384,0.8642411452883777,0,0.9462550145108786
CCE[CAR-FDH],5,0.8625766871165644,0.8532038548478031,0.7894736842105263,0.7540394973070018,0.8284023668639053,0.8528433057255803,0.9331829893512199,0.8635350734806788,0.1219946571682992,0.17159763313609466,0.8284023668639053,0.8780053428317008,0.8437350206116384,0.8642411452883777,0,0.9485133944916243
CCE[CAR-FDH],5,0.8625766871165644,0.8532038548478031,0.7894736842105263,0.7540394973070018,0.8284023668639053,0.8528433057255803,0.9331829893512199,0.8635350734806788,0.1219946571682992,0.17159763313609466,0.8284023668639053,0.8780053428317008,0.8437350206116384,0.8642411452883777,0,0.9325094755902384
CCE[CAR-FDH],5,0.8625766871165644,0.8532038548478031,0.7894736842105263,0.7540394973070018,0.8284023668639053,0.8528433057255803,0.9331829893512199,0.8635350734806788,0.1219946571682992,0.17159763313609466,0.8284023668639053,0.8780053428317008,0.8437350206116384,0.8642411452883777,0,0.9313125675854015
CCE[CAR-FDH],10,0.8638036809815951,0.8535533694791178,0.7905660377358491,0.7576853526220615,0.8264299802761341,0.853122310285752,0.9335518238867784,0.863890899654727,0.11932324131789848,0.17357001972386588,0.8264299802761341,0.8806767586821015,0.8448284734133791,0.865335013522188,0,0.9462550145108786
CCE[CAR-FDH],10,0.8638036809815951,0.8535533694791178,0.7905660377358491,0.7576853526220615,0.8264299802761341,0.853122310285752,0.9335518238867784,0.863890899654727,0.11932324131789848,0.17357001972386588,0.8264299802761341,0.8806767586821015,0.8448284734133791,0.865335013522188,0,0.9485133944916243
CCE[CAR-FDH],10,0.8638036809815951,0.8535533694791178,0.7905660377358491,0.7576853526220615,0.8264299802761341,0.853122310285752,0.9335518238867784,0.863890899654727,0.11932324131789848,0.17357001972386588,0.8264299802761341,0.8806767586821015,0.8448284734133791,0.865335013522188,0,0.9325094755902384
CCE[CAR-FDH],10,0.8638036809815951,0.8535533694791178,0.7905660377358491,0.7576853526220615,0.8264299802761341,0.853122310285752,0.9335518238867784,0.863890899654727,0.11932324131789848,0.17357001972386588,0.8264299802761341,0.8806767586821015,0.8448284734133791,0.865335013522188,0,0.9313125675854015
CCE[CAR-FDH],15,0.8625766871165644,0.8510400255725278,0.7878787878787878,0.7577413479052824,0.8205128205128205,0.8504923367542657,0.9333445740048932,0.8639165803907874,0.11843276936776491,0.1794871794871795,0.8205128205128205,0.8815672306322351,0.8431226970246934,0.8640001498062135,0,0.9462550145108786
CCE[CAR-FDH],15,0.8625766871165644,0.8510400255725278,0.7878787878787878,0.7577413479052824,0.8205128205128205,0.8504923367542657,0.9333445740048932,0.8639165803907874,0.11843276936776491,0.1794871794871795,0.8205128205128205,0.8815672306322351,0.8431226970246934,0.8640001498062135,0,0.9485133944916243
CCE[CAR-FDH],15,0.8625766871165644,0.8510400255725278,0.7878787878787878,0.7577413479052824,0.8205128205128205,0.8504923367542657,0.9333445740048932,0.8639165803907874,0.11843276936776491,0.1794871794871795,0.8205128205128205,0.8815672306322351,0.8431226970246934,0.8640001498062135,0,0.9325094755902384
CCE[CAR-FDH],15,0.8625766871165644,0.8510400255725278,0.7878787878787878,0.7577413479052824,0.8205128205128205,0.8504923367542657,0.9333445740048932,0.8639165803907874,0.11843276936776491,0.1794871794871795,0.8205128205128205,0.8815672306322351,0.8431226970246934,0.8640001498062135,0,0.9313125675854015
CCE[CAR-FDH],20,0.8638036809815951,0.8508485828850236,0.7885714285714286,0.7624309392265194,0.8165680473372781,0.8501577241194793,0.9334868387543228,0.8637687168858841,0.11487088156723063,0.1834319526627219,0.8165680473372781,0.8851291184327693,0.8440594699418229,0.8650291837357879,0,0.9462550145108786
CCE[CAR-FDH],20,0.8638036809815951,0.8508485828850236,0.7885714285714286,0.7624309392265194,0.8165680473372781,0.8501577241194793,0.9334868387543228,0.8637687168858841,0.11487088156723063,0.1834319526627219,0.8165680473372781,0.8851291184327693,0.8440594699418229,0.8650291837357879,0,0.9485133944916243
CCE[CAR-FDH],20,0.8638036809815951,0.8508485828850236,0.7885714285714286,0.7624309392265194,0.8165680473372781,0.8501577241194793,0.9334868387543228,0.8637687168858841,0.11487088156723063,0.1834319526627219,0.8165680473372781,0.8851291184327693,0.8440594699418229,0.8650291837357879,0,0.9325094755902384
CCE[CAR-FDH],20,0.8638036809815951,0.8508485828850236,0.7885714285714286,0.7624309392265194,0.8165680473372781,0.8501577241194793,0.9334868387543228,0.8637687168858841,0.11487088156723063,0.1834319526627219,0.8165680473372781,0.8851291184327693,0.8440594699418229,0.8650291837357879,0,0.9313125675854015
CCE[CAR-DEA],5,0.8674846625766871,0.8610934011988879,0.7985074626865671,0.7575221238938054,0.8441814595660749,0.8609273092535032,0.9340681922365599,0.8645239779353905,0.1219946571682992,0.15581854043392504,0.8441814595660749,0.8780053428317008,0.8498935850909983,0.8693131258278877,0,1.0
CCE[CAR-DEA],5,0.8674846625766871,0.8610934011988879,0.7985074626865671,0.7575221238938054,0.8441814595660749,0.8609273092535032,0.9340681922365599,0.8645239779353905,0.1219946571682992,0.15581854043392504,0.8441814595660749,0.8780053428317008,0.8498935850909983,0.8693131258278877,0,0.9297305431795567
CCE[CAR-DEA],5,0.8674846625766871,0.8610934011988879,0.7985074626865671,0.7575221238938054,0.8441814595660749,0.8609273092535032,0.9340681922365599,0.8645239779353905,0.1219946571682992,0.15581854043392504,0.8441814595660749,0.8780053428317008,0.8498935850909983,0.8693131258278877,0,0.9375114294662593
CCE[CAR-DEA],5,0.8674846625766871,0.8610934011988879,0.7985074626865671,0.7575221238938054,0.8441814595660749,0.8609273092535032,0.9340681922365599,0.8645239779353905,0.1219946571682992,0.15581854043392504,0.8441814595660749,0.8780053428317008,0.8498935850909983,0.8693131258278877,0,0.9369061504944258
CCE[CAR-DEA],10,0.8619631901840491,0.850594789597461,0.7871333964049196,0.7563636363636363,0.8205128205128205,0.8500626866451318,0.9338451351602937,0.8637772492366197,0.11932324131789848,0.1794871794871795,0.8205128205128205,0.8806767586821015,0.8424999710122647,0.8634237808025251,0,1.0
CCE[CAR-DEA],10,0.8619631901840491,0.850594789597461,0.7871333964049196,0.7563636363636363,0.8205128205128205,0.8500626866451318,0.9338451351602937,0.8637772492366197,0.11932324131789848,0.1794871794871795,0.8205128205128205,0.8806767586821015,0.8424999710122647,0.8634237808025251,0,0.9297305431795567
CCE[CAR-DEA],10,0.8619631901840491,0.850594789597461,0.7871333964049196,0.7563636363636363,0.8205128205128205,0.8500626866451318,0.9338451351602937,0.8637772492366197,0.11932324131789848,0.1794871794871795,0.8205128205128205,0.8806767586821015,0.8424999710122647,0.8634237808025251,0,0.9375114294662593
CCE[CAR-DEA],10,0.8619631901840491,0.850594789597461,0.7871333964049196,0.7563636363636363,0.8205128205128205,0.8500626866451318,0.9338451351602937,0.8637772492366197,0.11932324131789848,0.1794871794871795,0.8205128205128205,0.8806767586821015,0.8424999710122647,0.8634237808025251,0,0.9369061504944258
CCE[CAR-DEA],15,0.8644171779141104,0.8518347761789093,0.7897240723120837,0.7628676470588235,0.8185404339250493,0.8511838653790703,0.933709895830589,0.8638476991644728,0.11487088156723063,0.1814595660749507,0.8185404339250493,0.8851291184327693,0.8448394014797178,0.8656682620731303,0,1.0
CCE[CAR-DEA],15,0.8644171779141104,0.8518347761789093,0.7897240723120837,0.7628676470588235,0.8185404339250493,0.8511838653790703,0.933709895830589,0.8638476991644728,0.11487088156723063,0.1814595660749507,0.8185404339250493,0.8851291184327693,0.8448394014797178,0.8656682620731303,0,0.9297305431795567
CCE[CAR-DEA],15,0.8644171779141104,0.8518347761789093,0.7897240723120837,0.7628676470588235,0.8185404339250493,0.8511838653790703,0.933709895830589,0.8638476991644728,0.11487088156723063,0.1814595660749507,0.8185404339250493,0.8851291184327693,0.8448394014797178,0.8656682620731303,0,0.9375114294662593
CCE[CAR-DEA],15,0.8644171779141104,0.8518347761789093,0.7897240723120837,0.7628676470588235,0.8185404339250493,0.8511838653790703,0.933709895830589,0.8638476991644728,0.11487088156723063,0.1814595660749507,0.8185404339250493,0.8851291184327693,0.8448394014797178,0.8656682620731303,0,0.9369061504944258
CCE[CAR-DEA],20,0.8650306748466258,0.8517390548351573,0.7900763358778626,0.7652495378927912,0.8165680473372781,0.8510125837865566,0.9336624742474458,0.8640880888125809,0.11308993766696349,0.1834319526627219,0.8165680473372781,0.8869100623330365,0.8453094156785335,0.8661827758976827,0,1.0
CCE[CAR-DEA],20,0.8650306748466258,0.8517390548351573,0.7900763358778626,0.7652495378927912,0.8165680473372781,0.8510125837865566,0.9336624742474458,0.8640880888125809,0.11308993766696349,0.1834319526627219,0.8165680473372781,0.8869100623330365,0.8453094156785335,0.8661827758976827,0,0.9297305431795567
CCE[CAR-DEA],20,0.8650306748466258,0.8517390548351573,0.7900763358778626,0.7652495378927912,0.8165680473372781,0.8510125837865566,0.9336624742474458,0.8640880888125809,0.11308993766696349,0.1834319526627219,0.8165680473372781,0.8869100623330365,0.8453094156785335,0.8661827758976827,0,0.9375114294662593
CCE[CAR-DEA],20,0.8650306748466258,0.8517390548351573,0.7900763358778626,0.7652495378927912,0.8165680473372781,0.8510125837865566,0.9336624742474458,0.8640880888125809,0.11308993766696349,0.1834319526627219,0.8165680473372781,0.8869100623330365,0.8453094156785335,0.8661827758976827,0,0.9369061504944258
CCE[FDH],5,0.8662576687116564,0.8466789962782839,0.787109375,0.7794970986460348,0.7948717948717948,0.845092501813399,0.9327930785564871,0.862882824674622,0.10151380231522707,0.20512820512820512,0.7948717948717948,0.8984861976847729,0.844806923635957,0.8666116414026745,0,0.9059853880117807
CCE[FDH],5,0.8662576687116564,0.8466789962782839,0.787109375,0.7794970986460348,0.7948717948717948,0.845092501813399,0.9327930785564871,0.862882824674622,0.10151380231522707,0.20512820512820512,0.7948717948717948,0.8984861976847729,0.844806923635957,0.8666116414026745,0,0.9524371149800077
CCE[FDH],5,0.8662576687116564,0.8466789962782839,0.787109375,0.7794970986460348,0.7948717948717948,0.845092501813399,0.9327930785564871,0.862882824674622,0.10151380231522707,0.20512820512820512,0.7948717948717948,0.8984861976847729,0.844806923635957,0.8666116414026745,0,0.9162558071986684
CCE[FDH],5,0.8662576687116564,0.8466789962782839,0.787109375,0.7794970986460348,0.7948717948717948,0.845092501813399,0.9327930785564871,0.862882824674622,0.10151380231522707,0.20512820512820512,0.7948717948717948,0.8984861976847729,0.844806923635957,0.8666116414026745,0,0.9413444767257308
CCE[FDH],10,0.8668711656441718,0.8541566773979953,0.7931363203050524,0.7675276752767528,0.8205128205128205,0.8534938315169436,0.9327755150071746,0.8618000607972739,0.11219946571682991,0.1794871794871795,0.8205128205128205,0.8878005342831701,0.8474953424229921,0.8680383839105079,0,0.9059853880117807
CCE[FDH],10,0.8668711656441718,0.8541566773979953,0.7931363203050524,0.7675276752767528,0.8205128205128205,0.8534938315169436,0.9327755150071746,0.8618000607972739,0.11219946571682991,0.1794871794871795,0.8205128205128205,0.8878005342831701,0.8474953424229921,0.8680383839105079,0,0.9524371149800077
CCE[FDH],10,0.8668711656441718,0.8541566773979953,0.7931363203050524,0.7675276752767528,0.8205128205128205,0.8534938315169436,0.9327755150071746,0.8618000607972739,0.11219946571682991,0.1794871794871795,0.8205128205128205,0.8878005342831701,0.8474953424229921,0.8680383839105079,0,0.9162558071986684
CCE[FDH],10,0.8668711656441718,0.8541566773979953,0.7931363203050524,0.7675276752767528,0.8205128205128205,0.8534938315169436,0.9327755150071746,0.8618000607972739,0.11219946571682991,0.1794871794871795,0.8205128205128205,0.8878005342831701,0.8474953424229921,0.8680383839105079,0,0.9413444767257308
CCE[FDH],15,0.8656441717791411,0.8483975895784923,0.7879961277831559,0.7737642585551331,0.8027613412228797,0.8471692881818963,0.932624468483089,0.8617821228331054,0.10596616206589493,0.19723865877712032,0.8027613412228797,0.8940338379341051,0.8448287778565533,0.8663066382523893,0,0.9059853880117807
CCE[FDH],15,0.8656441717791411,0.8483975895784923,0.7879961277831559,0.7737642585551331,0.8027613412228797,0.8471692881818963,0.932624468483089,0.8617821228331054,0.10596616206589493,0.19723865877712032,0.8027613412228797,0.8940338379341051,0.8448287778565533,0.8663066382523893,0,0.9524371149800077
CCE[FDH],15,0.8656441717791411,0.8483975895784923,0.7879961277831559,0.7737642585551331,0.8027613412228797,0.8471692881818963,0.932624468483089,0.8617821228331054,0.10596616206589493,0.19723865877712032,0.8027613412228797,0.8940338379341051,0.8448287778565533,0.8663066382523893,0,0.9162558071986684
CCE[FDH],15,0.8656441717791411,0.8483975895784923,0.7879961277831559,0.7737642585551331,0.8027613412228797,0.8471692881818963,0.932624468483089,0.8617821228331054,0.10596616206589493,0.19723865877712032,0.8027613412228797,0.8940338379341051,0.8448287778565533,0.8663066382523893,0,0.9413444767257308
CCE[FDH],20,0.8674846625766871,0.8524380840977868,0.7923076923076923,0.7729831144465291,0.8126232741617357,0.8515077616381789,0.9335483111769158,0.8636007023258039,0.10774710596616206,0.1873767258382643,0.8126232741617357,0.8922528940338379,0.8475051975051975,0.8683651135798375,0,0.9059853880117807
CCE[FDH],20,0.8674846625766871,0.8524380840977868,0.7923076923076923,0.7729831144465291,0.8126232741617357,0.8515077616381789,0.9335483111769158,0.8636007023258039,0.10774710596616206,0.1873767258382643,0.8126232741617357,0.8922528940338379,0.8475051975051975,0.8683651135798375,0,0.9524371149800077
CCE[FDH],20,0.8674846625766871,0.8524380840977868,0.7923076923076923,0.7729831144465291,0.8126232741617357,0.8515077616381789,0.9335483111769158,0.8636007023258039,0.10774710596616206,0.1873767258382643,0.8126232741617357,0.8922528940338379,0.8475051975051975,0.8683651135798375,0,0.9162558071986684
CCE[FDH],20,0.8674846625766871,0.8524380840977868,0.7923076923076923,0.7729831144465291,0.8126232741617357,0.8515077616381789,0.9335483111769158,0.8636007023258039,0.10774710596616206,0.1873767258382643,0.8126232741617357,0.8922528940338379,0.8475051975051975,0.8683651135798375,0,0.9413444767257308
CCE[DEA],5,0.8644171779141104,0.8399337151648953,0.7805362462760675,0.786,0.7751479289940828,0.8374314585570173,0.9330073538580971,0.8628296968538672,0.09528049866429207,0.22485207100591717,0.7751479289940828,0.9047195013357079,0.8412224063160187,0.864156562502896,0,0.8678066300253744
CCE[DEA],5,0.8644171779141104,0.8399337151648953,0.7805362462760675,0.786,0.7751479289940828,0.8374314585570173,0.9330073538580971,0.8628296968538672,0.09528049866429207,0.22485207100591717,0.7751479289940828,0.9047195013357079,0.8412224063160187,0.864156562502896,0,0.9379061432471957
CCE[DEA],5,0.8644171779141104,0.8399337151648953,0.7805362462760675,0.786,0.7751479289940828,0.8374314585570173,0.9330073538580971,0.8628296968538672,0.09528049866429207,0.22485207100591717,0.7751479289940828,0.9047195013357079,0.8412224063160187,0.864156562502896,0,0.9395161401324648
CCE[DEA],5,0.8644171779141104,0.8399337151648953,0.7805362462760675,0.786,0.7751479289940828,0.8374314585570173,0.9330073538580971,0.8628296968538672,0.09528049866429207,0.22485207100591717,0.7751479289940828,0.9047195013357079,0.8412224063160187,0.864156562502896,0,0.9283336951047779
CCE[DEA],10,0.8674846625766871,0.851897126778968,0.791907514450867,0.7740112994350282,0.8106508875739645,0.8508980328839083,0.933794200867288,0.8637604290106083,0.10685663401602849,0.1893491124260355,0.8106508875739645,0.8931433659839715,0.847348896739385,0.8683009774079291,0,0.8678066300253744
CCE[DEA],10,0.8674846625766871,0.851897126778968,0.791907514450867,0.7740112994350282,0.8106508875739645,0.8508980328839083,0.933794200867288,0.8637604290106083,0.10685663401602849,0.1893491124260355,0.8106508875739645,0.8931433659839715,0.847348896739385,0.8683009774079291,0,0.9379061432471957
CCE[DEA],10,0.8674846625766871,0.851897126778968,0.791907514450867,0.7740112994350282,0.8106508875739645,0.8508980328839083,0.933794200867288,0.8637604290106083,0.10685663401602849,0.1893491124260355,0.8106508875739645,0.8931433659839715,0.847348896739385,0.8683009774079291,0,0.9395161401324648
CCE[DEA],10,0.8674846625766871,0.851897126778968,0.791907514450867,0.7740112994350282,0.8106508875739645,0.8508980328839083,0.933794200867288,0.8637604290106083,0.10685663401602849,0.1893491124260355,0.8106508875739645,0.8931433659839715,0.847348896739385,0.8683009774079291,0,0.9283336951047779
CCE[DEA],15,0.8693251533742331,0.8521509200665307,0.7934044616876819,0.7805343511450382,0.8067061143984221,0.850938282255548,0.9337538047038698,0.8637135097317765,0.10240427426536064,0.1932938856015779,0.8067061143984221,0.8975957257346393,0.8489229576271518,0.8699041806324974,0,0.8678066300253744
CCE[DEA],15,0.8693251533742331,0.8521509200665307,0.7934044616876819,0.7805343511450382,0.8067061143984221,0.850938282255548,0.9337538047038698,0.8637135097317765,0.10240427426536064,0.1932938856015779,0.8067061143984221,0.8975957257346393,0.8489229576271518,0.8699041806324974,0,0.9379061432471957
CCE[DEA],15,0.8693251533742331,0.8521509200665307,0.7934044616876819,0.7805343511450382,0.8067061143984221,0.850938282255548,0.9337538047038698,0.8637135097317765,0.10240427426536064,0.1932938856015779,0.8067061143984221,0.8975957257346393,0.8489229576271518,0.8699041806324974,0,0.9395161401324648
CCE[DEA],15,0.8693251533742331,0.8521509200665307,0.7934044616876819,0.7805343511450382,0.8067061143984221,0.850938282255548,0.9337538047038698,0.8637135097317765,0.10240427426536064,0.1932938856015779,0.8067061143984221,0.8975957257346393,0.8489229576271518,0.8699041806324974,0,0.9283336951047779
CCE[DEA],20,0.8668711656441718,0.8503699761662635,0.7903381642512077,0.7746212121212122,0.8067061143984221,0.8492482343464309,0.9336291035037525,0.8637668621483308,0.10596616206589493,0.1932938856015779,0.8067061143984221,0.8940338379341051,0.8464050371817836,0.8675934995899031,0,0.8678066300253744
CCE[DEA],20,0.8668711656441718,0.8503699761662635,0.7903381642512077,0.7746212121212122,0.8067061143984221,0.8492482343464309,0.9336291035037525,0.8637668621483308,0.10596616206589493,0.1932938856015779,0.8067061143984221,0.8940338379341051,0.8464050371817836,0.8675934995899031,0,0.9379061432471957
CCE[DEA],20,0.8668711656441718,0.8503699761662635,0.7903381642512077,0.7746212121212122,0.8067061143984221,0.8492482343464309,0.9336291035037525,0.8637668621483308,0.10596616206589493,0.1932938856015779,0.8067061143984221,0.8940338379341051,0.8464050371817836,0.8675934995899031,0,0.9395161401324648
CCE[DEA],20,0.8668711656441718,0.8503699761662635,0.7903381642512077,0.7746212121212122,0.8067061143984221,0.8492482343464309,0.9336291035037525,0.8637668621483308,0.10596616206589493,0.1932938856015779,0.8067061143984221,0.8940338379341051,0.8464050371817836,0.8675934995899031,0,0.9283336951047779
CCE[CAR-FDH],5,0.8521472392638036,0.8413071847211172,0.7737089201877935,0.7383512544802867,0.8126232741617357,0.8408180613773668,0.9202869532686643,0.8298463562421071,0.13000890471950133,0.1873767258382643,0.8126232741617357,0.8699910952804987,0.8319569657886576,0.8539697241261621,1,1.0
CCE[CAR-FDH],5,0.8521472392638036,0.8413071847211172,0.7737089201877935,0.7383512544802867,0.8126232741617357,0.8408180613773668,0.9202869532686643,0.8298463562421071,0.13000890471950133,0.1873767258382643,0.8126232741617357,0.8699910952804987,0.8319569657886576,0.8539697241261621,1,0.9910604902294284
CCE[CAR-FDH],5,0.8521472392638036,0.8413071847211172,0.7737089201877935,0.7383512544802867,0.8126232741617357,0.8408180613773668,0.9202869532686643,0.8298463562421071,0.13000890471950133,0.1873767258382643,0.8126232741617357,0.8699910952804987,0.8319569657886576,0.8539697241261621,1,0.9999999240891292
CCE[CAR-FDH],5,0.8521472392638036,0.8413071847211172,0.7737089201877935,0.7383512544802867,0.8126232741617357,0.8408180613773668,0.9202869532686643,0.8298463562421071,0.13000890471950133,0.1873767258382643,0.8126232741617357,0.8699910952804987,0.8319569657886576,0.8539697241261621,1,0.9895832632114309
CCE[CAR-FDH],10,0.850920245398773,0.8398757554521648,0.7718309859154929,0.7365591397849462,0.8106508875739645,0.8393671376065698,0.9198206410344227,0.8282716665989567,0.13089937666963491,0.1893491124260355,0.8106508875739645,0.8691006233303651,0.8305624177869037,0.8527578546168355,1,1.0
CCE[CAR-FDH],10,0.850920245398773,0.8398757554521648,0.7718309859154929,0.7365591397849462,0.8106508875739645,0.8393671376065698,0.9198206410344227,0.8282716665989567,0.13089937666963491,0.1893491124260355,0.8106508875739645,0.8691006233303651,0.8305624177869037,0.8527578546168355,1,0.9910604902294284
CCE[CAR-FDH],10,0.850920245398773,0.8398757554521648,0.7718309859154929,0.7365591397849462,0.8106508875739645,0.8393671376065698,0.9198206410344227,0.8282716665989567,0.13089937666963491,0.1893491124260355,0.8106508875739645,0.8691006233303651,0.8305624177869037,0.8527578546168355,1,0.9999999240891292
CCE[CAR-FDH],10,0.850920245398773,0.8398757554521648,0.7718309859154929,0.7365591397849462,0.8106508875739645,0.8393671376065698,0.9198206410344227,0.8282716665989567,0.13089937666963491,0.1893491124260355,0.8106508875739645,0.8691006233303651,0.8305624177869037,0.8527578546168355,1,0.9895832632114309
CCE[CAR-FDH],15,0.849079754601227,0.8390810048457833,0.7700934579439253,0.7317939609236235,0.8126232741617357,0.8386637712337762,0.9202228463136745,0.8289889307366565,0.13446126447016918,0.1873767258382643,0.8126232741617357,0.8655387355298308,0.8288823454103188,0.8510994955203179,1,1.0
CCE[CAR-FDH],15,0.849079754601227,0.8390810048457833,0.7700934579439253,0.7317939609236235,0.8126232741617357,0.8386637712337762,0.9202228463136745,0.8289889307366565,0.13446126447016918,0.1873767258382643,0.8126232741617357,0.8655387355298308,0.8288823454103188,0.8510994955203179,1,0.9910604902294284
CCE[CAR-FDH],15,0.849079754601227,0.8390810048457833,0.7700934579439253,0.7317939609236235,0.8126232741617357,0.8386637712337762,0.9202228463136745,0.8289889307366565,0.13446126447016918,0.1873767258382643,0.8126232741617357,0.8655387355298308,0.8288823454103188,0.8510994955203179,1,0.9999999240891292
CCE[CAR-FDH],15,0.849079754601227,0.8390810048457833,0.7700934579439253,0.7317939609236235,0.8126232741617357,0.8386637712337762,0.9202228463136745,0.8289889307366565,0.13446126447016918,0.1873767258382643,0.8126232741617357,0.8655387355298308,0.8288823454103188,0.8510994955203179,1,0.9895832632114309
CCE[CAR-FDH],20,0.8484662576687116,0.8380948115518977,0.7689429373246024,0.7313167259786477,0.8106508875739645,0.837645357049691,0.9201789374403937,0.8289882056507344,0.13446126447016918,0.1893491124260355,0.8106508875739645,0.8655387355298308,0.8281045129343231,0.8504625071524752,1,1.0
CCE[CAR-FDH],20,0.8484662576687116,0.8380948115518977,0.7689429373246024,0.7313167259786477,0.8106508875739645,0.837645357049691,0.9201789374403937,0.8289882056507344,0.13446126447016918,0.1893491124260355,0.8106508875739645,0.8655387355298308,0.8281045129343231,0.8504625071524752,1,0.9910604902294284
CCE[CAR-FDH],20,0.8484662576687116,0.8380948115518977,0.7689429373246024,0.7313167259786477,0.8106508875739645,0.837645357049691,0.9201789374403937,0.8289882056507344,0.13446126447016918,0.1893491124260355,0.8106508875739645,0.8655387355298308,0.8281045129343231,0.8504625071524752,1,0.9999999240891292
CCE[CAR-FDH],20,0.8484662576687116,0.8380948115518977,0.7689429373246024,0.7313167259786477,0.8106508875739645,0.837645357049691,0.9201789374403937,0.8289882056507344,0.13446126447016918,0.1893491124260355,0.8106508875739645,0.8655387355298308,0.8281045129343231,0.8504625071524752,1,0.9895832632114309
CCE[CAR-DEA],5,0.8478527607361963,0.8408953194897437,0.7707948243992606,0.7252173913043478,0.8224852071005917,0.840693764757166,0.9200120837219269,0.8277264997966026,0.14069456812110417,0.17751479289940827,0.8224852071005917,0.8593054318788959,0.8284644461757552,0.8502586099882218,1,1.0
CCE[CAR-DEA],5,0.8478527607361963,0.8408953194897437,0.7707948243992606,0.7252173913043478,0.8224852071005917,0.840693764757166,0.9200120837219269,0.8277264997966026,0.14069456812110417,0.17751479289940827,0.8224852071005917,0.8593054318788959,0.8284644461757552,0.8502586099882218,1,1.0
CCE[CAR-DEA],5,0.8478527607361963,0.8408953194897437,0.7707948243992606,0.7252173913043478,0.8224852071005917,0.840693764757166,0.9200120837219269,0.8277264997966026,0.14069456812110417,0.17751479289940827,0.8224852071005917,0.8593054318788959,0.8284644461757552,0.8502586099882218,1,1.0
CCE[CAR-DEA],5,0.8478527607361963,0.8408953194897437,0.7707948243992606,0.7252173913043478,0.8224852071005917,0.840693764757166,0.9200120837219269,0.8277264997966026,0.14069456812110417,0.17751479289940827,0.8224852071005917,0.8593054318788959,0.8284644461757552,0.8502586099882218,1,1.0
CCE[CAR-DEA],10,0.8447852760736196,0.8359643530203158,0.7650882079851439,0.7228070175438597,0.8126232741617357,0.8356384347062985,0.920310664060236,0.8283185803165857,0.14069456812110417,0.1873767258382643,0.8126232741617357,0.8593054318788959,0.8245963257058107,0.8470852830775473,1,1.0
CCE[CAR-DEA],10,0.8447852760736196,0.8359643530203158,0.7650882079851439,0.7228070175438597,0.8126232741617357,0.8356384347062985,0.920310664060236,0.8283185803165857,0.14069456812110417,0.1873767258382643,0.8126232741617357,0.8593054318788959,0.8245963257058107,0.8470852830775473,1,1.0
CCE[CAR-DEA],10,0.8447852760736196,0.8359643530203158,0.7650882079851439,0.7228070175438597,0.8126232741617357,0.8356384347062985,0.920310664060236,0.8283185803165857,0.14069456812110417,0.1873767258382643,0.8126232741617357,0.8593054318788959,0.8245963257058107,0.8470852830775473,1,1.0
CCE[CAR-DEA],10,0.8447852760736196,0.8359643530203158,0.7650882079851439,0.7228070175438597,0.8126232741617357,0.8356384347062985,0.920310664060236,0.8283185803165857,0.14069456812110417,0.1873767258382643,0.8126232741617357,0.8593054318788959,0.8245963257058107,0.8470852830775473,1,1.0
CCE[CAR-DEA],15,0.8484662576687116,0.8391767261895353,0.7698042870456664,0.7296819787985865,0.814595660749507,0.8388166361011323,0.9202913441559925,0.8294285961173259,0.13624220837043632,0.1854043392504931,0.814595660749507,0.8637577916295637,0.8284320932256224,0.8505883684445505,1,1.0
CCE[CAR-DEA],15,0.8484662576687116,0.8391767261895353,0.7698042870456664,0.7296819787985865,0.814595660749507,0.8388166361011323,0.9202913441559925,0.8294285961173259,0.13624220837043632,0.1854043392504931,0.814595660749507,0.8637577916295637,0.8284320932256224,0.8505883684445505,1,1.0
CCE[CAR-DEA],15,0.8484662576687116,0.8391767261895353,0.7698042870456664,0.7296819787985865,0.814595660749507,0.8388166361011323,0.9202913441559925,0.8294285961173259,0.13624220837043632,0.1854043392504931,0.814595660749507,0.8637577916295637,0.8284320932256224,0.8505883684445505,1,1.0
CCE[CAR-DEA],15,0.8484662576687116,0.8391767261895353,0.7698042870456664,0.7296819787985865,0.814595660749507,0.8388166361011323,0.9202913441559925,0.8294285961173259,0.13624220837043632,0.1854043392504931,0.814595660749507,0.8637577916295637,0.8284320932256224,0.8505883684445505,1,1.0
CCE[CAR-DEA],20,0.849079754601227,0.8396219621646022,0.7705223880597015,0.7309734513274336,0.814595660749507,0.8392489044297986,0.920043698110689,0.8289092280479787,0.13535173642030277,0.1854043392504931,0.814595660749507,0.8646482635796973,0.8290454719091926,0.8511621710817611,1,1.0
CCE[CAR-DEA],20,0.849079754601227,0.8396219621646022,0.7705223880597015,0.7309734513274336,0.814595660749507,0.8392489044297986,0.920043698110689,0.8289092280479787,0.13535173642030277,0.1854043392504931,0.814595660749507,0.8646482635796973,0.8290454719091926,0.8511621710817611,1,1.0
CCE[CAR-DEA],20,0.849079754601227,0.8396219621646022,0.7705223880597015,0.7309734513274336,0.814595660749507,0.8392489044297986,0.920043698110689,0.8289092280479787,0.13535173642030277,0.1854043392504931,0.814595660749507,0.8646482635796973,0.8290454719091926,0.8511621710817611,1,1.0
CCE[CAR-DEA],20,0.849079754601227,0.8396219621646022,0.7705223880597015,0.7309734513274336,0.814595660749507,0.8392489044297986,0.920043698110689,0.8289092280479787,0.13535173642030277,0.1854043392504931,0.814595660749507,0.8646482635796973,0.8290454719091926,0.8511621710817611,1,1.0
CCE[FDH],5,0.8582822085889571,0.8371042273706839,0.7741935483870968,0.7674418604651163,0.7810650887573964,0.835226377951122,0.9201280031473882,0.829110616288032,0.10685663401602849,0.21893491124260356,0.7810650887573964,0.8931433659839715,0.835465124662927,0.8586205179058175,1,0.9585913929071112
CCE[FDH],5,0.8582822085889571,0.8371042273706839,0.7741935483870968,0.7674418604651163,0.7810650887573964,0.835226377951122,0.9201280031473882,0.829110616288032,0.10685663401602849,0.21893491124260356,0.7810650887573964,0.8931433659839715,0.835465124662927,0.8586205179058175,1,0.9909162704038695
CCE[FDH],5,0.8582822085889571,0.8371042273706839,0.7741935483870968,0.7674418604651163,0.7810650887573964,0.835226377951122,0.9201280031473882,0.829110616288032,0.10685663401602849,0.21893491124260356,0.7810650887573964,0.8931433659839715,0.835465124662927,0.8586205179058175,1,1.0
CCE[FDH],5,0.8582822085889571,0.8371042273706839,0.7741935483870968,0.7674418604651163,0.7810650887573964,0.835226377951122,0.9201280031473882,0.829110616288032,0.10685663401602849,0.21893491124260356,0.7810650887573964,0.8931433659839715,0.835465124662927,0.8586205179058175,1,1.0
CCE[FDH],10,0.8588957055214724,0.8424180792151201,0.7788461538461539,0.7598499061913696,0.7988165680473372,0.8412889684361599,0.9201613738910813,0.8271840327120429,0.11398040961709706,0.20118343195266272,0.7988165680473372,0.8860195903829029,0.837621275121275,0.8598332227933455,1,0.9585913929071112
CCE[FDH],10,0.8588957055214724,0.8424180792151201,0.7788461538461539,0.7598499061913696,0.7988165680473372,0.8412889684361599,0.9201613738910813,0.8271840327120429,0.11398040961709706,0.20118343195266272,0.7988165680473372,0.8860195903829029,0.837621275121275,0.8598332227933455,1,0.9909162704038695
CCE[FDH],10,0.8588957055214724,0.8424180792151201,0.7788461538461539,0.7598499061913696,0.7988165680473372,0.8412889684361599,0.9201613738910813,0.8271840327120429,0.11398040961709706,0.20118343195266272,0.7988165680473372,0.8860195903829029,0.837621275121275,0.8598332227933455,1,1.0
CCE[FDH],10,0.8588957055214724,0.8424180792151201,0.7788461538461539,0.7598499061913696,0.7988165680473372,0.8412889684361599,0.9201613738910813,0.8271840327120429,0.11398040961709706,0.20118343195266272,0.7988165680473372,0.8860195903829029,0.837621275121275,0.8598332227933455,1,1.0
CCE[FDH],15,0.8601226993865031,0.8438495084840725,0.7807692307692308,0.7617260787992496,0.8007889546351085,0.8427501300332331,0.9202017700544997,0.8267238915001717,0.11308993766696349,0.1992110453648915,0.8007889546351085,0.8869100623330365,0.8390332640332641,0.8610520643342731,1,0.9585913929071112
CCE[FDH],15,0.8601226993865031,0.8438495084840725,0.7807692307692308,0.7617260787992496,0.8007889546351085,0.8427501300332331,0.9202017700544997,0.8267238915001717,0.11308993766696349,0.1992110453648915,0.8007889546351085,0.8869100623330365,0.8390332640332641,0.8610520643342731,1,0.9909162704038695
CCE[FDH],15,0.8601226993865031,0.8438495084840725,0.7807692307692308,0.7617260787992496,0.8007889546351085,0.8427501300332331,0.9202017700544997,0.8267238915001717,0.11308993766696349,0.1992110453648915,0.8007889546351085,0.8869100623330365,0.8390332640332641,0.8610520643342731,1,1.0
CCE[FDH],15,0.8601226993865031,0.8438495084840725,0.7807692307692308,0.7617260787992496,0.8007889546351085,0.8427501300332331,0.9202017700544997,0.8267238915001717,0.11308993766696349,0.1992110453648915,0.8007889546351085,0.8869100623330365,0.8390332640332641,0.8610520643342731,1,1.0
CCE[FDH],20,0.8564417177914111,0.8428009645901282,0.7775665399239544,0.7504587155963303,0.8067061143984221,0.8420276882049004,0.9203370093842044,0.826413020774271,0.12110418521816563,0.1932938856015779,0.8067061143984221,0.8788958147818343,0.8357941395271946,0.8577991710336952,1,0.9585913929071112
CCE[FDH],20,0.8564417177914111,0.8428009645901282,0.7775665399239544,0.7504587155963303,0.8067061143984221,0.8420276882049004,0.9203370093842044,0.826413020774271,0.12110418521816563,0.1932938856015779,0.8067061143984221,0.8788958147818343,0.8357941395271946,0.8577991710336952,1,0.9909162704038695
CCE[FDH],20,0.8564417177914111,0.8428009645901282,0.7775665399239544,0.7504587155963303,0.8067061143984221,0.8420276882049004,0.9203370093842044,0.826413020774271,0.12110418521816563,0.1932938856015779,0.8067061143984221,0.8788958147818343,0.8357941395271946,0.8577991710336952,1,1.0
CCE[FDH],20,0.8564417177914111,0.8428009645901282,0.7775665399239544,0.7504587155963303,0.8067061143984221,0.8420276882049004,0.9203370093842044,0.826413020774271,0.12110418521816563,0.1932938856015779,0.8067061143984221,0.8788958147818343,0.8357941395271946,0.8577991710336952,1,1.0
CCE[DEA],5,0.8601226993865031,0.8411447218899784,0.7786407766990291,0.7667304015296367,0.7909270216962525,0.8396443447976186,0.919418435755171,0.8241040153048669,0.10863757791629564,0.20907297830374755,0.7909270216962525,0.8913624220837043,0.8381993121163307,0.8607073230470411,1,0.9829732496432048
CCE[DEA],5,0.8601226993865031,0.8411447218899784,0.7786407766990291,0.7667304015296367,0.7909270216962525,0.8396443447976186,0.919418435755171,0.8241040153048669,0.10863757791629564,0.20907297830374755,0.7909270216962525,0.8913624220837043,0.8381993121163307,0.8607073230470411,1,1.0
CCE[DEA],5,0.8601226993865031,0.8411447218899784,0.7786407766990291,0.7667304015296367,0.7909270216962525,0.8396443447976186,0.919418435755171,0.8241040153048669,0.10863757791629564,0.20907297830374755,0.7909270216962525,0.8913624220837043,0.8381993121163307,0.8607073230470411,1,1.0
CCE[DEA],5,0.8601226993865031,0.8411447218899784,0.7786407766990291,0.7667304015296367,0.7909270216962525,0.8396443447976186,0.919418435755171,0.8241040153048669,0.10863757791629564,0.20907297830374755,0.7909270216962525,0.8913624220837043,0.8381993121163307,0.8607073230470411,1,1.0
CCE[DEA],10,0.8558282208588958,0.8434376432526991,0.7776726584673604,0.7472727272727273,0.8106508875739645,0.8428001463619536,0.9205512846858145,0.8269861804873904,0.12377560106856635,0.1893491124260355,0.8106508875739645,0.8762243989314337,0.8354999697239208,0.8573537266159706,1,0.9829732496432048
CCE[DEA],10,0.8558282208588958,0.8434376432526991,0.7776726584673604,0.7472727272727273,0.8106508875739645,0.8428001463619536,0.9205512846858145,0.8269861804873904,0.12377560106856635,0.1893491124260355,0.8106508875739645,0.8762243989314337,0.8354999697239208,0.8573537266159706,1,1.0
CCE[DEA],10,0.8558282208588958,0.8434376432526991,0.7776726584673604,0.7472727272727273,0.8106508875739645,0.8428001463619536,0.9205512846858145,0.8269861804873904,0.12377560106856635,0.1893491124260355,0.8106508875739645,0.8762243989314337,0.8354999697239208,0.8573537266159706,1,1.0
CCE[DEA],10,0.8558282208588958,0.8434376432526991,0.7776726584673604,0.7472727272727273,0.8106508875739645,0.8428001463619536,0.9205512846858145,0.8269861804873904,0.12377560106856635,0.1893491124260355,0.8106508875739645,0.8762243989314337,0.8354999697239208,0.8573537266159706,1,1.0
CCE[DEA],15,0.8564417177914111,0.8428009645901282,0.7775665399239544,0.7504587155963303,0.8067061143984221,0.8420276882049004,0.9202298717333992,0.8271015303982967,0.12110418521816563,0.1932938856015779,0.8067061143984221,0.8788958147818343,0.8357941395271946,0.8577991710336952,1,0.9829732496432048
CCE[DEA],15,0.8564417177914111,0.8428009645901282,0.7775665399239544,0.7504587155963303,0.8067061143984221,0.8420276882049004,0.9202298717333992,0.8271015303982967,0.12110418521816563,0.1932938856015779,0.8067061143984221,0.8788958147818343,0.8357941395271946,0.8577991710336952,1,1.0
CCE[DEA],15,0.8564417177914111,0.8428009645901282,0.7775665399239544,0.7504587155963303,0.8067061143984221,0.8420276882049004,0.9202298717333992,0.8271015303982967,0.12110418521816563,0.1932938856015779,0.8067061143984221,0.8788958147818343,0.8357941395271946,0.8577991710336952,1,1.0
CCE[DEA],15,0.8564417177914111,0.8428009645901282,0.7775665399239544,0.7504587155963303,0.8067061143984221,0.8420276882049004,0.9202298717333992,0.8271015303982967,0.12110418521816563,0.1932938856015779,0.8067061143984221,0.8788958147818343,0.8357941395271946,0.8577991710336952,1,1.0
CCE[DEA],20,0.8564417177914111,0.8428009645901282,0.7775665399239544,0.7504587155963303,0.8067061143984221,0.8420276882049004,0.9201648866009439,0.8275761521336078,0.12110418521816563,0.1932938856015779,0.8067061143984221,0.8788958147818343,0.8357941395271946,0.8577991710336952,1,0.9829732496432048
CCE[DEA],20,0.8564417177914111,0.8428009645901282,0.7775665399239544,0.7504587155963303,0.8067061143984221,0.8420276882049004,0.9201648866009439,0.8275761521336078,0.12110418521816563,0.1932938856015779,0.8067061143984221,0.8788958147818343,0.8357941395271946,0.8577991710336952,1,1.0
CCE[DEA],20,0.8564417177914111,0.8428009645901282,0.7775665399239544,0.7504587155963303,0.8067061143984221,0.8420276882049004,0.9201648866009439,0.8275761521336078,0.12110418521816563,0.1932938856015779,0.8067061143984221,0.8788958147818343,0.8357941395271946,0.8577991710336952,1,1.0
CCE[DEA],20,0.8564417177914111,0.8428009645901282,0.7775665399239544,0.7504587155963303,0.8067061143984221,0.8420276882049004,0.9201648866009439,0.8275761521336078,0.12110418521816563,0.1932938856015779,0.8067061143984221,0.8788958147818343,0.8357941395271946,0.8577991710336952,1,1.0
CCE[CAR-FDH],5,0.847239263803681,0.8399091261958582,0.7696577243293247,0.7247386759581882,0.8205128205128205,0.8396851336024356,0.9220933643154343,0.8361596414271594,0.14069456812110417,0.1794871794871795,0.8205128205128205,0.8593054318788959,0.8276925611091323,0.8496247448246914,2,1.0
CCE[CAR-FDH],5,0.847239263803681,0.8399091261958582,0.7696577243293247,0.7247386759581882,0.8205128205128205,0.8396851336024356,0.9220933643154343,0.8361596414271594,0.14069456812110417,0.1794871794871795,0.8205128205128205,0.8593054318788959,0.8276925611091323,0.8496247448246914,2,1.0
CCE[CAR-FDH],5,0.847239263803681,0.8399091261958582,0.7696577243293247,0.7247386759581882,0.8205128205128205,0.8396851336024356,0.9220933643154343,0.8361596414271594,0.14069456812110417,0.1794871794871795,0.8205128205128205,0.8593054318788959,0.8276925611091323,0.8496247448246914,2,0.9999999548911815
CCE[CAR-FDH],5,0.847239263803681,0.8399091261958582,0.7696577243293247,0.7247386759581882,0.8205128205128205,0.8396851336024356,0.9220933643154343,0.8361596414271594,0.14069456812110417,0.1794871794871795,0.8205128205128205,0.8593054318788959,0.8276925611091323,0.8496247448246914,2,1.0
CCE[CAR-FDH],10,0.847239263803681,0.8393681688770394,0.7692307692307693,0.7255244755244755,0.8185404339250493,0.8391097236838361,0.9223480357804626,0.8356756744709867,0.13980409617097062,0.1814595660749507,0.8185404339250493,0.8601959038290294,0.8275314781504604,0.8495641386992515,2,1.0
CCE[CAR-FDH],10,0.847239263803681,0.8393681688770394,0.7692307692307693,0.7255244755244755,0.8185404339250493,0.8391097236838361,0.9223480357804626,0.8356756744709867,0.13980409617097062,0.1814595660749507,0.8185404339250493,0.8601959038290294,0.8275314781504604,0.8495641386992515,2,1.0
CCE[CAR-FDH],10,0.847239263803681,0.8393681688770394,0.7692307692307693,0.7255244755244755,0.8185404339250493,0.8391097236838361,0.9223480357804626,0.8356756744709867,0.13980409617097062,0.1814595660749507,0.8185404339250493,0.8601959038290294,0.8275314781504604,0.8495641386992515,2,0.9999999548911815
CCE[CAR-FDH],10,0.847239263803681,0.8393681688770394,0.7692307692307693,0.7255244755244755,0.8185404339250493,0.8391097236838361,0.9223480357804626,0.8356756744709867,0.13980409617097062,0.1814595660749507,0.8185404339250493,0.8601959038290294,0.8275314781504604,0.8495641386992515,2,1.0
CCE[CAR-FDH],15,0.847239263803681,0.837745296920583,0.7679403541472507,0.7279151943462897,0.8126232741617357,0.8373685368373113,0.9224297062847648,0.835914708237073,0.1371326803205699,0.1873767258382643,0.8126232741617357,0.8628673196794301,0.827042879405587,0.8493785576627251,2,1.0
CCE[CAR-FDH],15,0.847239263803681,0.837745296920583,0.7679403541472507,0.7279151943462897,0.8126232741617357,0.8373685368373113,0.9224297062847648,0.835914708237073,0.1371326803205699,0.1873767258382643,0.8126232741617357,0.8628673196794301,0.827042879405587,0.8493785576627251,2,1.0
CCE[CAR-FDH],15,0.847239263803681,0.837745296920583,0.7679403541472507,0.7279151943462897,0.8126232741617357,0.8373685368373113,0.9224297062847648,0.835914708237073,0.1371326803205699,0.1873767258382643,0.8126232741617357,0.8628673196794301,0.827042879405587,0.8493785576627251,2,0.9999999548911815
CCE[CAR-FDH],15,0.847239263803681,0.837745296920583,0.7679403541472507,0.7279151943462897,0.8126232741617357,0.8373685368373113,0.9224297062847648,0.835914708237073,0.1371326803205699,0.1873767258382643,0.8126232741617357,0.8628673196794301,0.827042879405587,0.8493785576627251,2,1.0
CCE[CAR-FDH],20,0.849079754601227,0.8390810048457833,0.7700934579439253,0.7317939609236235,0.8126232741617357,0.8386637712337762,0.9224297062847648,0.8360876102175353,0.13446126447016918,0.1873767258382643,0.8126232741617357,0.8655387355298308,0.8288823454103188,0.8510994955203179,2,1.0
CCE[CAR-FDH],20,0.849079754601227,0.8390810048457833,0.7700934579439253,0.7317939609236235,0.8126232741617357,0.8386637712337762,0.9224297062847648,0.8360876102175353,0.13446126447016918,0.1873767258382643,0.8126232741617357,0.8655387355298308,0.8288823454103188,0.8510994955203179,2,1.0
CCE[CAR-FDH],20,0.849079754601227,0.8390810048457833,0.7700934579439253,0.7317939609236235,0.8126232741617357,0.8386637712337762,0.9224297062847648,0.8360876102175353,0.13446126447016918,0.1873767258382643,0.8126232741617357,0.8655387355298308,0.8288823454103188,0.8510994955203179,2,0.9999999548911815
CCE[CAR-FDH],20,0.849079754601227,0.8390810048457833,0.7700934579439253,0.7317939609236235,0.8126232741617357,0.8386637712337762,0.9224297062847648,0.8360876102175353,0.13446126447016918,0.1873767258382643,0.8126232741617357,0.8655387355298308,0.8288823454103188,0.8510994955203179,2,1.0
CCE[CAR-DEA],5,0.845398773006135,0.8364095889953826,0.7657992565055762,0.7240773286467487,0.8126232741617357,0.8360712958773668,0.922269877986023,0.8363692587079471,0.13980409617097062,0.1873767258382643,0.8126232741617357,0.8601959038290294,0.8252073205604804,0.8476584662401252,2,0.9819146868484186
CCE[CAR-DEA],5,0.845398773006135,0.8364095889953826,0.7657992565055762,0.7240773286467487,0.8126232741617357,0.8360712958773668,0.922269877986023,0.8363692587079471,0.13980409617097062,0.1873767258382643,0.8126232741617357,0.8601959038290294,0.8252073205604804,0.8476584662401252,2,0.9999999691766333
CCE[CAR-DEA],5,0.845398773006135,0.8364095889953826,0.7657992565055762,0.7240773286467487,0.8126232741617357,0.8360712958773668,0.922269877986023,0.8363692587079471,0.13980409617097062,0.1873767258382643,0.8126232741617357,0.8601959038290294,0.8252073205604804,0.8476584662401252,2,0.9966588000240726
CCE[CAR-DEA],5,0.845398773006135,0.8364095889953826,0.7657992565055762,0.7240773286467487,0.8126232741617357,0.8360712958773668,0.922269877986023,0.8363692587079471,0.13980409617097062,0.1873767258382643,0.8126232741617357,0.8601959038290294,0.8252073205604804,0.8476584662401252,2,1.0
CCE[CAR-DEA],10,0.8478527607361963,0.8381905328956497,0.7686567164179104,0.7292035398230089,0.8126232741617357,0.8378005041277585,0.9223550612001874,0.8362359682375053,0.13624220837043632,0.1873767258382643,0.8126232741617357,0.8637577916295637,0.8276555976970722,0.8499521074320193,2,0.9819146868484186
CCE[CAR-DEA],10,0.8478527607361963,0.8381905328956497,0.7686567164179104,0.7292035398230089,0.8126232741617357,0.8378005041277585,0.9223550612001874,0.8362359682375053,0.13624220837043632,0.1873767258382643,0.8126232741617357,0.8637577916295637,0.8276555976970722,0.8499521074320193,2,0.9999999691766333
CCE[CAR-DEA],10,0.8478527607361963,0.8381905328956497,0.7686567164179104,0.7292035398230089,0.8126232741617357,0.8378005041277585,0.9223550612001874,0.8362359682375053,0.13624220837043632,0.1873767258382643,0.8126232741617357,0.8637577916295637,0.8276555976970722,0.8499521074320193,2,0.9966588000240726
CCE[CAR-DEA],10,0.8478527607361963,0.8381905328956497,0.7686567164179104,0.7292035398230089,0.8126232741617357,0.8378005041277585,0.9223550612001874,0.8362359682375053,0.13624220837043632,0.1873767258382643,0.8126232741617357,0.8637577916295637,0.8276555976970722,0.8499521074320193,2,1.0
CCE[CAR-DEA],15,0.8484662576687116,0.8380948115518977,0.7689429373246024,0.7313167259786477,0.8106508875739645,0.837645357049691,0.9224340971720929,0.8359100617632697,0.13446126447016918,0.1893491124260355,0.8106508875739645,0.8655387355298308,0.8281045129343231,0.8504625071524752,2,0.9819146868484186
CCE[CAR-DEA],15,0.8484662576687116,0.8380948115518977,0.7689429373246024,0.7313167259786477,0.8106508875739645,0.837645357049691,0.9224340971720929,0.8359100617632697,0.13446126447016918,0.1893491124260355,0.8106508875739645,0.8655387355298308,0.8281045129343231,0.8504625071524752,2,0.9999999691766333
CCE[CAR-DEA],15,0.8484662576687116,0.8380948115518977,0.7689429373246024,0.7313167259786477,0.8106508875739645,0.837645357049691,0.9224340971720929,0.8359100617632697,0.13446126447016918,0.1893491124260355,0.8106508875739645,0.8655387355298308,0.8281045129343231,0.8504625071524752,2,0.9966588000240726
CCE[CAR-DEA],15,0.8484662576687116,0.8380948115518977,0.7689429373246024,0.7313167259786477,0.8106508875739645,0.837645357049691,0.9224340971720929,0.8359100617632697,0.13446126447016918,0.1893491124260355,0.8106508875739645,0.8655387355298308,0.8281045129343231,0.8504625071524752,2,1.0
CCE[CAR-DEA],20,0.8484662576687116,0.8386357688707164,0.76937441643324,0.7304964539007093,0.8126232741617357,0.8382322488119823,0.9224507825439396,0.8363598184676804,0.13535173642030277,0.1873767258382643,0.8126232741617357,0.8646482635796973,0.8282687523006766,0.8505257528493521,2,0.9819146868484186
CCE[CAR-DEA],20,0.8484662576687116,0.8386357688707164,0.76937441643324,0.7304964539007093,0.8126232741617357,0.8382322488119823,0.9224507825439396,0.8363598184676804,0.13535173642030277,0.1873767258382643,0.8126232741617357,0.8646482635796973,0.8282687523006766,0.8505257528493521,2,0.9999999691766333
CCE[CAR-DEA],20,0.8484662576687116,0.8386357688707164,0.76937441643324,0.7304964539007093,0.8126232741617357,0.8382322488119823,0.9224507825439396,0.8363598184676804,0.13535173642030277,0.1873767258382643,0.8126232741617357,0.8646482635796973,0.8282687523006766,0.8505257528493521,2,0.9966588000240726
CCE[CAR-DEA],20,0.8484662576687116,0.8386357688707164,0.76937441643324,0.7304964539007093,0.8126232741617357,0.8382322488119823,0.9224507825439396,0.8363598184676804,0.13535173642030277,0.1873767258382643,0.8126232741617357,0.8646482635796973,0.8282687523006766,0.8505257528493521,2,1.0
CCE[FDH],5,0.843558282208589,0.8372377103454575,0.765409383624655,0.7172413793103448,0.8205128205128205,0.8370706431864579,0.9217403369742571,0.8358013878179982,0.1460373998219056,0.1794871794871795,0.8205128205128205,0.8539626001780944,0.8240300484621204,0.846183624866954,2,0.9999999064162832
CCE[FDH],5,0.843558282208589,0.8372377103454575,0.765409383624655,0.7172413793103448,0.8205128205128205,0.8370706431864579,0.9217403369742571,0.8358013878179982,0.1460373998219056,0.1794871794871795,0.8205128205128205,0.8539626001780944,0.8240300484621204,0.846183624866954,2,1.0
CCE[FDH],5,0.843558282208589,0.8372377103454575,0.765409383624655,0.7172413793103448,0.8205128205128205,0.8370706431864579,0.9217403369742571,0.8358013878179982,0.1460373998219056,0.1794871794871795,0.8205128205128205,0.8539626001780944,0.8240300484621204,0.846183624866954,2,1.0
CCE[FDH],5,0.843558282208589,0.8372377103454575,0.765409383624655,0.7172413793103448,0.8205128205128205,0.8370706431864579,0.9217403369742571,0.8358013878179982,0.1460373998219056,0.1794871794871795,0.8205128205128205,0.8539626001780944,0.8240300484621204,0.846183624866954,2,0.976441805663122
CCE[FDH],10,0.8484662576687116,0.8337671530013471,0.7654320987654321,0.7380952380952381,0.7948717948717948,0.8328594218353693,0.9225210367411889,0.8372848765642738,0.12733748886910062,0.20512820512820512,0.7948717948717948,0.8726625111308994,0.8267577349287061,0.8499335581658698,2,0.9999999064162832
CCE[FDH],10,0.8484662576687116,0.8337671530013471,0.7654320987654321,0.7380952380952381,0.7948717948717948,0.8328594218353693,0.9225210367411889,0.8372848765642738,0.12733748886910062,0.20512820512820512,0.7948717948717948,0.8726625111308994,0.8267577349287061,0.8499335581658698,2,1.0
CCE[FDH],10,0.8484662576687116,0.8337671530013471,0.7654320987654321,0.7380952380952381,0.7948717948717948,0.8328594218353693,0.9225210367411889,0.8372848765642738,0.12733748886910062,0.20512820512820512,0.7948717948717948,0.8726625111308994,0.8267577349287061,0.8499335581658698,2,1.0
CCE[FDH],10,0.8484662576687116,0.8337671530013471,0.7654320987654321,0.7380952380952381,0.7948717948717948,0.8328594218353693,0.9225210367411889,0.8372848765642738,0.12733748886910062,0.20512820512820512,0.7948717948717948,0.8726625111308994,0.8267577349287061,0.8499335581658698,2,0.976441805663122
CCE[FDH],15,0.8496932515337423,0.836821454226756,0.7686496694995278,0.7373188405797102,0.8027613412228797,0.83612801349814,0.9224859096425642,0.8359182699380683,0.12911843276936777,0.19723865877712032,0.8027613412228797,0.8708815672306323,0.8286683149860201,0.8513502080042283,2,0.9999999064162832
CCE[FDH],15,0.8496932515337423,0.836821454226756,0.7686496694995278,0.7373188405797102,0.8027613412228797,0.83612801349814,0.9224859096425642,0.8359182699380683,0.12911843276936777,0.19723865877712032,0.8027613412228797,0.8708815672306323,0.8286683149860201,0.8513502080042283,2,1.0
CCE[FDH],15,0.8496932515337423,0.836821454226756,0.7686496694995278,0.7373188405797102,0.8027613412228797,0.83612801349814,0.9224859096425642,0.8359182699380683,0.12911843276936777,0.19723865877712032,0.8027613412228797,0.8708815672306323,0.8286683149860201,0.8513502080042283,2,1.0
CCE[FDH],15,0.8496932515337423,0.836821454226756,0.7686496694995278,0.7373188405797102,0.8027613412228797,0.83612801349814,0.9224859096425642,0.8359182699380683,0.12911843276936777,0.19723865877712032,0.8027613412228797,0.8708815672306323,0.8286683149860201,0.8513502080042283,2,0.976441805663122
CCE[FDH],20,0.8496932515337423,0.8351985822702994,0.7673314339981007,0.73992673992674,0.796844181459566,0.8343174526310521,0.922392822831209,0.8353354287096357,0.12644701691896706,0.20315581854043394,0.796844181459566,0.8735529830810329,0.8281605063058015,0.8511486710552149,2,0.9999999064162832
CCE[FDH],20,0.8496932515337423,0.8351985822702994,0.7673314339981007,0.73992673992674,0.796844181459566,0.8343174526310521,0.922392822831209,0.8353354287096357,0.12644701691896706,0.20315581854043394,0.796844181459566,0.8735529830810329,0.8281605063058015,0.8511486710552149,2,1.0
CCE[FDH],20,0.8496932515337423,0.8351985822702994,0.7673314339981007,0.73992673992674,0.796844181459566,0.8343174526310521,0.922392822831209,0.8353354287096357,0.12644701691896706,0.20315581854043394,0.796844181459566,0.8735529830810329,0.8281605063058015,0.8511486710552149,2,1.0
CCE[FDH],20,0.8496932515337423,0.8351985822702994,0.7673314339981007,0.73992673992674,0.796844181459566,0.8343174526310521,0.922392822831209,0.8353354287096357,0.12644701691896706,0.20315581854043394,0.796844181459566,0.8735529830810329,0.8281605063058015,0.8511486710552149,2,0.976441805663122
CCE[DEA],5,0.849079754601227,0.8325895170199575,0.7648183556405354,0.7421150278293135,0.7889546351084813,0.8314453084431337,0.9221442986084402,0.8427918832823378,0.12377560106856635,0.21104536489151873,0.7889546351084813,0.8762243989314337,0.826853622264712,0.8502976248662415,2,0.9595087881457867
CCE[DEA],5,0.849079754601227,0.8325895170199575,0.7648183556405354,0.7421150278293135,0.7889546351084813,0.8314453084431337,0.9221442986084402,0.8427918832823378,0.12377560106856635,0.21104536489151873,0.7889546351084813,0.8762243989314337,0.826853622264712,0.8502976248662415,2,0.954698629585856
CCE[DEA],5,0.849079754601227,0.8325895170199575,0.7648183556405354,0.7421150278293135,0.7889546351084813,0.8314453084431337,0.9221442986084402,0.8427918832823378,0.12377560106856635,0.21104536489151873,0.7889546351084813,0.8762243989314337,0.826853622264712,0.8502976248662415,2,1.0
CCE[DEA],5,0.849079754601227,0.8325895170199575,0.7648183556405354,0.7421150278293135,0.7889546351084813,0.8314453084431337,0.9221442986084402,0.8427918832823378,0.12377560106856635,0.21104536489151873,0.7889546351084813,0.8762243989314337,0.826853622264712,0.8502976248662415,2,0.9639156957193462
CCE[DEA],10,0.8460122699386503,0.8314452517822613,0.762085308056872,0.7335766423357665,0.7928994082840237,0.8305512775622449,0.9224270717523682,0.8402885549815386,0.13000890471950133,0.20710059171597633,0.7928994082840237,0.8699910952804987,0.8241265542551934,0.8475728166221663,2,0.9595087881457867
CCE[DEA],10,0.8460122699386503,0.8314452517822613,0.762085308056872,0.7335766423357665,0.7928994082840237,0.8305512775622449,0.9224270717523682,0.8402885549815386,0.13000890471950133,0.20710059171597633,0.7928994082840237,0.8699910952804987,0.8241265542551934,0.8475728166221663,2,0.954698629585856
CCE[DEA],10,0.8460122699386503,0.8314452517822613,0.762085308056872,0.7335766423357665,0.7928994082840237,0.8305512775622449,0.9224270717523682,0.8402885549815386,0.13000890471950133,0.20710059171597633,0.7928994082840237,0.8699910952804987,0.8241265542551934,0.8475728166221663,2,1.0
CCE[DEA],10,0.8460122699386503,0.8314452517822613,0.762085308056872,0.7335766423357665,0.7928994082840237,0.8305512775622449,0.9224270717523682,0.8402885549815386,0.13000890471950133,0.20710059171597633,0.7928994082840237,0.8699910952804987,0.8241265542551934,0.8475728166221663,2,0.9639156957193462
CCE[DEA],15,0.8460122699386503,0.8281995078693483,0.7593480345158198,0.7388059701492538,0.7810650887573964,0.8268571650351767,0.9225552856623477,0.8379902541023905,0.1246660730186999,0.21893491124260356,0.7810650887573964,0.8753339269813001,0.8230659883900704,0.8471459022468424,2,0.9595087881457867
CCE[DEA],15,0.8460122699386503,0.8281995078693483,0.7593480345158198,0.7388059701492538,0.7810650887573964,0.8268571650351767,0.9225552856623477,0.8379902541023905,0.1246660730186999,0.21893491124260356,0.7810650887573964,0.8753339269813001,0.8230659883900704,0.8471459022468424,2,0.954698629585856
CCE[DEA],15,0.8460122699386503,0.8281995078693483,0.7593480345158198,0.7388059701492538,0.7810650887573964,0.8268571650351767,0.9225552856623477,0.8379902541023905,0.1246660730186999,0.21893491124260356,0.7810650887573964,0.8753339269813001,0.8230659883900704,0.8471459022468424,2,1.0
CCE[DEA],15,0.8460122699386503,0.8281995078693483,0.7593480345158198,0.7388059701492538,0.7810650887573964,0.8268571650351767,0.9225552856623477,0.8379902541023905,0.1246660730186999,0.21893491124260356,0.7810650887573964,0.8753339269813001,0.8230659883900704,0.8471459022468424,2,0.9639156957193462
CCE[DEA],20,0.847239263803681,0.8307128517759383,0.7621776504297995,0.7388888888888889,0.7869822485207101,0.8295610142989157,0.9224744933355111,0.8369567122593302,0.12555654496883348,0.21301775147928995,0.7869822485207101,0.8744434550311665,0.8248303525533542,0.8485076927423788,2,0.9595087881457867
CCE[DEA],20,0.847239263803681,0.8307128517759383,0.7621776504297995,0.7388888888888889,0.7869822485207101,0.8295610142989157,0.9224744933355111,0.8369567122593302,0.12555654496883348,0.21301775147928995,0.7869822485207101,0.8744434550311665,0.8248303525533542,0.8485076927423788,2,0.954698629585856
CCE[DEA],20,0.847239263803681,0.8307128517759383,0.7621776504297995,0.7388888888888889,0.7869822485207101,0.8295610142989157,0.9224744933355111,0.8369567122593302,0.12555654496883348,0.21301775147928995,0.7869822485207101,0.8744434550311665,0.8248303525533542,0.8485076927423788,2,1.0
CCE[DEA],20,0.847239263803681,0.8307128517759383,0.7621776504297995,0.7388888888888889,0.7869822485207101,0.8295610142989157,0.9224744933355111,0.8369567122593302,0.12555654496883348,0.21301775147928995,0.7869822485207101,0.8744434550311665,0.8248303525533542,0.8485076927423788,2,0.9639156957193462
CCE[CAR-FDH],5,0.8533742331288343,0.835706168845425,0.7699711260827719,0.7518796992481203,0.7889546351084813,0.8343974441113428,0.9235818751196517,0.8309041894457677,0.11754229741763135,0.21104536489151873,0.7889546351084813,0.8824577025823687,0.8311809705154967,0.8543130344238148,3,0.9293101547702837
CCE[CAR-FDH],5,0.8533742331288343,0.835706168845425,0.7699711260827719,0.7518796992481203,0.7889546351084813,0.8343974441113428,0.9235818751196517,0.8309041894457677,0.11754229741763135,0.21104536489151873,0.7889546351084813,0.8824577025823687,0.8311809705154967,0.8543130344238148,3,1.0
CCE[CAR-FDH],5,0.8533742331288343,0.835706168845425,0.7699711260827719,0.7518796992481203,0.7889546351084813,0.8343974441113428,0.9235818751196517,0.8309041894457677,0.11754229741763135,0.21104536489151873,0.7889546351084813,0.8824577025823687,0.8311809705154967,0.8543130344238148,3,1.0
CCE[CAR-FDH],5,0.8533742331288343,0.835706168845425,0.7699711260827719,0.7518796992481203,0.7889546351084813,0.8343974441113428,0.9235818751196517,0.8309041894457677,0.11754229741763135,0.21104536489151873,0.7889546351084813,0.8824577025823687,0.8311809705154967,0.8543130344238148,3,1.0
CCE[CAR-FDH],10,0.8533742331288343,0.8465253152218013,0.7784986098239111,0.7342657342657343,0.8284023668639053,0.8463312992287282,0.9241843048610635,0.8300860497252917,0.13535173642030277,0.17159763313609466,0.8284023668639053,0.8646482635796973,0.8344579248110844,0.8556057395547032,3,0.9293101547702837
CCE[CAR-FDH],10,0.8533742331288343,0.8465253152218013,0.7784986098239111,0.7342657342657343,0.8284023668639053,0.8463312992287282,0.9241843048610635,0.8300860497252917,0.13535173642030277,0.17159763313609466,0.8284023668639053,0.8646482635796973,0.8344579248110844,0.8556057395547032,3,1.0
CCE[CAR-FDH],10,0.8533742331288343,0.8465253152218013,0.7784986098239111,0.7342657342657343,0.8284023668639053,0.8463312992287282,0.9241843048610635,0.8300860497252917,0.13535173642030277,0.17159763313609466,0.8284023668639053,0.8646482635796973,0.8344579248110844,0.8556057395547032,3,1.0
CCE[CAR-FDH],10,0.8533742331288343,0.8465253152218013,0.7784986098239111,0.7342657342657343,0.8284023668639053,0.8463312992287282,0.9241843048610635,0.8300860497252917,0.13535173642030277,0.17159763313609466,0.8284023668639053,0.8646482635796973,0.8344579248110844,0.8556057395547032,3,1.0
CCE[CAR-FDH],15,0.8539877300613496,0.8448067219215928,0.7775700934579439,0.738898756660746,0.8205128205128205,0.8444573427700468,0.9243230569006308,0.8307887680814958,0.13089937666963491,0.1794871794871795,0.8205128205128205,0.8691006233303651,0.834447147185593,0.8559417883489254,3,0.9293101547702837
CCE[CAR-FDH],15,0.8539877300613496,0.8448067219215928,0.7775700934579439,0.738898756660746,0.8205128205128205,0.8444573427700468,0.9243230569006308,0.8307887680814958,0.13089937666963491,0.1794871794871795,0.8205128205128205,0.8691006233303651,0.834447147185593,0.8559417883489254,3,1.0
CCE[CAR-FDH],15,0.8539877300613496,0.8448067219215928,0.7775700934579439,0.738898756660746,0.8205128205128205,0.8444573427700468,0.9243230569006308,0.8307887680814958,0.13089937666963491,0.1794871794871795,0.8205128205128205,0.8691006233303651,0.834447147185593,0.8559417883489254,3,1.0
CCE[CAR-FDH],15,0.8539877300613496,0.8448067219215928,0.7775700934579439,0.738898756660746,0.8205128205128205,0.8444573427700468,0.9243230569006308,0.8307887680814958,0.13089937666963491,0.1794871794871795,0.8205128205128205,0.8691006233303651,0.834447147185593,0.8559417883489254,3,1.0
CCE[CAR-FDH],20,0.8539877300613496,0.844265764602774,0.7771535580524345,0.7397504456327986,0.8185404339250493,0.8438737397512902,0.9243494022245992,0.830331033220565,0.13000890471950133,0.1814595660749507,0.8185404339250493,0.8699910952804987,0.834288457858334,0.8558805426929562,3,0.9293101547702837
CCE[CAR-FDH],20,0.8539877300613496,0.844265764602774,0.7771535580524345,0.7397504456327986,0.8185404339250493,0.8438737397512902,0.9243494022245992,0.830331033220565,0.13000890471950133,0.1814595660749507,0.8185404339250493,0.8699910952804987,0.834288457858334,0.8558805426929562,3,1.0
CCE[CAR-FDH],20,0.8539877300613496,0.844265764602774,0.7771535580524345,0.7397504456327986,0.8185404339250493,0.8438737397512902,0.9243494022245992,0.830331033220565,0.13000890471950133,0.1814595660749507,0.8185404339250493,0.8699910952804987,0.834288457858334,0.8558805426929562,3,1.0
CCE[CAR-FDH],20,0.8539877300613496,0.844265764602774,0.7771535580524345,0.7397504456327986,0.8185404339250493,0.8438737397512902,0.9243494022245992,0.830331033220565,0.13000890471950133,0.1814595660749507,0.8185404339250493,0.8699910952804987,0.834288457858334,0.8558805426929562,3,1.0
CCE[CAR-DEA],5,0.8552147239263803,0.8473200658281828,0.7802607076350093,0.7389770723104057,0.8264299802761341,0.84706251143626,0.9237943940663305,0.8288680094486311,0.13178984861976847,0.17357001972386588,0.8264299802761341,0.8682101513802315,0.8361504819053363,0.8572720162308096,3,1.0
CCE[CAR-DEA],5,0.8552147239263803,0.8473200658281828,0.7802607076350093,0.7389770723104057,0.8264299802761341,0.84706251143626,0.9237943940663305,0.8288680094486311,0.13178984861976847,0.17357001972386588,0.8264299802761341,0.8682101513802315,0.8361504819053363,0.8572720162308096,3,0.9999999842364699
CCE[CAR-DEA],5,0.8552147239263803,0.8473200658281828,0.7802607076350093,0.7389770723104057,0.8264299802761341,0.84706251143626,0.9237943940663305,0.8288680094486311,0.13178984861976847,0.17357001972386588,0.8264299802761341,0.8682101513802315,0.8361504819053363,0.8572720162308096,3,0.9999999848336305
CCE[CAR-DEA],5,0.8552147239263803,0.8473200658281828,0.7802607076350093,0.7389770723104057,0.8264299802761341,0.84706251143626,0.9237943940663305,0.8288680094486311,0.13178984861976847,0.17357001972386588,0.8264299802761341,0.8682101513802315,0.8361504819053363,0.8572720162308096,3,1.0
CCE[CAR-DEA],10,0.854601226993865,0.8447110005778408,0.7778819119025304,0.7410714285714286,0.8185404339250493,0.8443054991756768,0.924256315413244,0.8302249447112273,0.12911843276936777,0.1814595660749507,0.8185404339250493,0.8708815672306323,0.834905388235807,0.8564553645678918,3,1.0
CCE[CAR-DEA],10,0.854601226993865,0.8447110005778408,0.7778819119025304,0.7410714285714286,0.8185404339250493,0.8443054991756768,0.924256315413244,0.8302249447112273,0.12911843276936777,0.1814595660749507,0.8185404339250493,0.8708815672306323,0.834905388235807,0.8564553645678918,3,0.9999999842364699
CCE[CAR-DEA],10,0.854601226993865,0.8447110005778408,0.7778819119025304,0.7410714285714286,0.8185404339250493,0.8443054991756768,0.924256315413244,0.8302249447112273,0.12911843276936777,0.1814595660749507,0.8185404339250493,0.8708815672306323,0.834905388235807,0.8564553645678918,3,0.9999999848336305
CCE[CAR-DEA],10,0.854601226993865,0.8447110005778408,0.7778819119025304,0.7410714285714286,0.8185404339250493,0.8443054991756768,0.924256315413244,0.8302249447112273,0.12911843276936777,0.1814595660749507,0.8185404339250493,0.8708815672306323,0.834905388235807,0.8564553645678918,3,1.0
CCE[CAR-DEA],15,0.854601226993865,0.8447110005778408,0.7778819119025304,0.7410714285714286,0.8185404339250493,0.8443054991756768,0.9243160314809057,0.8304267345968803,0.12911843276936777,0.1814595660749507,0.8185404339250493,0.8708815672306323,0.834905388235807,0.8564553645678918,3,1.0
CCE[CAR-DEA],15,0.854601226993865,0.8447110005778408,0.7778819119025304,0.7410714285714286,0.8185404339250493,0.8443054991756768,0.9243160314809057,0.8304267345968803,0.12911843276936777,0.1814595660749507,0.8185404339250493,0.8708815672306323,0.834905388235807,0.8564553645678918,3,0.9999999842364699
CCE[CAR-DEA],15,0.854601226993865,0.8447110005778408,0.7778819119025304,0.7410714285714286,0.8185404339250493,0.8443054991756768,0.9243160314809057,0.8304267345968803,0.12911843276936777,0.1814595660749507,0.8185404339250493,0.8708815672306323,0.834905388235807,0.8564553645678918,3,0.9999999848336305
CCE[CAR-DEA],15,0.854601226993865,0.8447110005778408,0.7778819119025304,0.7410714285714286,0.8185404339250493,0.8443054991756768,0.9243160314809057,0.8304267345968803,0.12911843276936777,0.1814595660749507,0.8185404339250493,0.8708815672306323,0.834905388235807,0.8564553645678918,3,1.0
CCE[CAR-DEA],20,0.8552147239263803,0.8451562365529075,0.7786116322701688,0.7423971377459749,0.8185404339250493,0.8447370379205289,0.9243248132555619,0.8303450770087473,0.12822796081923418,0.1814595660749507,0.8185404339250493,0.8717720391807658,0.83552277146781,0.857030294011213,3,1.0
CCE[CAR-DEA],20,0.8552147239263803,0.8451562365529075,0.7786116322701688,0.7423971377459749,0.8185404339250493,0.8447370379205289,0.9243248132555619,0.8303450770087473,0.12822796081923418,0.1814595660749507,0.8185404339250493,0.8717720391807658,0.83552277146781,0.857030294011213,3,0.9999999842364699
CCE[CAR-DEA],20,0.8552147239263803,0.8451562365529075,0.7786116322701688,0.7423971377459749,0.8185404339250493,0.8447370379205289,0.9243248132555619,0.8303450770087473,0.12822796081923418,0.1814595660749507,0.8185404339250493,0.8717720391807658,0.83552277146781,0.857030294011213,3,0.9999999848336305
CCE[CAR-DEA],20,0.8552147239263803,0.8451562365529075,0.7786116322701688,0.7423971377459749,0.8185404339250493,0.8447370379205289,0.9243248132555619,0.8303450770087473,0.12822796081923418,0.1814595660749507,0.8185404339250493,0.8717720391807658,0.83552277146781,0.857030294011213,3,1.0
CCE[FDH],5,0.8539877300613496,0.8350694901828541,0.769825918762089,0.7552182163187856,0.7850098619329389,0.8335676859462177,0.9204274616631627,0.8215610022490165,0.11487088156723063,0.21499013806706113,0.7850098619329389,0.8851291184327693,0.8314538398841891,0.8547439008726638,3,0.9257227243267176
CCE[FDH],5,0.8539877300613496,0.8350694901828541,0.769825918762089,0.7552182163187856,0.7850098619329389,0.8335676859462177,0.9204274616631627,0.8215610022490165,0.11487088156723063,0.21499013806706113,0.7850098619329389,0.8851291184327693,0.8314538398841891,0.8547439008726638,3,0.945790794405445
CCE[FDH],5,0.8539877300613496,0.8350694901828541,0.769825918762089,0.7552182163187856,0.7850098619329389,0.8335676859462177,0.9204274616631627,0.8215610022490165,0.11487088156723063,0.21499013806706113,0.7850098619329389,0.8851291184327693,0.8314538398841891,0.8547439008726638,3,0.9400479531365549
CCE[FDH],5,0.8539877300613496,0.8350694901828541,0.769825918762089,0.7552182163187856,0.7850098619329389,0.8335676859462177,0.9204274616631627,0.8215610022490165,0.11487088156723063,0.21499013806706113,0.7850098619329389,0.8851291184327693,0.8314538398841891,0.8547439008726638,3,0.9838449011911181
CCE[FDH],10,0.8558282208588958,0.8385690273833297,0.7738209817131858,0.7556390977443609,0.7928994082840237,0.8373244888201634,0.9220116938111321,0.825538441029217,0.1157613535173642,0.20710059171597633,0.7928994082840237,0.8842386464826358,0.8340063936031035,0.8567513099983116,3,0.9257227243267176
CCE[FDH],10,0.8558282208588958,0.8385690273833297,0.7738209817131858,0.7556390977443609,0.7928994082840237,0.8373244888201634,0.9220116938111321,0.825538441029217,0.1157613535173642,0.20710059171597633,0.7928994082840237,0.8842386464826358,0.8340063936031035,0.8567513099983116,3,0.945790794405445
CCE[FDH],10,0.8558282208588958,0.8385690273833297,0.7738209817131858,0.7556390977443609,0.7928994082840237,0.8373244888201634,0.9220116938111321,0.825538441029217,0.1157613535173642,0.20710059171597633,0.7928994082840237,0.8842386464826358,0.8340063936031035,0.8567513099983116,3,0.9400479531365549
CCE[FDH],10,0.8558282208588958,0.8385690273833297,0.7738209817131858,0.7556390977443609,0.7928994082840237,0.8373244888201634,0.9220116938111321,0.825538441029217,0.1157613535173642,0.20710059171597633,0.7928994082840237,0.8842386464826358,0.8340063936031035,0.8567513099983116,3,0.9838449011911181
CCE[FDH],15,0.8552147239263803,0.8375828340894442,0.7726396917148363,0.7551789077212806,0.7909270216962525,0.8362823919772774,0.9206944276127097,0.8220088331644728,0.1157613535173642,0.20907297830374755,0.7909270216962525,0.8842386464826358,0.833214535326365,0.856106623464219,3,0.9257227243267176
CCE[FDH],15,0.8552147239263803,0.8375828340894442,0.7726396917148363,0.7551789077212806,0.7909270216962525,0.8362823919772774,0.9206944276127097,0.8220088331644728,0.1157613535173642,0.20907297830374755,0.7909270216962525,0.8842386464826358,0.833214535326365,0.856106623464219,3,0.945790794405445
CCE[FDH],15,0.8552147239263803,0.8375828340894442,0.7726396917148363,0.7551789077212806,0.7909270216962525,0.8362823919772774,0.9206944276127097,0.8220088331644728,0.1157613535173642,0.20907297830374755,0.7909270216962525,0.8842386464826358,0.833214535326365,0.856106623464219,3,0.9400479531365549
CCE[FDH],15,0.8552147239263803,0.8375828340894442,0.7726396917148363,0.7551789077212806,0.7909270216962525,0.8362823919772774,0.9206944276127097,0.8220088331644728,0.1157613535173642,0.20907297830374755,0.7909270216962525,0.8842386464826358,0.833214535326365,0.856106623464219,3,0.9838449011911181
CCE[FDH],20,0.8564417177914111,0.8444238365465847,0.77882797731569,0.7477313974591652,0.8126232741617357,0.8438248277694018,0.9227397029301269,0.8265221609088258,0.12377560106856635,0.1873767258382643,0.8126232741617357,0.8762243989314337,0.836280473671469,0.8579925827237143,3,0.9257227243267176
CCE[FDH],20,0.8564417177914111,0.8444238365465847,0.77882797731569,0.7477313974591652,0.8126232741617357,0.8438248277694018,0.9227397029301269,0.8265221609088258,0.12377560106856635,0.1873767258382643,0.8126232741617357,0.8762243989314337,0.836280473671469,0.8579925827237143,3,0.945790794405445
CCE[FDH],20,0.8564417177914111,0.8444238365465847,0.77882797731569,0.7477313974591652,0.8126232741617357,0.8438248277694018,0.9227397029301269,0.8265221609088258,0.12377560106856635,0.1873767258382643,0.8126232741617357,0.8762243989314337,0.836280473671469,0.8579925827237143,3,0.9400479531365549
CCE[FDH],20,0.8564417177914111,0.8444238365465847,0.77882797731569,0.7477313974591652,0.8126232741617357,0.8438248277694018,0.9227397029301269,0.8265221609088258,0.12377560106856635,0.1873767258382643,0.8126232741617357,0.8762243989314337,0.836280473671469,0.8579925827237143,3,0.9838449011911181
CCE[DEA],5,0.8570552147239264,0.8362137554205504,0.7726829268292683,0.7644787644787645,0.7810650887573964,0.8343932342246169,0.9226035854229566,0.8285949331262259,0.10863757791629564,0.21893491124260356,0.7810650887573964,0.8913624220837043,0.834216183772576,0.8574704698321327,3,0.9321901814487238
CCE[DEA],5,0.8570552147239264,0.8362137554205504,0.7726829268292683,0.7644787644787645,0.7810650887573964,0.8343932342246169,0.9226035854229566,0.8285949331262259,0.10863757791629564,0.21893491124260356,0.7810650887573964,0.8913624220837043,0.834216183772576,0.8574704698321327,3,0.9935981733477487
CCE[DEA],5,0.8570552147239264,0.8362137554205504,0.7726829268292683,0.7644787644787645,0.7810650887573964,0.8343932342246169,0.9226035854229566,0.8285949331262259,0.10863757791629564,0.21893491124260356,0.7810650887573964,0.8913624220837043,0.834216183772576,0.8574704698321327,3,1.0
CCE[DEA],5,0.8570552147239264,0.8362137554205504,0.7726829268292683,0.7644787644787645,0.7810650887573964,0.8343932342246169,0.9226035854229566,0.8285949331262259,0.10863757791629564,0.21893491124260356,0.7810650887573964,0.8913624220837043,0.834216183772576,0.8574704698321327,3,1.0
CCE[DEA],10,0.8570552147239264,0.8459509871592891,0.7803958529688972,0.7472924187725631,0.8165680473372781,0.8454405452325975,0.9234633211617935,0.828748627683691,0.1246660730186999,0.1834319526627219,0.8165680473372781,0.8753339269813001,0.837219299835972,0.8586936822102776,3,0.9321901814487238
CCE[DEA],10,0.8570552147239264,0.8459509871592891,0.7803958529688972,0.7472924187725631,0.8165680473372781,0.8454405452325975,0.9234633211617935,0.828748627683691,0.1246660730186999,0.1834319526627219,0.8165680473372781,0.8753339269813001,0.837219299835972,0.8586936822102776,3,0.9935981733477487
CCE[DEA],10,0.8570552147239264,0.8459509871592891,0.7803958529688972,0.7472924187725631,0.8165680473372781,0.8454405452325975,0.9234633211617935,0.828748627683691,0.1246660730186999,0.1834319526627219,0.8165680473372781,0.8753339269813001,0.837219299835972,0.8586936822102776,3,1.0
CCE[DEA],10,0.8570552147239264,0.8459509871592891,0.7803958529688972,0.7472924187725631,0.8165680473372781,0.8454405452325975,0.9234633211617935,0.828748627683691,0.1246660730186999,0.1834319526627219,0.8165680473372781,0.8753339269813001,0.837219299835972,0.8586936822102776,3,1.0
CCE[DEA],15,0.8576687116564418,0.8469371804531747,0.7815442561205274,0.7477477477477478,0.8185404339250493,0.8464609928523528,0.9238426938269393,0.8295420436649232,0.1246660730186999,0.1814595660749507,0.8185404339250493,0.8753339269813001,0.8379968778327842,0.8593311201485818,3,0.9321901814487238
CCE[DEA],15,0.8576687116564418,0.8469371804531747,0.7815442561205274,0.7477477477477478,0.8185404339250493,0.8464609928523528,0.9238426938269393,0.8295420436649232,0.1246660730186999,0.1814595660749507,0.8185404339250493,0.8753339269813001,0.8379968778327842,0.8593311201485818,3,0.9935981733477487
CCE[DEA],15,0.8576687116564418,0.8469371804531747,0.7815442561205274,0.7477477477477478,0.8185404339250493,0.8464609928523528,0.9238426938269393,0.8295420436649232,0.1246660730186999,0.1814595660749507,0.8185404339250493,0.8753339269813001,0.8379968778327842,0.8593311201485818,3,1.0
CCE[DEA],15,0.8576687116564418,0.8469371804531747,0.7815442561205274,0.7477477477477478,0.8185404339250493,0.8464609928523528,0.9238426938269393,0.8295420436649232,0.1246660730186999,0.1814595660749507,0.8185404339250493,0.8753339269813001,0.8379968778327842,0.8593311201485818,3,1.0
CCE[DEA],20,0.8564417177914111,0.8455057511842223,0.7796610169491526,0.745945945945946,0.8165680473372781,0.8450104050138452,0.9240727763229304,0.8296362609764023,0.12555654496883348,0.1834319526627219,0.8165680473372781,0.8744434550311665,0.8366002991934116,0.858118457391242,3,0.9321901814487238
CCE[DEA],20,0.8564417177914111,0.8455057511842223,0.7796610169491526,0.745945945945946,0.8165680473372781,0.8450104050138452,0.9240727763229304,0.8296362609764023,0.12555654496883348,0.1834319526627219,0.8165680473372781,0.8744434550311665,0.8366002991934116,0.858118457391242,3,0.9935981733477487
CCE[DEA],20,0.8564417177914111,0.8455057511842223,0.7796610169491526,0.745945945945946,0.8165680473372781,0.8450104050138452,0.9240727763229304,0.8296362609764023,0.12555654496883348,0.1834319526627219,0.8165680473372781,0.8744434550311665,0.8366002991934116,0.858118457391242,3,1.0
CCE[DEA],20,0.8564417177914111,0.8455057511842223,0.7796610169491526,0.745945945945946,0.8165680473372781,0.8450104050138452,0.9240727763229304,0.8296362609764023,0.12555654496883348,0.1834319526627219,0.8165680473372781,0.8744434550311665,0.8366002991934116,0.858118457391242,3,1.0
CCE[CAR-FDH],5,0.8570552147239264,0.8421642859275573,0.7774594078319007,0.7537037037037037,0.8027613412228797,0.8412419939829875,0.9266317854577324,0.8434109341255903,0.11843276936776491,0.19723865877712032,0.8027613412228797,0.8815672306322351,0.8360862335137813,0.8582421381886516,4,0.9999999999999999
CCE[CAR-FDH],5,0.8570552147239264,0.8421642859275573,0.7774594078319007,0.7537037037037037,0.8027613412228797,0.8412419939829875,0.9266317854577324,0.8434109341255903,0.11843276936776491,0.19723865877712032,0.8027613412228797,0.8815672306322351,0.8360862335137813,0.8582421381886516,4,1.0
CCE[CAR-FDH],5,0.8570552147239264,0.8421642859275573,0.7774594078319007,0.7537037037037037,0.8027613412228797,0.8412419939829875,0.9266317854577324,0.8434109341255903,0.11843276936776491,0.19723865877712032,0.8027613412228797,0.8815672306322351,0.8360862335137813,0.8582421381886516,4,1.0
CCE[CAR-FDH],5,0.8570552147239264,0.8421642859275573,0.7774594078319007,0.7537037037037037,0.8027613412228797,0.8412419939829875,0.9266317854577324,0.8434109341255903,0.11843276936776491,0.19723865877712032,0.8027613412228797,0.8815672306322351,0.8360862335137813,0.8582421381886516,4,1.0
CCE[CAR-FDH],10,0.8533742331288343,0.8438205286277072,0.7764265668849392,0.7384341637010676,0.8185404339250493,0.8434417593084704,0.9263885302997571,0.8428105851561263,0.13089937666963491,0.1814595660749507,0.8185404339250493,0.8691006233303651,0.8336719781024422,0.8553058267588728,4,0.9999999999999999
CCE[CAR-FDH],10,0.8533742331288343,0.8438205286277072,0.7764265668849392,0.7384341637010676,0.8185404339250493,0.8434417593084704,0.9263885302997571,0.8428105851561263,0.13089937666963491,0.1814595660749507,0.8185404339250493,0.8691006233303651,0.8336719781024422,0.8553058267588728,4,1.0
CCE[CAR-FDH],10,0.8533742331288343,0.8438205286277072,0.7764265668849392,0.7384341637010676,0.8185404339250493,0.8434417593084704,0.9263885302997571,0.8428105851561263,0.13089937666963491,0.1814595660749507,0.8185404339250493,0.8691006233303651,0.8336719781024422,0.8553058267588728,4,1.0
CCE[CAR-FDH],10,0.8533742331288343,0.8438205286277072,0.7764265668849392,0.7384341637010676,0.8185404339250493,0.8434417593084704,0.9263885302997571,0.8428105851561263,0.13089937666963491,0.1814595660749507,0.8185404339250493,0.8691006233303651,0.8336719781024422,0.8553058267588728,4,1.0
CCE[CAR-FDH],15,0.850920245398773,0.8442034140027153,0.7752081406105458,0.7299651567944251,0.8264299802761341,0.8440162968020266,0.9267714156747653,0.843330950680779,0.13802315227070347,0.17357001972386588,0.8264299802761341,0.8619768477292965,0.8318445475884303,0.8532482449493978,4,0.9999999999999999
CCE[CAR-FDH],15,0.850920245398773,0.8442034140027153,0.7752081406105458,0.7299651567944251,0.8264299802761341,0.8440162968020266,0.9267714156747653,0.843330950680779,0.13802315227070347,0.17357001972386588,0.8264299802761341,0.8619768477292965,0.8318445475884303,0.8532482449493978,4,1.0
CCE[CAR-FDH],15,0.850920245398773,0.8442034140027153,0.7752081406105458,0.7299651567944251,0.8264299802761341,0.8440162968020266,0.9267714156747653,0.843330950680779,0.13802315227070347,0.17357001972386588,0.8264299802761341,0.8619768477292965,0.8318445475884303,0.8532482449493978,4,1.0
CCE[CAR-FDH],15,0.850920245398773,0.8442034140027153,0.7752081406105458,0.7299651567944251,0.8264299802761341,0.8440162968020266,0.9267714156747653,0.843330950680779,0.13802315227070347,0.17357001972386588,0.8264299802761341,0.8619768477292965,0.8318445475884303,0.8532482449493978,4,1.0
CCE[CAR-FDH],20,0.850920245398773,0.8431214993650777,0.7743732590529248,0.7315789473684211,0.8224852071005917,0.8428689139677602,0.9268241063227022,0.8436415548964683,0.13624220837043632,0.17751479289940827,0.8224852071005917,0.8637577916295637,0.8315292772589407,0.8531293430349564,4,0.9999999999999999
CCE[CAR-FDH],20,0.850920245398773,0.8431214993650777,0.7743732590529248,0.7315789473684211,0.8224852071005917,0.8428689139677602,0.9268241063227022,0.8436415548964683,0.13624220837043632,0.17751479289940827,0.8224852071005917,0.8637577916295637,0.8315292772589407,0.8531293430349564,4,1.0
CCE[CAR-FDH],20,0.850920245398773,0.8431214993650777,0.7743732590529248,0.7315789473684211,0.8224852071005917,0.8428689139677602,0.9268241063227022,0.8436415548964683,0.13624220837043632,0.17751479289940827,0.8224852071005917,0.8637577916295637,0.8315292772589407,0.8531293430349564,4,1.0
CCE[CAR-FDH],20,0.850920245398773,0.8431214993650777,0.7743732590529248,0.7315789473684211,0.8224852071005917,0.8428689139677602,0.9268241063227022,0.8436415548964683,0.13624220837043632,0.17751479289940827,0.8224852071005917,0.8637577916295637,0.8315292772589407,0.8531293430349564,4,1.0
CCE[CAR-DEA],5,0.849079754601227,0.8417857914398773,0.7722222222222223,0.7277486910994765,0.8224852071005917,0.8415644990814565,0.9261040008008978,0.8420411321657223,0.13891362422083706,0.17751479289940827,0.8224852071005917,0.8610863757791629,0.8296890927624873,0.8514066340218758,4,0.9847192799494981
CCE[CAR-DEA],5,0.849079754601227,0.8417857914398773,0.7722222222222223,0.7277486910994765,0.8224852071005917,0.8415644990814565,0.9261040008008978,0.8420411321657223,0.13891362422083706,0.17751479289940827,0.8224852071005917,0.8610863757791629,0.8296890927624873,0.8514066340218758,4,0.9780312170857477
CCE[CAR-DEA],5,0.849079754601227,0.8417857914398773,0.7722222222222223,0.7277486910994765,0.8224852071005917,0.8415644990814565,0.9261040008008978,0.8420411321657223,0.13891362422083706,0.17751479289940827,0.8224852071005917,0.8610863757791629,0.8296890927624873,0.8514066340218758,4,0.9741377642423518
CCE[CAR-DEA],5,0.849079754601227,0.8417857914398773,0.7722222222222223,0.7277486910994765,0.8224852071005917,0.8415644990814565,0.9261040008008978,0.8420411321657223,0.13891362422083706,0.17751479289940827,0.8224852071005917,0.8610863757791629,0.8296890927624873,0.8514066340218758,4,0.9720135298995228
CCE[CAR-DEA],10,0.849079754601227,0.8407038768022397,0.7713754646840149,0.7293497363796133,0.8185404339250493,0.840411679041971,0.926265585454571,0.8422398803755616,0.1371326803205699,0.1814595660749507,0.8185404339250493,0.8628673196794301,0.829369051023326,0.8512856456153604,4,0.9847192799494981
CCE[CAR-DEA],10,0.849079754601227,0.8407038768022397,0.7713754646840149,0.7293497363796133,0.8185404339250493,0.840411679041971,0.926265585454571,0.8422398803755616,0.1371326803205699,0.1814595660749507,0.8185404339250493,0.8628673196794301,0.829369051023326,0.8512856456153604,4,0.9780312170857477
CCE[CAR-DEA],10,0.849079754601227,0.8407038768022397,0.7713754646840149,0.7293497363796133,0.8185404339250493,0.840411679041971,0.926265585454571,0.8422398803755616,0.1371326803205699,0.1814595660749507,0.8185404339250493,0.8628673196794301,0.829369051023326,0.8512856456153604,4,0.9741377642423518
CCE[CAR-DEA],10,0.849079754601227,0.8407038768022397,0.7713754646840149,0.7293497363796133,0.8185404339250493,0.840411679041971,0.926265585454571,0.8422398803755616,0.1371326803205699,0.1814595660749507,0.8185404339250493,0.8628673196794301,0.829369051023326,0.8512856456153604,4,0.9720135298995228
CCE[CAR-DEA],15,0.8496932515337423,0.8400671981396689,0.7712418300653595,0.7322695035460993,0.814595660749507,0.8396809502264627,0.9264781044012499,0.8427146067985892,0.13446126447016918,0.1854043392504931,0.814595660749507,0.8655387355298308,0.8296592887192946,0.8517360706400456,4,0.9847192799494981
CCE[CAR-DEA],15,0.8496932515337423,0.8400671981396689,0.7712418300653595,0.7322695035460993,0.814595660749507,0.8396809502264627,0.9264781044012499,0.8427146067985892,0.13446126447016918,0.1854043392504931,0.814595660749507,0.8655387355298308,0.8296592887192946,0.8517360706400456,4,0.9780312170857477
CCE[CAR-DEA],15,0.8496932515337423,0.8400671981396689,0.7712418300653595,0.7322695035460993,0.814595660749507,0.8396809502264627,0.9264781044012499,0.8427146067985892,0.13446126447016918,0.1854043392504931,0.814595660749507,0.8655387355298308,0.8296592887192946,0.8517360706400456,4,0.9741377642423518
CCE[CAR-DEA],15,0.8496932515337423,0.8400671981396689,0.7712418300653595,0.7322695035460993,0.814595660749507,0.8396809502264627,0.9264781044012499,0.8427146067985892,0.13446126447016918,0.1854043392504931,0.814595660749507,0.8655387355298308,0.8296592887192946,0.8517360706400456,4,0.9720135298995228
CCE[CAR-DEA],20,0.8484662576687116,0.8397176835083541,0.7702325581395348,0.7288732394366197,0.8165680473372781,0.8393985241479658,0.926425413753313,0.84274148243297,0.1371326803205699,0.1834319526627219,0.8165680473372781,0.8628673196794301,0.8285945399393326,0.8506503563741028,4,0.9847192799494981
CCE[CAR-DEA],20,0.8484662576687116,0.8397176835083541,0.7702325581395348,0.7288732394366197,0.8165680473372781,0.8393985241479658,0.926425413753313,0.84274148243297,0.1371326803205699,0.1834319526627219,0.8165680473372781,0.8628673196794301,0.8285945399393326,0.8506503563741028,4,0.9780312170857477
CCE[CAR-DEA],20,0.8484662576687116,0.8397176835083541,0.7702325581395348,0.7288732394366197,0.8165680473372781,0.8393985241479658,0.926425413753313,0.84274148243297,0.1371326803205699,0.1834319526627219,0.8165680473372781,0.8628673196794301,0.8285945399393326,0.8506503563741028,4,0.9741377642423518
CCE[CAR-DEA],20,0.8484662576687116,0.8397176835083541,0.7702325581395348,0.7288732394366197,0.8165680473372781,0.8393985241479658,0.926425413753313,0.84274148243297,0.1371326803205699,0.1834319526627219,0.8165680473372781,0.8628673196794301,0.8285945399393326,0.8506503563741028,4,0.9720135298995228
CCE[FDH],5,0.854601226993865,0.8393014273896526,0.7736389684813754,0.75,0.7988165680473372,0.8383244373047593,0.9248622578645183,0.8375827351273915,0.12021371326803205,0.20118343195266272,0.7988165680473372,0.8797862867319679,0.8332722632736747,0.8558085268270834,4,0.9584132329988582
CCE[FDH],5,0.854601226993865,0.8393014273896526,0.7736389684813754,0.75,0.7988165680473372,0.8383244373047593,0.9248622578645183,0.8375827351273915,0.12021371326803205,0.20118343195266272,0.7988165680473372,0.8797862867319679,0.8332722632736747,0.8558085268270834,4,0.9670328905895822
CCE[FDH],5,0.854601226993865,0.8393014273896526,0.7736389684813754,0.75,0.7988165680473372,0.8383244373047593,0.9248622578645183,0.8375827351273915,0.12021371326803205,0.20118343195266272,0.7988165680473372,0.8797862867319679,0.8332722632736747,0.8558085268270834,4,0.9829352393587538
CCE[FDH],5,0.854601226993865,0.8393014273896526,0.7736389684813754,0.75,0.7988165680473372,0.8383244373047593,0.9248622578645183,0.8375827351273915,0.12021371326803205,0.20118343195266272,0.7988165680473372,0.8797862867319679,0.8332722632736747,0.8558085268270834,4,1.0
CCE[FDH],10,0.8478527607361963,0.840354362170925,0.7703703703703704,0.7260034904013961,0.8205128205128205,0.8401200909657689,0.9251494218957744,0.835689670739408,0.13980409617097062,0.1794871794871795,0.8205128205128205,0.8601959038290294,0.8283044512402311,0.8501985578757121,4,0.9584132329988582
CCE[FDH],10,0.8478527607361963,0.840354362170925,0.7703703703703704,0.7260034904013961,0.8205128205128205,0.8401200909657689,0.9251494218957744,0.835689670739408,0.13980409617097062,0.1794871794871795,0.8205128205128205,0.8601959038290294,0.8283044512402311,0.8501985578757121,4,0.9670328905895822
CCE[FDH],10,0.8478527607361963,0.840354362170925,0.7703703703703704,0.7260034904013961,0.8205128205128205,0.8401200909657689,0.9251494218957744,0.835689670739408,0.13980409617097062,0.1794871794871795,0.8205128205128205,0.8601959038290294,0.8283044512402311,0.8501985578757121,4,0.9829352393587538
CCE[FDH],10,0.8478527607361963,0.840354362170925,0.7703703703703704,0.7260034904013961,0.8205128205128205,0.8401200909657689,0.9251494218957744,0.835689670739408,0.13980409617097062,0.1794871794871795,0.8205128205128205,0.8601959038290294,0.8283044512402311,0.8501985578757121,4,1.0
CCE[FDH],15,0.850920245398773,0.8414986274086212,0.773109243697479,0.7340425531914894,0.8165680473372781,0.8411292445919949,0.9266888669929975,0.8422216235108398,0.13357079252003562,0.1834319526627219,0.8165680473372781,0.8664292074799644,0.8310498251379126,0.8529463884307391,4,0.9584132329988582
CCE[FDH],15,0.850920245398773,0.8414986274086212,0.773109243697479,0.7340425531914894,0.8165680473372781,0.8411292445919949,0.9266888669929975,0.8422216235108398,0.13357079252003562,0.1834319526627219,0.8165680473372781,0.8664292074799644,0.8310498251379126,0.8529463884307391,4,0.9670328905895822
CCE[FDH],15,0.850920245398773,0.8414986274086212,0.773109243697479,0.7340425531914894,0.8165680473372781,0.8411292445919949,0.9266888669929975,0.8422216235108398,0.13357079252003562,0.1834319526627219,0.8165680473372781,0.8664292074799644,0.8310498251379126,0.8529463884307391,4,0.9829352393587538
CCE[FDH],15,0.850920245398773,0.8414986274086212,0.773109243697479,0.7340425531914894,0.8165680473372781,0.8411292445919949,0.9266888669929975,0.8422216235108398,0.13357079252003562,0.1834319526627219,0.8165680473372781,0.8664292074799644,0.8310498251379126,0.8529463884307391,4,1.0
CCE[FDH],20,0.8533742331288343,0.8459843579029824,0.7780872794800371,0.7350877192982456,0.8264299802761341,0.8457583343557119,0.9260618482825481,0.8404393644822513,0.13446126447016918,0.17357001972386588,0.8264299802761341,0.8655387355298308,0.8343024578801926,0.8555469670179202,4,0.9584132329988582
CCE[FDH],20,0.8533742331288343,0.8459843579029824,0.7780872794800371,0.7350877192982456,0.8264299802761341,0.8457583343557119,0.9260618482825481,0.8404393644822513,0.13446126447016918,0.17357001972386588,0.8264299802761341,0.8655387355298308,0.8343024578801926,0.8555469670179202,4,0.9670328905895822
CCE[FDH],20,0.8533742331288343,0.8459843579029824,0.7780872794800371,0.7350877192982456,0.8264299802761341,0.8457583343557119,0.9260618482825481,0.8404393644822513,0.13446126447016918,0.17357001972386588,0.8264299802761341,0.8655387355298308,0.8343024578801926,0.8555469670179202,4,0.9829352393587538
CCE[FDH],20,0.8533742331288343,0.8459843579029824,0.7780872794800371,0.7350877192982456,0.8264299802761341,0.8457583343557119,0.9260618482825481,0.8404393644822513,0.13446126447016918,0.17357001972386588,0.8264299802761341,0.8655387355298308,0.8343024578801926,0.8555469670179202,4,1.0
CCE[DEA],5,0.8558282208588958,0.8380280700645109,0.7733847637415622,0.7566037735849057,0.7909270216962525,0.8367033748340327,0.9220582372168097,0.8302111687123463,0.11487088156723063,0.20907297830374755,0.7909270216962525,0.8851291184327693,0.8338358816458598,0.8566812120931281,4,0.9508785560430805
CCE[DEA],5,0.8558282208588958,0.8380280700645109,0.7733847637415622,0.7566037735849057,0.7909270216962525,0.8367033748340327,0.9220582372168097,0.8302111687123463,0.11487088156723063,0.20907297830374755,0.7909270216962525,0.8851291184327693,0.8338358816458598,0.8566812120931281,4,0.9574713889570914
CCE[DEA],5,0.8558282208588958,0.8380280700645109,0.7733847637415622,0.7566037735849057,0.7909270216962525,0.8367033748340327,0.9220582372168097,0.8302111687123463,0.11487088156723063,0.20907297830374755,0.7909270216962525,0.8851291184327693,0.8338358816458598,0.8566812120931281,4,0.9574713982482088
CCE[DEA],5,0.8558282208588958,0.8380280700645109,0.7733847637415622,0.7566037735849057,0.7909270216962525,0.8367033748340327,0.9220582372168097,0.8302111687123463,0.11487088156723063,0.20907297830374755,0.7909270216962525,0.8851291184327693,0.8338358816458598,0.8566812120931281,4,0.9654885633049587
CCE[DEA],10,0.8521472392638036,0.8391433554458418,0.771996215704825,0.7418181818181818,0.8047337278106509,0.838437563873968,0.9245803628980558,0.8362595027229396,0.12644701691896706,0.1952662721893491,0.8047337278106509,0.8735529830810329,0.8312999689509146,0.853711694104038,4,0.9508785560430805
CCE[DEA],10,0.8521472392638036,0.8391433554458418,0.771996215704825,0.7418181818181818,0.8047337278106509,0.838437563873968,0.9245803628980558,0.8362595027229396,0.12644701691896706,0.1952662721893491,0.8047337278106509,0.8735529830810329,0.8312999689509146,0.853711694104038,4,0.9574713889570914
CCE[DEA],10,0.8521472392638036,0.8391433554458418,0.771996215704825,0.7418181818181818,0.8047337278106509,0.838437563873968,0.9245803628980558,0.8362595027229396,0.12644701691896706,0.1952662721893491,0.8047337278106509,0.8735529830810329,0.8312999689509146,0.853711694104038,4,0.9574713982482088
CCE[DEA],10,0.8521472392638036,0.8391433554458418,0.771996215704825,0.7418181818181818,0.8047337278106509,0.838437563873968,0.9245803628980558,0.8362595027229396,0.12644701691896706,0.1952662721893491,0.8047337278106509,0.8735529830810329,0.8312999689509146,0.853711694104038,4,0.9654885633049587
CCE[DEA],15,0.8521472392638036,0.8391433554458418,0.771996215704825,0.7418181818181818,0.8047337278106509,0.838437563873968,0.9255094746566765,0.8392569092098457,0.12644701691896706,0.1952662721893491,0.8047337278106509,0.8735529830810329,0.8312999689509146,0.853711694104038,4,0.9508785560430805
CCE[DEA],15,0.8521472392638036,0.8391433554458418,0.771996215704825,0.7418181818181818,0.8047337278106509,0.838437563873968,0.9255094746566765,0.8392569092098457,0.12644701691896706,0.1952662721893491,0.8047337278106509,0.8735529830810329,0.8312999689509146,0.853711694104038,4,0.9574713889570914
CCE[DEA],15,0.8521472392638036,0.8391433554458418,0.771996215704825,0.7418181818181818,0.8047337278106509,0.838437563873968,0.9255094746566765,0.8392569092098457,0.12644701691896706,0.1952662721893491,0.8047337278106509,0.8735529830810329,0.8312999689509146,0.853711694104038,4,0.9574713982482088
CCE[DEA],15,0.8521472392638036,0.8391433554458418,0.771996215704825,0.7418181818181818,0.8047337278106509,0.838437563873968,0.9255094746566765,0.8392569092098457,0.12644701691896706,0.1952662721893491,0.8047337278106509,0.8735529830810329,0.8312999689509146,0.853711694104038,4,0.9654885633049587
CCE[DEA],20,0.8539877300613496,0.8404790633710423,0.7741935483870968,0.7458866544789763,0.8047337278106509,0.8397185998599409,0.925848451158404,0.8406507323219492,0.12377560106856635,0.1952662721893491,0.8047337278106509,0.8762243989314337,0.8331529845289971,0.8554345873899853,4,0.9508785560430805
CCE[DEA],20,0.8539877300613496,0.8404790633710423,0.7741935483870968,0.7458866544789763,0.8047337278106509,0.8397185998599409,0.925848451158404,0.8406507323219492,0.12377560106856635,0.1952662721893491,0.8047337278106509,0.8762243989314337,0.8331529845289971,0.8554345873899853,4,0.9574713889570914
CCE[DEA],20,0.8539877300613496,0.8404790633710423,0.7741935483870968,0.7458866544789763,0.8047337278106509,0.8397185998599409,0.925848451158404,0.8406507323219492,0.12377560106856635,0.1952662721893491,0.8047337278106509,0.8762243989314337,0.8331529845289971,0.8554345873899853,4,0.9574713982482088
CCE[DEA],20,0.8539877300613496,0.8404790633710423,0.7741935483870968,0.7458866544789763,0.8047337278106509,0.8397185998599409,0.925848451158404,0.8406507323219492,0.12377560106856635,0.1952662721893491,0.8047337278106509,0.8762243989314337,0.8331529845289971,0.8554345873899853,4,0.9654885633049587
CCE[CAR-FDH],5,0.8404907975460123,0.8371753597453988,0.7636363636363637,0.7082630691399663,0.8284023668639053,0.8371293911700504,0.9217394587967915,0.842128609487113,0.15405164737310775,0.17159763313609466,0.8284023668639053,0.8459483526268923,0.8216329966329967,0.8435507425998224,5,1.0
CCE[CAR-FDH],5,0.8404907975460123,0.8371753597453988,0.7636363636363637,0.7082630691399663,0.8284023668639053,0.8371293911700504,0.9217394587967915,0.842128609487113,0.15405164737310775,0.17159763313609466,0.8284023668639053,0.8459483526268923,0.8216329966329967,0.8435507425998224,5,0.9887639904663796
CCE[CAR-FDH],5,0.8404907975460123,0.8371753597453988,0.7636363636363637,0.7082630691399663,0.8284023668639053,0.8371293911700504,0.9217394587967915,0.842128609487113,0.15405164737310775,0.17159763313609466,0.8284023668639053,0.8459483526268923,0.8216329966329967,0.8435507425998224,5,0.9999999983314628
CCE[CAR-FDH],5,0.8404907975460123,0.8371753597453988,0.7636363636363637,0.7082630691399663,0.8284023668639053,0.8371293911700504,0.9217394587967915,0.842128609487113,0.15405164737310775,0.17159763313609466,0.8284023668639053,0.8459483526268923,0.8216329966329967,0.8435507425998224,5,1.0
CCE[CAR-FDH],10,0.843558282208589,0.8383196249830951,0.766269477543538,0.7157534246575342,0.8244575936883629,0.8382050093623762,0.9220134501660634,0.841494661351662,0.14781834372217276,0.1755424063116371,0.8244575936883629,0.8521816562778273,0.8243518895324882,0.8463020525908891,5,1.0
CCE[CAR-FDH],10,0.843558282208589,0.8383196249830951,0.766269477543538,0.7157534246575342,0.8244575936883629,0.8382050093623762,0.9220134501660634,0.841494661351662,0.14781834372217276,0.1755424063116371,0.8244575936883629,0.8521816562778273,0.8243518895324882,0.8463020525908891,5,0.9887639904663796
CCE[CAR-FDH],10,0.843558282208589,0.8383196249830951,0.766269477543538,0.7157534246575342,0.8244575936883629,0.8382050093623762,0.9220134501660634,0.841494661351662,0.14781834372217276,0.1755424063116371,0.8244575936883629,0.8521816562778273,0.8243518895324882,0.8463020525908891,5,0.9999999983314628
CCE[CAR-FDH],10,0.843558282208589,0.8383196249830951,0.766269477543538,0.7157534246575342,0.8244575936883629,0.8382050093623762,0.9220134501660634,0.841494661351662,0.14781834372217276,0.1755424063116371,0.8244575936883629,0.8521816562778273,0.8243518895324882,0.8463020525908891,5,1.0
CCE[CAR-FDH],15,0.8484662576687116,0.8397176835083541,0.7702325581395348,0.7288732394366197,0.8165680473372781,0.8393985241479658,0.9221030242675562,0.8411864862260353,0.1371326803205699,0.1834319526627219,0.8165680473372781,0.8628673196794301,0.8285945399393326,0.8506503563741028,5,1.0
CCE[CAR-FDH],15,0.8484662576687116,0.8397176835083541,0.7702325581395348,0.7288732394366197,0.8165680473372781,0.8393985241479658,0.9221030242675562,0.8411864862260353,0.1371326803205699,0.1834319526627219,0.8165680473372781,0.8628673196794301,0.8285945399393326,0.8506503563741028,5,0.9887639904663796
CCE[CAR-FDH],15,0.8484662576687116,0.8397176835083541,0.7702325581395348,0.7288732394366197,0.8165680473372781,0.8393985241479658,0.9221030242675562,0.8411864862260353,0.1371326803205699,0.1834319526627219,0.8165680473372781,0.8628673196794301,0.8285945399393326,0.8506503563741028,5,0.9999999983314628
CCE[CAR-FDH],15,0.8484662576687116,0.8397176835083541,0.7702325581395348,0.7288732394366197,0.8165680473372781,0.8393985241479658,0.9221030242675562,0.8411864862260353,0.1371326803205699,0.1834319526627219,0.8165680473372781,0.8628673196794301,0.8285945399393326,0.8506503563741028,5,1.0
CCE[CAR-FDH],20,0.8484662576687116,0.8397176835083541,0.7702325581395348,0.7288732394366197,0.8165680473372781,0.8393985241479658,0.9222698779860229,0.8410778255977266,0.1371326803205699,0.1834319526627219,0.8165680473372781,0.8628673196794301,0.8285945399393326,0.8506503563741028,5,1.0
CCE[CAR-FDH],20,0.8484662576687116,0.8397176835083541,0.7702325581395348,0.7288732394366197,0.8165680473372781,0.8393985241479658,0.9222698779860229,0.8410778255977266,0.1371326803205699,0.1834319526627219,0.8165680473372781,0.8628673196794301,0.8285945399393326,0.8506503563741028,5,0.9887639904663796
CCE[CAR-FDH],20,0.8484662576687116,0.8397176835083541,0.7702325581395348,0.7288732394366197,0.8165680473372781,0.8393985241479658,0.9222698779860229,0.8410778255977266,0.1371326803205699,0.1834319526627219,0.8165680473372781,0.8628673196794301,0.8285945399393326,0.8506503563741028,5,0.9999999983314628
CCE[CAR-FDH],20,0.8484662576687116,0.8397176835083541,0.7702325581395348,0.7288732394366197,0.8165680473372781,0.8393985241479658,0.9222698779860229,0.8410778255977266,0.1371326803205699,0.1834319526627219,0.8165680473372781,0.8628673196794301,0.8285945399393326,0.8506503563741028,5,1.0
CCE[CAR-DEA],5,0.8466257668711656,0.8410867621772478,0.7702205882352942,0.7211703958691911,0.8264299802761341,0.8409590479054907,0.9223524266677907,0.8432304698382423,0.14425645592163847,0.17357001972386588,0.8264299802761341,0.8557435440783615,0.8275596495504279,0.8492288899001962,5,1.0
CCE[CAR-DEA],5,0.8466257668711656,0.8410867621772478,0.7702205882352942,0.7211703958691911,0.8264299802761341,0.8409590479054907,0.9223524266677907,0.8432304698382423,0.14425645592163847,0.17357001972386588,0.8264299802761341,0.8557435440783615,0.8275596495504279,0.8492288899001962,5,0.9999999375462723
CCE[CAR-DEA],5,0.8466257668711656,0.8410867621772478,0.7702205882352942,0.7211703958691911,0.8264299802761341,0.8409590479054907,0.9223524266677907,0.8432304698382423,0.14425645592163847,0.17357001972386588,0.8264299802761341,0.8557435440783615,0.8275596495504279,0.8492288899001962,5,1.0
CCE[CAR-DEA],5,0.8466257668711656,0.8410867621772478,0.7702205882352942,0.7211703958691911,0.8264299802761341,0.8409590479054907,0.9223524266677907,0.8432304698382423,0.14425645592163847,0.17357001972386588,0.8264299802761341,0.8557435440783615,0.8275596495504279,0.8492288899001962,5,1.0
CCE[CAR-DEA],10,0.8441717791411043,0.8393058182769807,0.7673992673992674,0.7162393162393162,0.8264299802761341,0.839207047985995,0.9221082933323497,0.8417074047500567,0.14781834372217276,0.17357001972386588,0.8264299802761341,0.8521816562778273,0.8251202979062757,0.8469338898034029,5,1.0
CCE[CAR-DEA],10,0.8441717791411043,0.8393058182769807,0.7673992673992674,0.7162393162393162,0.8264299802761341,0.839207047985995,0.9221082933323497,0.8417074047500567,0.14781834372217276,0.17357001972386588,0.8264299802761341,0.8521816562778273,0.8251202979062757,0.8469338898034029,5,0.9999999375462723
CCE[CAR-DEA],10,0.8441717791411043,0.8393058182769807,0.7673992673992674,0.7162393162393162,0.8264299802761341,0.839207047985995,0.9221082933323497,0.8417074047500567,0.14781834372217276,0.17357001972386588,0.8264299802761341,0.8521816562778273,0.8251202979062757,0.8469338898034029,5,1.0
CCE[CAR-DEA],10,0.8441717791411043,0.8393058182769807,0.7673992673992674,0.7162393162393162,0.8264299802761341,0.839207047985995,0.9221082933323497,0.8417074047500567,0.14781834372217276,0.17357001972386588,0.8264299802761341,0.8521816562778273,0.8251202979062757,0.8469338898034029,5,1.0
CCE[CAR-DEA],15,0.8484662576687116,0.8397176835083541,0.7702325581395348,0.7288732394366197,0.8165680473372781,0.8393985241479658,0.9220942424928998,0.8411744771510279,0.1371326803205699,0.1834319526627219,0.8165680473372781,0.8628673196794301,0.8285945399393326,0.8506503563741028,5,1.0
CCE[CAR-DEA],15,0.8484662576687116,0.8397176835083541,0.7702325581395348,0.7288732394366197,0.8165680473372781,0.8393985241479658,0.9220942424928998,0.8411744771510279,0.1371326803205699,0.1834319526627219,0.8165680473372781,0.8628673196794301,0.8285945399393326,0.8506503563741028,5,0.9999999375462723
CCE[CAR-DEA],15,0.8484662576687116,0.8397176835083541,0.7702325581395348,0.7288732394366197,0.8165680473372781,0.8393985241479658,0.9220942424928998,0.8411744771510279,0.1371326803205699,0.1834319526627219,0.8165680473372781,0.8628673196794301,0.8285945399393326,0.8506503563741028,5,1.0
CCE[CAR-DEA],15,0.8484662576687116,0.8397176835083541,0.7702325581395348,0.7288732394366197,0.8165680473372781,0.8393985241479658,0.9220942424928998,0.8411744771510279,0.1371326803205699,0.1834319526627219,0.8165680473372781,0.8628673196794301,0.8285945399393326,0.8506503563741028,5,1.0
CCE[CAR-DEA],20,0.849079754601227,0.8396219621646022,0.7705223880597015,0.7309734513274336,0.814595660749507,0.8392489044297986,0.9222013801437049,0.8408193349686361,0.13535173642030277,0.1854043392504931,0.814595660749507,0.8646482635796973,0.8290454719091926,0.8511621710817611,5,1.0
CCE[CAR-DEA],20,0.849079754601227,0.8396219621646022,0.7705223880597015,0.7309734513274336,0.814595660749507,0.8392489044297986,0.9222013801437049,0.8408193349686361,0.13535173642030277,0.1854043392504931,0.814595660749507,0.8646482635796973,0.8290454719091926,0.8511621710817611,5,0.9999999375462723
CCE[CAR-DEA],20,0.849079754601227,0.8396219621646022,0.7705223880597015,0.7309734513274336,0.814595660749507,0.8392489044297986,0.9222013801437049,0.8408193349686361,0.13535173642030277,0.1854043392504931,0.814595660749507,0.8646482635796973,0.8290454719091926,0.8511621710817611,5,1.0
CCE[CAR-DEA],20,0.849079754601227,0.8396219621646022,0.7705223880597015,0.7309734513274336,0.814595660749507,0.8392489044297986,0.9222013801437049,0.8408193349686361,0.13535173642030277,0.1854043392504931,0.814595660749507,0.8646482635796973,0.8290454719091926,0.8511621710817611,5,1.0
CCE[FDH],5,0.8558282208588958,0.8391099847021486,0.7742555235350624,0.7546816479400749,0.7948717948717948,0.8379430463864317,0.9172150884939432,0.8235083017537016,0.11665182546749778,0.20512820512820512,0.7948717948717948,0.8833481745325023,0.8341759816864136,0.8568207683252064,5,0.9731017043599783
CCE[FDH],5,0.8558282208588958,0.8391099847021486,0.7742555235350624,0.7546816479400749,0.7948717948717948,0.8379430463864317,0.9172150884939432,0.8235083017537016,0.11665182546749778,0.20512820512820512,0.7948717948717948,0.8833481745325023,0.8341759816864136,0.8568207683252064,5,0.9476126073108174
CCE[FDH],5,0.8558282208588958,0.8391099847021486,0.7742555235350624,0.7546816479400749,0.7948717948717948,0.8379430463864317,0.9172150884939432,0.8235083017537016,0.11665182546749778,0.20512820512820512,0.7948717948717948,0.8833481745325023,0.8341759816864136,0.8568207683252064,5,1.0
CCE[FDH],5,0.8558282208588958,0.8391099847021486,0.7742555235350624,0.7546816479400749,0.7948717948717948,0.8379430463864317,0.9172150884939432,0.8235083017537016,0.11665182546749778,0.20512820512820512,0.7948717948717948,0.8833481745325023,0.8341759816864136,0.8568207683252064,5,0.982426843235761
CCE[FDH],10,0.8558282208588958,0.8347823261515981,0.7707317073170732,0.7625482625482626,0.7790927021696252,0.8329226841885262,0.9203053949954423,0.83255436556177,0.10952804986642921,0.22090729783037474,0.7790927021696252,0.8904719501335708,0.8327931467234135,0.8562470403886316,5,0.9731017043599783
CCE[FDH],10,0.8558282208588958,0.8347823261515981,0.7707317073170732,0.7625482625482626,0.7790927021696252,0.8329226841885262,0.9203053949954423,0.83255436556177,0.10952804986642921,0.22090729783037474,0.7790927021696252,0.8904719501335708,0.8327931467234135,0.8562470403886316,5,0.9476126073108174
CCE[FDH],10,0.8558282208588958,0.8347823261515981,0.7707317073170732,0.7625482625482626,0.7790927021696252,0.8329226841885262,0.9203053949954423,0.83255436556177,0.10952804986642921,0.22090729783037474,0.7790927021696252,0.8904719501335708,0.8327931467234135,0.8562470403886316,5,1.0
CCE[FDH],10,0.8558282208588958,0.8347823261515981,0.7707317073170732,0.7625482625482626,0.7790927021696252,0.8329226841885262,0.9203053949954423,0.83255436556177,0.10952804986642921,0.22090729783037474,0.7790927021696252,0.8904719501335708,0.8327931467234135,0.8562470403886316,5,0.982426843235761
CCE[FDH],15,0.8558282208588958,0.8434376432526991,0.7776726584673604,0.7472727272727273,0.8106508875739645,0.8428001463619536,0.9212652429653594,0.83646431392348,0.12377560106856635,0.1893491124260355,0.8106508875739645,0.8762243989314337,0.8354999697239208,0.8573537266159706,5,0.9731017043599783
CCE[FDH],15,0.8558282208588958,0.8434376432526991,0.7776726584673604,0.7472727272727273,0.8106508875739645,0.8428001463619536,0.9212652429653594,0.83646431392348,0.12377560106856635,0.1893491124260355,0.8106508875739645,0.8762243989314337,0.8354999697239208,0.8573537266159706,5,0.9476126073108174
CCE[FDH],15,0.8558282208588958,0.8434376432526991,0.7776726584673604,0.7472727272727273,0.8106508875739645,0.8428001463619536,0.9212652429653594,0.83646431392348,0.12377560106856635,0.1893491124260355,0.8106508875739645,0.8762243989314337,0.8354999697239208,0.8573537266159706,5,1.0
CCE[FDH],15,0.8558282208588958,0.8434376432526991,0.7776726584673604,0.7472727272727273,0.8106508875739645,0.8428001463619536,0.9212652429653594,0.83646431392348,0.12377560106856635,0.1893491124260355,0.8106508875739645,0.8762243989314337,0.8354999697239208,0.8573537266159706,5,0.982426843235761
CCE[FDH],20,0.8564417177914111,0.840637135314853,0.7758620689655172,0.7541899441340782,0.7988165680473372,0.8395962323782697,0.9212143086723538,0.8359627244095571,0.11754229741763135,0.20118343195266272,0.7988165680473372,0.8824577025823687,0.8351332005477405,0.8575325975137833,5,0.9731017043599783
CCE[FDH],20,0.8564417177914111,0.840637135314853,0.7758620689655172,0.7541899441340782,0.7988165680473372,0.8395962323782697,0.9212143086723538,0.8359627244095571,0.11754229741763135,0.20118343195266272,0.7988165680473372,0.8824577025823687,0.8351332005477405,0.8575325975137833,5,0.9476126073108174
CCE[FDH],20,0.8564417177914111,0.840637135314853,0.7758620689655172,0.7541899441340782,0.7988165680473372,0.8395962323782697,0.9212143086723538,0.8359627244095571,0.11754229741763135,0.20118343195266272,0.7988165680473372,0.8824577025823687,0.8351332005477405,0.8575325975137833,5,1.0
CCE[FDH],20,0.8564417177914111,0.840637135314853,0.7758620689655172,0.7541899441340782,0.7988165680473372,0.8395962323782697,0.9212143086723538,0.8359627244095571,0.11754229741763135,0.20118343195266272,0.7988165680473372,0.8824577025823687,0.8351332005477405,0.8575325975137833,5,0.982426843235761
CCE[DEA],5,0.8558282208588958,0.8412738139774238,0.7759771210676835,0.7509225092250923,0.8027613412228797,0.8403918249997745,0.9184076534922483,0.8276084940798115,0.12021371326803205,0.19723865877712032,0.8027613412228797,0.8797862867319679,0.8348451864949453,0.8570922590735915,5,0.9863674992479015
CCE[DEA],5,0.8558282208588958,0.8412738139774238,0.7759771210676835,0.7509225092250923,0.8027613412228797,0.8403918249997745,0.9184076534922483,0.8276084940798115,0.12021371326803205,0.19723865877712032,0.8027613412228797,0.8797862867319679,0.8348451864949453,0.8570922590735915,5,0.9869627083817346
CCE[DEA],5,0.8558282208588958,0.8412738139774238,0.7759771210676835,0.7509225092250923,0.8027613412228797,0.8403918249997745,0.9184076534922483,0.8276084940798115,0.12021371326803205,0.19723865877712032,0.8027613412228797,0.8797862867319679,0.8348451864949453,0.8570922590735915,5,0.9692661299956451
CCE[DEA],5,0.8558282208588958,0.8412738139774238,0.7759771210676835,0.7509225092250923,0.8027613412228797,0.8403918249997745,0.9184076534922483,0.8276084940798115,0.12021371326803205,0.19723865877712032,0.8027613412228797,0.8797862867319679,0.8348451864949453,0.8570922590735915,5,0.9666017642553466
CCE[DEA],10,0.8552147239263803,0.8413695353211759,0.7756653992395437,0.7486238532110092,0.8047337278106509,0.8405715392366215,0.9200445762881546,0.8316813113981064,0.1219946571682992,0.1952662721893491,0.8047337278106509,0.8780053428317008,0.8343906706342645,0.8565837793331285,5,0.9863674992479015
CCE[DEA],10,0.8552147239263803,0.8413695353211759,0.7756653992395437,0.7486238532110092,0.8047337278106509,0.8405715392366215,0.9200445762881546,0.8316813113981064,0.1219946571682992,0.1952662721893491,0.8047337278106509,0.8780053428317008,0.8343906706342645,0.8565837793331285,5,0.9869627083817346
CCE[DEA],10,0.8552147239263803,0.8413695353211759,0.7756653992395437,0.7486238532110092,0.8047337278106509,0.8405715392366215,0.9200445762881546,0.8316813113981064,0.1219946571682992,0.1952662721893491,0.8047337278106509,0.8780053428317008,0.8343906706342645,0.8565837793331285,5,0.9692661299956451
CCE[DEA],10,0.8552147239263803,0.8413695353211759,0.7756653992395437,0.7486238532110092,0.8047337278106509,0.8405715392366215,0.9200445762881546,0.8316813113981064,0.1219946571682992,0.1952662721893491,0.8047337278106509,0.8780053428317008,0.8343906706342645,0.8565837793331285,5,0.9666017642553466
CCE[DEA],15,0.8564417177914111,0.8384733060395777,0.7741312741312741,0.7580340264650284,0.7909270216962525,0.8371241459819941,0.9203255930771514,0.832735397417003,0.11398040961709706,0.20907297830374755,0.7909270216962525,0.8860195903829029,0.8344577233965723,0.8572559398060348,5,0.9863674992479015
CCE[DEA],15,0.8564417177914111,0.8384733060395777,0.7741312741312741,0.7580340264650284,0.7909270216962525,0.8371241459819941,0.9203255930771514,0.832735397417003,0.11398040961709706,0.20907297830374755,0.7909270216962525,0.8860195903829029,0.8344577233965723,0.8572559398060348,5,0.9869627083817346
CCE[DEA],15,0.8564417177914111,0.8384733060395777,0.7741312741312741,0.7580340264650284,0.7909270216962525,0.8371241459819941,0.9203255930771514,0.832735397417003,0.11398040961709706,0.20907297830374755,0.7909270216962525,0.8860195903829029,0.8344577233965723,0.8572559398060348,5,0.9692661299956451
CCE[DEA],15,0.8564417177914111,0.8384733060395777,0.7741312741312741,0.7580340264650284,0.7909270216962525,0.8371241459819941,0.9203255930771514,0.832735397417003,0.11398040961709706,0.20907297830374755,0.7909270216962525,0.8860195903829029,0.8344577233965723,0.8572559398060348,5,0.9666017642553466
CCE[DEA],20,0.8558282208588958,0.8380280700645109,0.7733847637415622,0.7566037735849057,0.7909270216962525,0.8367033748340327,0.9207611691000965,0.833949824129346,0.11487088156723063,0.20907297830374755,0.7909270216962525,0.8851291184327693,0.8338358816458598,0.8566812120931281,5,0.9863674992479015
CCE[DEA],20,0.8558282208588958,0.8380280700645109,0.7733847637415622,0.7566037735849057,0.7909270216962525,0.8367033748340327,0.9207611691000965,0.833949824129346,0.11487088156723063,0.20907297830374755,0.7909270216962525,0.8851291184327693,0.8338358816458598,0.8566812120931281,5,0.9869627083817346
CCE[DEA],20,0.8558282208588958,0.8380280700645109,0.7733847637415622,0.7566037735849057,0.7909270216962525,0.8367033748340327,0.9207611691000965,0.833949824129346,0.11487088156723063,0.20907297830374755,0.7909270216962525,0.8851291184327693,0.8338358816458598,0.8566812120931281,5,0.9692661299956451
CCE[DEA],20,0.8558282208588958,0.8380280700645109,0.7733847637415622,0.7566037735849057,0.7909270216962525,0.8367033748340327,0.9207611691000965,0.833949824129346,0.11487088156723063,0.20907297830374755,0.7909270216962525,0.8851291184327693,0.8338358816458598,0.8566812120931281,5,0.9666017642553466
CCE[CAR-FDH],5,0.845398773006135,0.8477696926905778,0.774597495527728,0.7086743044189853,0.854043392504931,0.8477464789282914,0.9263147633926454,0.8371907325841108,0.1585040071237756,0.14595660749506903,0.854043392504931,0.8414959928762245,0.8284752183520994,0.8488363700452359,6,0.9999999752813111
CCE[CAR-FDH],5,0.845398773006135,0.8477696926905778,0.774597495527728,0.7086743044189853,0.854043392504931,0.8477464789282914,0.9263147633926454,0.8371907325841108,0.1585040071237756,0.14595660749506903,0.854043392504931,0.8414959928762245,0.8284752183520994,0.8488363700452359,6,0.9843217645874147
CCE[CAR-FDH],5,0.845398773006135,0.8477696926905778,0.774597495527728,0.7086743044189853,0.854043392504931,0.8477464789282914,0.9263147633926454,0.8371907325841108,0.1585040071237756,0.14595660749506903,0.854043392504931,0.8414959928762245,0.8284752183520994,0.8488363700452359,6,1.0
CCE[CAR-FDH],5,0.845398773006135,0.8477696926905778,0.774597495527728,0.7086743044189853,0.854043392504931,0.8477464789282914,0.9263147633926454,0.8371907325841108,0.1585040071237756,0.14595660749506903,0.854043392504931,0.8414959928762245,0.8284752183520994,0.8488363700452359,6,0.9928855181299987
CCE[CAR-FDH],10,0.8441717791411043,0.8457973061028066,0.7724014336917563,0.7077175697865353,0.8500986193293886,0.8457863688398457,0.9270884377398523,0.8401101972540116,0.1585040071237756,0.14990138067061143,0.8500986193293886,0.8414959928762245,0.8269656422190125,0.8475862265458773,6,0.9999999752813111
CCE[CAR-FDH],10,0.8441717791411043,0.8457973061028066,0.7724014336917563,0.7077175697865353,0.8500986193293886,0.8457863688398457,0.9270884377398523,0.8401101972540116,0.1585040071237756,0.14990138067061143,0.8500986193293886,0.8414959928762245,0.8269656422190125,0.8475862265458773,6,0.9843217645874147
CCE[CAR-FDH],10,0.8441717791411043,0.8457973061028066,0.7724014336917563,0.7077175697865353,0.8500986193293886,0.8457863688398457,0.9270884377398523,0.8401101972540116,0.1585040071237756,0.14990138067061143,0.8500986193293886,0.8414959928762245,0.8269656422190125,0.8475862265458773,6,1.0
CCE[CAR-FDH],10,0.8441717791411043,0.8457973061028066,0.7724014336917563,0.7077175697865353,0.8500986193293886,0.8457863688398457,0.9270884377398523,0.8401101972540116,0.1585040071237756,0.14990138067061143,0.8500986193293886,0.8414959928762245,0.8269656422190125,0.8475862265458773,6,0.9928855181299987
CCE[CAR-FDH],15,0.8478527607361963,0.8490096792720261,0.7769784172661871,0.7140495867768595,0.8520710059171598,0.8490041600467929,0.9273290583654308,0.8401945947569809,0.15405164737310775,0.14792899408284024,0.8520710059171598,0.8459483526268923,0.8307610894524604,0.8510863201682546,6,0.9999999752813111
CCE[CAR-FDH],15,0.8478527607361963,0.8490096792720261,0.7769784172661871,0.7140495867768595,0.8520710059171598,0.8490041600467929,0.9273290583654308,0.8401945947569809,0.15405164737310775,0.14792899408284024,0.8520710059171598,0.8459483526268923,0.8307610894524604,0.8510863201682546,6,0.9843217645874147
CCE[CAR-FDH],15,0.8478527607361963,0.8490096792720261,0.7769784172661871,0.7140495867768595,0.8520710059171598,0.8490041600467929,0.9273290583654308,0.8401945947569809,0.15405164737310775,0.14792899408284024,0.8520710059171598,0.8459483526268923,0.8307610894524604,0.8510863201682546,6,1.0
CCE[CAR-FDH],15,0.8478527607361963,0.8490096792720261,0.7769784172661871,0.7140495867768595,0.8520710059171598,0.8490041600467929,0.9273290583654308,0.8401945947569809,0.15405164737310775,0.14792899408284024,0.8520710059171598,0.8459483526268923,0.8307610894524604,0.8510863201682546,6,0.9928855181299987
CCE[CAR-FDH],20,0.8478527607361963,0.8479277646343883,0.776173285198556,0.7154742096505824,0.8481262327416174,0.8479277414074157,0.9272798804273562,0.8401759746042867,0.1522707034728406,0.15187376725838264,0.8481262327416174,0.8477292965271594,0.8304658247554118,0.8509837415449966,6,0.9999999752813111
CCE[CAR-FDH],20,0.8478527607361963,0.8479277646343883,0.776173285198556,0.7154742096505824,0.8481262327416174,0.8479277414074157,0.9272798804273562,0.8401759746042867,0.1522707034728406,0.15187376725838264,0.8481262327416174,0.8477292965271594,0.8304658247554118,0.8509837415449966,6,0.9843217645874147
CCE[CAR-FDH],20,0.8478527607361963,0.8479277646343883,0.776173285198556,0.7154742096505824,0.8481262327416174,0.8479277414074157,0.9272798804273562,0.8401759746042867,0.1522707034728406,0.15187376725838264,0.8481262327416174,0.8477292965271594,0.8304658247554118,0.8509837415449966,6,1.0
CCE[CAR-FDH],20,0.8478527607361963,0.8479277646343883,0.776173285198556,0.7154742096505824,0.8481262327416174,0.8479277414074157,0.9272798804273562,0.8401759746042867,0.1522707034728406,0.15187376725838264,0.8481262327416174,0.8477292965271594,0.8304658247554118,0.8509837415449966,6,0.9928855181299987
CCE[CAR-DEA],5,0.8460122699386503,0.8482149286656444,0.7752909579230081,0.7098360655737705,0.854043392504931,0.8481949034393795,0.9272886622020124,0.8402524962061729,0.15761353517364202,0.14595660749506903,0.854043392504931,0.8423864648263579,0.8290827164790029,0.8494113810621274,6,1.0
CCE[CAR-DEA],5,0.8460122699386503,0.8482149286656444,0.7752909579230081,0.7098360655737705,0.854043392504931,0.8481949034393795,0.9272886622020124,0.8402524962061729,0.15761353517364202,0.14595660749506903,0.854043392504931,0.8423864648263579,0.8290827164790029,0.8494113810621274,6,1.0
CCE[CAR-DEA],5,0.8460122699386503,0.8482149286656444,0.7752909579230081,0.7098360655737705,0.854043392504931,0.8481949034393795,0.9272886622020124,0.8402524962061729,0.15761353517364202,0.14595660749506903,0.854043392504931,0.8423864648263579,0.8290827164790029,0.8494113810621274,6,0.9999999849719753
CCE[CAR-DEA],5,0.8460122699386503,0.8482149286656444,0.7752909579230081,0.7098360655737705,0.854043392504931,0.8481949034393795,0.9272886622020124,0.8402524962061729,0.15761353517364202,0.14595660749506903,0.854043392504931,0.8423864648263579,0.8290827164790029,0.8494113810621274,6,0.99288551823538
CCE[CAR-DEA],10,0.847239263803681,0.8458596567028651,0.7742520398912058,0.7164429530201343,0.8422090729783037,0.8458517790227545,0.9277172128052326,0.8406923200266954,0.15048975957257346,0.15779092702169625,0.8422090729783037,0.8495102404274265,0.8294069657036001,0.8502507904277934,6,1.0
CCE[CAR-DEA],10,0.847239263803681,0.8458596567028651,0.7742520398912058,0.7164429530201343,0.8422090729783037,0.8458517790227545,0.9277172128052326,0.8406923200266954,0.15048975957257346,0.15779092702169625,0.8422090729783037,0.8495102404274265,0.8294069657036001,0.8502507904277934,6,1.0
CCE[CAR-DEA],10,0.847239263803681,0.8458596567028651,0.7742520398912058,0.7164429530201343,0.8422090729783037,0.8458517790227545,0.9277172128052326,0.8406923200266954,0.15048975957257346,0.15779092702169625,0.8422090729783037,0.8495102404274265,0.8294069657036001,0.8502507904277934,6,0.9999999849719753
CCE[CAR-DEA],10,0.847239263803681,0.8458596567028651,0.7742520398912058,0.7164429530201343,0.8422090729783037,0.8458517790227545,0.9277172128052326,0.8406923200266954,0.15048975957257346,0.15779092702169625,0.8422090729783037,0.8495102404274265,0.8294069657036001,0.8502507904277934,6,0.99288551823538
CCE[CAR-DEA],15,0.847239263803681,0.8485644432969592,0.7762803234501348,0.7128712871287128,0.8520710059171598,0.8485571980994969,0.9273255456555682,0.8402208828243987,0.1549421193232413,0.14792899408284024,0.8520710059171598,0.8450578806767587,0.8301522716458871,0.8505112410253862,6,1.0
CCE[CAR-DEA],15,0.847239263803681,0.8485644432969592,0.7762803234501348,0.7128712871287128,0.8520710059171598,0.8485571980994969,0.9273255456555682,0.8402208828243987,0.1549421193232413,0.14792899408284024,0.8520710059171598,0.8450578806767587,0.8301522716458871,0.8505112410253862,6,1.0
CCE[CAR-DEA],15,0.847239263803681,0.8485644432969592,0.7762803234501348,0.7128712871287128,0.8520710059171598,0.8485571980994969,0.9273255456555682,0.8402208828243987,0.1549421193232413,0.14792899408284024,0.8520710059171598,0.8450578806767587,0.8301522716458871,0.8505112410253862,6,0.9999999849719753
CCE[CAR-DEA],15,0.847239263803681,0.8485644432969592,0.7762803234501348,0.7128712871287128,0.8520710059171598,0.8485571980994969,0.9273255456555682,0.8402208828243987,0.1549421193232413,0.14792899408284024,0.8520710059171598,0.8450578806767587,0.8301522716458871,0.8505112410253862,6,0.99288551823538
CCE[CAR-DEA],20,0.8478527607361963,0.8479277646343883,0.776173285198556,0.7154742096505824,0.8481262327416174,0.8479277414074157,0.9272904185569436,0.8401924274735015,0.1522707034728406,0.15187376725838264,0.8481262327416174,0.8477292965271594,0.8304658247554118,0.8509837415449966,6,1.0
CCE[CAR-DEA],20,0.8478527607361963,0.8479277646343883,0.776173285198556,0.7154742096505824,0.8481262327416174,0.8479277414074157,0.9272904185569436,0.8401924274735015,0.1522707034728406,0.15187376725838264,0.8481262327416174,0.8477292965271594,0.8304658247554118,0.8509837415449966,6,1.0
CCE[CAR-DEA],20,0.8478527607361963,0.8479277646343883,0.776173285198556,0.7154742096505824,0.8481262327416174,0.8479277414074157,0.9272904185569436,0.8401924274735015,0.1522707034728406,0.15187376725838264,0.8481262327416174,0.8477292965271594,0.8304658247554118,0.8509837415449966,6,0.9999999849719753
CCE[CAR-DEA],20,0.8478527607361963,0.8479277646343883,0.776173285198556,0.7154742096505824,0.8481262327416174,0.8479277414074157,0.9272904185569436,0.8401924274735015,0.1522707034728406,0.15187376725838264,0.8481262327416174,0.8477292965271594,0.8304658247554118,0.8509837415449966,6,0.99288551823538
CCE[FDH],5,0.8484662576687116,0.8440453420589047,0.773602199816682,0.7226027397260274,0.8323471400394478,0.8439642714717521,0.9263929211870852,0.8380447112716444,0.14425645592163847,0.16765285996055226,0.8323471400394478,0.8557435440783615,0.8298624184883318,0.8511239489801944,6,0.9681680551249376
CCE[FDH],5,0.8484662576687116,0.8440453420589047,0.773602199816682,0.7226027397260274,0.8323471400394478,0.8439642714717521,0.9263929211870852,0.8380447112716444,0.14425645592163847,0.16765285996055226,0.8323471400394478,0.8557435440783615,0.8298624184883318,0.8511239489801944,6,1.0
CCE[FDH],5,0.8484662576687116,0.8440453420589047,0.773602199816682,0.7226027397260274,0.8323471400394478,0.8439642714717521,0.9263929211870852,0.8380447112716444,0.14425645592163847,0.16765285996055226,0.8323471400394478,0.8557435440783615,0.8298624184883318,0.8511239489801944,6,0.9767425782658226
CCE[FDH],5,0.8484662576687116,0.8440453420589047,0.773602199816682,0.7226027397260274,0.8323471400394478,0.8439642714717521,0.9263929211870852,0.8380447112716444,0.14425645592163847,0.16765285996055226,0.8323471400394478,0.8557435440783615,0.8298624184883318,0.8511239489801944,6,1.0
CCE[FDH],10,0.8441717791411043,0.8495840073345382,0.7752212389380531,0.7030497592295345,0.863905325443787,0.8494632925360733,0.9269848127989097,0.8390894475099993,0.1647373107747106,0.13609467455621302,0.863905325443787,0.8352626892252895,0.8279862063234866,0.8479268320347915,6,0.9681680551249376
CCE[FDH],10,0.8441717791411043,0.8495840073345382,0.7752212389380531,0.7030497592295345,0.863905325443787,0.8494632925360733,0.9269848127989097,0.8390894475099993,0.1647373107747106,0.13609467455621302,0.863905325443787,0.8352626892252895,0.8279862063234866,0.8479268320347915,6,1.0
CCE[FDH],10,0.8441717791411043,0.8495840073345382,0.7752212389380531,0.7030497592295345,0.863905325443787,0.8494632925360733,0.9269848127989097,0.8390894475099993,0.1647373107747106,0.13609467455621302,0.863905325443787,0.8352626892252895,0.8279862063234866,0.8479268320347915,6,0.9767425782658226
CCE[FDH],10,0.8441717791411043,0.8495840073345382,0.7752212389380531,0.7030497592295345,0.863905325443787,0.8494632925360733,0.9269848127989097,0.8390894475099993,0.1647373107747106,0.13609467455621302,0.863905325443787,0.8352626892252895,0.8279862063234866,0.8479268320347915,6,1.0
CCE[FDH],15,0.8466257668711656,0.8454144207277983,0.7735507246376812,0.7152428810720268,0.8422090729783037,0.84540834424574,0.9270497979313651,0.8392163646417441,0.15138023152270705,0.15779092702169625,0.8422090729783037,0.8486197684772929,0.8287976257696754,0.8496762092649568,6,0.9681680551249376
CCE[FDH],15,0.8466257668711656,0.8454144207277983,0.7735507246376812,0.7152428810720268,0.8422090729783037,0.84540834424574,0.9270497979313651,0.8392163646417441,0.15138023152270705,0.15779092702169625,0.8422090729783037,0.8486197684772929,0.8287976257696754,0.8496762092649568,6,1.0
CCE[FDH],15,0.8466257668711656,0.8454144207277983,0.7735507246376812,0.7152428810720268,0.8422090729783037,0.84540834424574,0.9270497979313651,0.8392163646417441,0.15138023152270705,0.15779092702169625,0.8422090729783037,0.8486197684772929,0.8287976257696754,0.8496762092649568,6,0.9767425782658226
CCE[FDH],15,0.8466257668711656,0.8454144207277983,0.7735507246376812,0.7152428810720268,0.8422090729783037,0.84540834424574,0.9270497979313651,0.8392163646417441,0.15138023152270705,0.15779092702169625,0.8422090729783037,0.8486197684772929,0.8287976257696754,0.8496762092649568,6,1.0
CCE[FDH],20,0.8484662576687116,0.8472910859718175,0.7760652765185857,0.7181208053691275,0.8441814595660749,0.8472853796631442,0.9271358593229955,0.8397343396037834,0.1495992876224399,0.15581854043392504,0.8441814595660749,0.8504007123775601,0.8307771908786716,0.8514535953239556,6,0.9681680551249376
CCE[FDH],20,0.8484662576687116,0.8472910859718175,0.7760652765185857,0.7181208053691275,0.8441814595660749,0.8472853796631442,0.9271358593229955,0.8397343396037834,0.1495992876224399,0.15581854043392504,0.8441814595660749,0.8504007123775601,0.8307771908786716,0.8514535953239556,6,1.0
CCE[FDH],20,0.8484662576687116,0.8472910859718175,0.7760652765185857,0.7181208053691275,0.8441814595660749,0.8472853796631442,0.9271358593229955,0.8397343396037834,0.1495992876224399,0.15581854043392504,0.8441814595660749,0.8504007123775601,0.8307771908786716,0.8514535953239556,6,0.9767425782658226
CCE[FDH],20,0.8484662576687116,0.8472910859718175,0.7760652765185857,0.7181208053691275,0.8441814595660749,0.8472853796631442,0.9271358593229955,0.8397343396037834,0.1495992876224399,0.15581854043392504,0.8441814595660749,0.8504007123775601,0.8307771908786716,0.8514535953239556,6,1.0
CCE[DEA],5,0.8478527607361963,0.8452229780402942,0.7741347905282332,0.7191201353637902,0.8382642998027613,0.8451943323310268,0.9273554036893991,0.8410385968472676,0.14781834372217276,0.16173570019723865,0.8382642998027613,0.8521816562778273,0.8297130936914987,0.8507169186906224,6,1.0
CCE[DEA],5,0.8478527607361963,0.8452229780402942,0.7741347905282332,0.7191201353637902,0.8382642998027613,0.8451943323310268,0.9273554036893991,0.8410385968472676,0.14781834372217276,0.16173570019723865,0.8382642998027613,0.8521816562778273,0.8297130936914987,0.8507169186906224,6,0.9965027583295878
CCE[DEA],5,0.8478527607361963,0.8452229780402942,0.7741347905282332,0.7191201353637902,0.8382642998027613,0.8451943323310268,0.9273554036893991,0.8410385968472676,0.14781834372217276,0.16173570019723865,0.8382642998027613,0.8521816562778273,0.8297130936914987,0.8507169186906224,6,1.0
CCE[DEA],5,0.8478527607361963,0.8452229780402942,0.7741347905282332,0.7191201353637902,0.8382642998027613,0.8451943323310268,0.9273554036893991,0.8410385968472676,0.14781834372217276,0.16173570019723865,0.8382642998027613,0.8521816562778273,0.8297130936914987,0.8507169186906224,6,0.9727362532262432
CCE[DEA],10,0.847239263803681,0.8453186993840462,0.773841961852861,0.7171717171717171,0.8402366863905325,0.8453034228442882,0.9274994247937599,0.8405795701786091,0.1495992876224399,0.15976331360946747,0.8402366863905325,0.8504007123775601,0.8292553950070234,0.8501969133033203,6,1.0
CCE[DEA],10,0.847239263803681,0.8453186993840462,0.773841961852861,0.7171717171717171,0.8402366863905325,0.8453034228442882,0.9274994247937599,0.8405795701786091,0.1495992876224399,0.15976331360946747,0.8402366863905325,0.8504007123775601,0.8292553950070234,0.8501969133033203,6,0.9965027583295878
CCE[DEA],10,0.847239263803681,0.8453186993840462,0.773841961852861,0.7171717171717171,0.8402366863905325,0.8453034228442882,0.9274994247937599,0.8405795701786091,0.1495992876224399,0.15976331360946747,0.8402366863905325,0.8504007123775601,0.8292553950070234,0.8501969133033203,6,1.0
CCE[DEA],10,0.847239263803681,0.8453186993840462,0.773841961852861,0.7171717171717171,0.8402366863905325,0.8453034228442882,0.9274994247937599,0.8405795701786091,0.1495992876224399,0.15976331360946747,0.8402366863905325,0.8504007123775601,0.8292553950070234,0.8501969133033203,6,0.9727362532262432
CCE[DEA],15,0.849079754601227,0.845572492671609,0.7751371115173674,0.7223168654173765,0.8362919132149902,0.8455215616457263,0.9272394842639379,0.8407958643265093,0.14514692787177205,0.16370808678500987,0.8362919132149902,0.8548530721282279,0.8307818521575756,0.8518107848166973,6,1.0
CCE[DEA],15,0.849079754601227,0.845572492671609,0.7751371115173674,0.7223168654173765,0.8362919132149902,0.8455215616457263,0.9272394842639379,0.8407958643265093,0.14514692787177205,0.16370808678500987,0.8362919132149902,0.8548530721282279,0.8307818521575756,0.8518107848166973,6,0.9965027583295878
CCE[DEA],15,0.849079754601227,0.845572492671609,0.7751371115173674,0.7223168654173765,0.8362919132149902,0.8455215616457263,0.9272394842639379,0.8407958643265093,0.14514692787177205,0.16370808678500987,0.8362919132149902,0.8548530721282279,0.8307818521575756,0.8518107848166973,6,1.0
CCE[DEA],15,0.849079754601227,0.845572492671609,0.7751371115173674,0.7223168654173765,0.8362919132149902,0.8455215616457263,0.9272394842639379,0.8407958643265093,0.14514692787177205,0.16370808678500987,0.8362919132149902,0.8548530721282279,0.8307818521575756,0.8518107848166973,6,0.9727362532262432
CCE[DEA],20,0.847239263803681,0.8447777420652275,0.7734303912647862,0.7179054054054054,0.8382642998027613,0.8447526315784506,0.926972518314391,0.841217721655631,0.14870881567230632,0.16173570019723865,0.8382642998027613,0.8512911843276937,0.8291029790659887,0.8501424355601854,6,1.0
CCE[DEA],20,0.847239263803681,0.8447777420652275,0.7734303912647862,0.7179054054054054,0.8382642998027613,0.8447526315784506,0.926972518314391,0.841217721655631,0.14870881567230632,0.16173570019723865,0.8382642998027613,0.8512911843276937,0.8291029790659887,0.8501424355601854,6,0.9965027583295878
CCE[DEA],20,0.847239263803681,0.8447777420652275,0.7734303912647862,0.7179054054054054,0.8382642998027613,0.8447526315784506,0.926972518314391,0.841217721655631,0.14870881567230632,0.16173570019723865,0.8382642998027613,0.8512911843276937,0.8291029790659887,0.8501424355601854,6,1.0
CCE[DEA],20,0.847239263803681,0.8447777420652275,0.7734303912647862,0.7179054054054054,0.8382642998027613,0.8447526315784506,0.926972518314391,0.841217721655631,0.14870881567230632,0.16173570019723865,0.8382642998027613,0.8512911843276937,0.8291029790659887,0.8501424355601854,6,0.9727362532262432
CCE[CAR-FDH],5,0.849079754601227,0.8423267487586962,0.7726432532347505,0.7269565217391304,0.8244575936883629,0.8421371889255741,0.9169428534796027,0.8175975374854599,0.13980409617097062,0.1755424063116371,0.8244575936883629,0.8601959038290294,0.8298477974162732,0.8514662018431556,7,0.9965691219080242
CCE[CAR-FDH],5,0.849079754601227,0.8423267487586962,0.7726432532347505,0.7269565217391304,0.8244575936883629,0.8421371889255741,0.9169428534796027,0.8175975374854599,0.13980409617097062,0.1755424063116371,0.8244575936883629,0.8601959038290294,0.8298477974162732,0.8514662018431556,7,0.9866506236712225
CCE[CAR-FDH],5,0.849079754601227,0.8423267487586962,0.7726432532347505,0.7269565217391304,0.8244575936883629,0.8421371889255741,0.9169428534796027,0.8175975374854599,0.13980409617097062,0.1755424063116371,0.8244575936883629,0.8601959038290294,0.8298477974162732,0.8514662018431556,7,0.9884290521162143
CCE[CAR-FDH],5,0.849079754601227,0.8423267487586962,0.7726432532347505,0.7269565217391304,0.8244575936883629,0.8421371889255741,0.9169428534796027,0.8175975374854599,0.13980409617097062,0.1755424063116371,0.8244575936883629,0.8601959038290294,0.8298477974162732,0.8514662018431556,7,0.9932964023478159
CCE[CAR-FDH],10,0.8392638036809816,0.8379077597517217,0.7635379061371841,0.7038269550748752,0.834319526627219,0.8379000766411191,0.9166354913666374,0.818468068233104,0.1585040071237756,0.16568047337278108,0.834319526627219,0.8414959928762245,0.8208953471206366,0.8425715334064077,7,0.9965691219080242
CCE[CAR-FDH],10,0.8392638036809816,0.8379077597517217,0.7635379061371841,0.7038269550748752,0.834319526627219,0.8379000766411191,0.9166354913666374,0.818468068233104,0.1585040071237756,0.16568047337278108,0.834319526627219,0.8414959928762245,0.8208953471206366,0.8425715334064077,7,0.9866506236712225
CCE[CAR-FDH],10,0.8392638036809816,0.8379077597517217,0.7635379061371841,0.7038269550748752,0.834319526627219,0.8379000766411191,0.9166354913666374,0.818468068233104,0.1585040071237756,0.16568047337278108,0.834319526627219,0.8414959928762245,0.8208953471206366,0.8425715334064077,7,0.9884290521162143
CCE[CAR-FDH],10,0.8392638036809816,0.8379077597517217,0.7635379061371841,0.7038269550748752,0.834319526627219,0.8379000766411191,0.9166354913666374,0.818468068233104,0.1585040071237756,0.16568047337278108,0.834319526627219,0.8414959928762245,0.8208953471206366,0.8425715334064077,7,0.9932964023478159
CCE[CAR-FDH],15,0.839877300613497,0.8378120384079697,0.7638009049773755,0.705685618729097,0.8323471400394478,0.8377942149401242,0.9168146395696228,0.8184517491493352,0.15672306322350846,0.16765285996055226,0.8323471400394478,0.8432769367764915,0.8213436079411239,0.8430898073433749,7,0.9965691219080242
CCE[CAR-FDH],15,0.839877300613497,0.8378120384079697,0.7638009049773755,0.705685618729097,0.8323471400394478,0.8377942149401242,0.9168146395696228,0.8184517491493352,0.15672306322350846,0.16765285996055226,0.8323471400394478,0.8432769367764915,0.8213436079411239,0.8430898073433749,7,0.9866506236712225
CCE[CAR-FDH],15,0.839877300613497,0.8378120384079697,0.7638009049773755,0.705685618729097,0.8323471400394478,0.8377942149401242,0.9168146395696228,0.8184517491493352,0.15672306322350846,0.16765285996055226,0.8323471400394478,0.8432769367764915,0.8213436079411239,0.8430898073433749,7,0.9884290521162143
CCE[CAR-FDH],15,0.839877300613497,0.8378120384079697,0.7638009049773755,0.705685618729097,0.8323471400394478,0.8377942149401242,0.9168146395696228,0.8184517491493352,0.15672306322350846,0.16765285996055226,0.8323471400394478,0.8432769367764915,0.8213436079411239,0.8430898073433749,7,0.9932964023478159
CCE[CAR-FDH],20,0.841717791411043,0.8386067890143512,0.7654545454545455,0.7099494097807757,0.8303747534516766,0.8385663838787335,0.9168128832146915,0.8184451929922436,0.15316117542297417,0.16962524654832348,0.8303747534516766,0.8468388245770259,0.8230050505050506,0.8447541984259777,7,0.9965691219080242
CCE[CAR-FDH],20,0.841717791411043,0.8386067890143512,0.7654545454545455,0.7099494097807757,0.8303747534516766,0.8385663838787335,0.9168128832146915,0.8184451929922436,0.15316117542297417,0.16962524654832348,0.8303747534516766,0.8468388245770259,0.8230050505050506,0.8447541984259777,7,0.9866506236712225
CCE[CAR-FDH],20,0.841717791411043,0.8386067890143512,0.7654545454545455,0.7099494097807757,0.8303747534516766,0.8385663838787335,0.9168128832146915,0.8184451929922436,0.15316117542297417,0.16962524654832348,0.8303747534516766,0.8468388245770259,0.8230050505050506,0.8447541984259777,7,0.9884290521162143
CCE[CAR-FDH],20,0.841717791411043,0.8386067890143512,0.7654545454545455,0.7099494097807757,0.8303747534516766,0.8385663838787335,0.9168128832146915,0.8184451929922436,0.15316117542297417,0.16962524654832348,0.8303747534516766,0.8468388245770259,0.8230050505050506,0.8447541984259777,7,0.9932964023478159
CCE[CAR-DEA],5,0.8306748466257668,0.8360021146513372,0.7574692442882249,0.6830427892234548,0.8500986193293886,0.8358832599456513,0.9160875086280936,0.8192358968214475,0.17809439002671415,0.14990138067061143,0.8500986193293886,0.8219056099732859,0.8137016343967043,0.8349526480818721,7,1.0
CCE[CAR-DEA],5,0.8306748466257668,0.8360021146513372,0.7574692442882249,0.6830427892234548,0.8500986193293886,0.8358832599456513,0.9160875086280936,0.8192358968214475,0.17809439002671415,0.14990138067061143,0.8500986193293886,0.8219056099732859,0.8137016343967043,0.8349526480818721,7,1.0
CCE[CAR-DEA],5,0.8306748466257668,0.8360021146513372,0.7574692442882249,0.6830427892234548,0.8500986193293886,0.8358832599456513,0.9160875086280936,0.8192358968214475,0.17809439002671415,0.14990138067061143,0.8500986193293886,0.8219056099732859,0.8137016343967043,0.8349526480818721,7,1.0
CCE[CAR-DEA],5,0.8306748466257668,0.8360021146513372,0.7574692442882249,0.6830427892234548,0.8500986193293886,0.8358832599456513,0.9160875086280936,0.8192358968214475,0.17809439002671415,0.14990138067061143,0.8500986193293886,0.8219056099732859,0.8137016343967043,0.8349526480818721,7,1.0
CCE[CAR-DEA],10,0.8392638036809816,0.840071589026997,0.7652329749103942,0.7011494252873564,0.8422090729783037,0.8400688697081338,0.916656567625812,0.8189668827996308,0.1620658949243099,0.15779092702169625,0.8422090729783037,0.8379341050756901,0.8215157411865404,0.8427857927362987,7,1.0
CCE[CAR-DEA],10,0.8392638036809816,0.840071589026997,0.7652329749103942,0.7011494252873564,0.8422090729783037,0.8400688697081338,0.916656567625812,0.8189668827996308,0.1620658949243099,0.15779092702169625,0.8422090729783037,0.8379341050756901,0.8215157411865404,0.8427857927362987,7,1.0
CCE[CAR-DEA],10,0.8392638036809816,0.840071589026997,0.7652329749103942,0.7011494252873564,0.8422090729783037,0.8400688697081338,0.916656567625812,0.8189668827996308,0.1620658949243099,0.15779092702169625,0.8422090729783037,0.8379341050756901,0.8215157411865404,0.8427857927362987,7,1.0
CCE[CAR-DEA],10,0.8392638036809816,0.840071589026997,0.7652329749103942,0.7011494252873564,0.8422090729783037,0.8400688697081338,0.916656567625812,0.8189668827996308,0.1620658949243099,0.15779092702169625,0.8422090729783037,0.8379341050756901,0.8215157411865404,0.8427857927362987,7,1.0
CCE[CAR-DEA],15,0.841717791411043,0.8396887036519889,0.7663043478260869,0.7085427135678392,0.834319526627219,0.8396715375543191,0.916816395924554,0.8185749860965141,0.1549421193232413,0.16568047337278108,0.834319526627219,0.8450578806767587,0.8233191497943051,0.8448658479614353,7,1.0
CCE[CAR-DEA],15,0.841717791411043,0.8396887036519889,0.7663043478260869,0.7085427135678392,0.834319526627219,0.8396715375543191,0.916816395924554,0.8185749860965141,0.1549421193232413,0.16568047337278108,0.834319526627219,0.8450578806767587,0.8233191497943051,0.8448658479614353,7,1.0
CCE[CAR-DEA],15,0.841717791411043,0.8396887036519889,0.7663043478260869,0.7085427135678392,0.834319526627219,0.8396715375543191,0.916816395924554,0.8185749860965141,0.1549421193232413,0.16568047337278108,0.834319526627219,0.8450578806767587,0.8233191497943051,0.8448658479614353,7,1.0
CCE[CAR-DEA],15,0.841717791411043,0.8396887036519889,0.7663043478260869,0.7085427135678392,0.834319526627219,0.8396715375543191,0.916816395924554,0.8185749860965141,0.1549421193232413,0.16568047337278108,0.834319526627219,0.8450578806767587,0.8233191497943051,0.8448658479614353,7,1.0
CCE[CAR-DEA],20,0.841717791411043,0.8386067890143512,0.7654545454545455,0.7099494097807757,0.8303747534516766,0.8385663838787335,0.9168796247020782,0.8183580005597217,0.15316117542297417,0.16962524654832348,0.8303747534516766,0.8468388245770259,0.8230050505050506,0.8447541984259777,7,1.0
CCE[CAR-DEA],20,0.841717791411043,0.8386067890143512,0.7654545454545455,0.7099494097807757,0.8303747534516766,0.8385663838787335,0.9168796247020782,0.8183580005597217,0.15316117542297417,0.16962524654832348,0.8303747534516766,0.8468388245770259,0.8230050505050506,0.8447541984259777,7,1.0
CCE[CAR-DEA],20,0.841717791411043,0.8386067890143512,0.7654545454545455,0.7099494097807757,0.8303747534516766,0.8385663838787335,0.9168796247020782,0.8183580005597217,0.15316117542297417,0.16962524654832348,0.8303747534516766,0.8468388245770259,0.8230050505050506,0.8447541984259777,7,1.0
CCE[CAR-DEA],20,0.841717791411043,0.8386067890143512,0.7654545454545455,0.7099494097807757,0.8303747534516766,0.8385663838787335,0.9168796247020782,0.8183580005597217,0.15316117542297417,0.16962524654832348,0.8303747534516766,0.8468388245770259,0.8230050505050506,0.8447541984259777,7,1.0
CCE[FDH],5,0.849079754601227,0.8428677060775149,0.7730627306273062,0.7261698440207972,0.8264299802761341,0.8427074054016915,0.9170289148712327,0.8186566270384689,0.14069456812110417,0.17357001972386588,0.8264299802761341,0.8593054318788959,0.8300056300195355,0.8515251551886234,7,1.0
CCE[FDH],5,0.849079754601227,0.8428677060775149,0.7730627306273062,0.7261698440207972,0.8264299802761341,0.8427074054016915,0.9170289148712327,0.8186566270384689,0.14069456812110417,0.17357001972386588,0.8264299802761341,0.8593054318788959,0.8300056300195355,0.8515251551886234,7,1.0
CCE[FDH],5,0.849079754601227,0.8428677060775149,0.7730627306273062,0.7261698440207972,0.8264299802761341,0.8427074054016915,0.9170289148712327,0.8186566270384689,0.14069456812110417,0.17357001972386588,0.8264299802761341,0.8593054318788959,0.8300056300195355,0.8515251551886234,7,1.0
CCE[FDH],5,0.849079754601227,0.8428677060775149,0.7730627306273062,0.7261698440207972,0.8264299802761341,0.8427074054016915,0.9170289148712327,0.8186566270384689,0.14069456812110417,0.17357001972386588,0.8264299802761341,0.8593054318788959,0.8300056300195355,0.8515251551886234,7,0.9999999548214967
CCE[FDH],10,0.843558282208589,0.8399424969395515,0.7675478577939836,0.7135593220338983,0.8303747534516766,0.8398880023250712,0.9166934510793678,0.8179207003401017,0.15048975957257346,0.16962524654832348,0.8303747534516766,0.8495102404274265,0.8248280204365203,0.8464750021468286,7,1.0
CCE[FDH],10,0.843558282208589,0.8399424969395515,0.7675478577939836,0.7135593220338983,0.8303747534516766,0.8398880023250712,0.9166934510793678,0.8179207003401017,0.15048975957257346,0.16962524654832348,0.8303747534516766,0.8495102404274265,0.8248280204365203,0.8464750021468286,7,1.0
CCE[FDH],10,0.843558282208589,0.8399424969395515,0.7675478577939836,0.7135593220338983,0.8303747534516766,0.8398880023250712,0.9166934510793678,0.8179207003401017,0.15048975957257346,0.16962524654832348,0.8303747534516766,0.8495102404274265,0.8248280204365203,0.8464750021468286,7,1.0
CCE[FDH],10,0.843558282208589,0.8399424969395515,0.7675478577939836,0.7135593220338983,0.8303747534516766,0.8398880023250712,0.9166934510793678,0.8179207003401017,0.15048975957257346,0.16962524654832348,0.8303747534516766,0.8495102404274265,0.8248280204365203,0.8464750021468286,7,0.9999999548214967
CCE[FDH],15,0.845398773006135,0.8407372475459332,0.7692307692307693,0.717948717948718,0.8284023668639053,0.8406467570446411,0.9169569043190525,0.8184917945497657,0.14692787177203917,0.17159763313609466,0.8284023668639053,0.8530721282279609,0.8264973034345728,0.8481391347655808,7,1.0
CCE[FDH],15,0.845398773006135,0.8407372475459332,0.7692307692307693,0.717948717948718,0.8284023668639053,0.8406467570446411,0.9169569043190525,0.8184917945497657,0.14692787177203917,0.17159763313609466,0.8284023668639053,0.8530721282279609,0.8264973034345728,0.8481391347655808,7,1.0
CCE[FDH],15,0.845398773006135,0.8407372475459332,0.7692307692307693,0.717948717948718,0.8284023668639053,0.8406467570446411,0.9169569043190525,0.8184917945497657,0.14692787177203917,0.17159763313609466,0.8284023668639053,0.8530721282279609,0.8264973034345728,0.8481391347655808,7,1.0
CCE[FDH],15,0.845398773006135,0.8407372475459332,0.7692307692307693,0.717948717948718,0.8284023668639053,0.8406467570446411,0.9169569043190525,0.8184917945497657,0.14692787177203917,0.17159763313609466,0.8284023668639053,0.8530721282279609,0.8264973034345728,0.8481391347655808,7,0.9999999548214967
CCE[FDH],20,0.843558282208589,0.8394015396207327,0.7671232876712328,0.7142857142857143,0.8284023668639053,0.83932947220762,0.9169375844148089,0.8186701780596257,0.1495992876224399,0.17159763313609466,0.8284023668639053,0.8504007123775601,0.8246701888702584,0.8464179748448596,7,1.0
CCE[FDH],20,0.843558282208589,0.8394015396207327,0.7671232876712328,0.7142857142857143,0.8284023668639053,0.83932947220762,0.9169375844148089,0.8186701780596257,0.1495992876224399,0.17159763313609466,0.8284023668639053,0.8504007123775601,0.8246701888702584,0.8464179748448596,7,1.0
CCE[FDH],20,0.843558282208589,0.8394015396207327,0.7671232876712328,0.7142857142857143,0.8284023668639053,0.83932947220762,0.9169375844148089,0.8186701780596257,0.1495992876224399,0.17159763313609466,0.8284023668639053,0.8504007123775601,0.8246701888702584,0.8464179748448596,7,1.0
CCE[FDH],20,0.843558282208589,0.8394015396207327,0.7671232876712328,0.7142857142857143,0.8284023668639053,0.83932947220762,0.9169375844148089,0.8186701780596257,0.1495992876224399,0.17159763313609466,0.8284023668639053,0.8504007123775601,0.8246701888702584,0.8464179748448596,7,0.9999999548214967
CCE[DEA],5,0.850920245398773,0.839334798133346,0.7714016933207902,0.737410071942446,0.8086785009861933,0.8387747580863233,0.9170183767416454,0.8171656763457329,0.13000890471950133,0.1913214990138067,0.8086785009861933,0.8699910952804987,0.8303981611801948,0.8526937588497612,7,1.0
CCE[DEA],5,0.850920245398773,0.839334798133346,0.7714016933207902,0.737410071942446,0.8086785009861933,0.8387747580863233,0.9170183767416454,0.8171656763457329,0.13000890471950133,0.1913214990138067,0.8086785009861933,0.8699910952804987,0.8303981611801948,0.8526937588497612,7,0.9885057255131335
CCE[DEA],5,0.850920245398773,0.839334798133346,0.7714016933207902,0.737410071942446,0.8086785009861933,0.8387747580863233,0.9170183767416454,0.8171656763457329,0.13000890471950133,0.1913214990138067,0.8086785009861933,0.8699910952804987,0.8303981611801948,0.8526937588497612,7,0.993926602798987
CCE[DEA],5,0.850920245398773,0.839334798133346,0.7714016933207902,0.737410071942446,0.8086785009861933,0.8387747580863233,0.9170183767416454,0.8171656763457329,0.13000890471950133,0.1913214990138067,0.8086785009861933,0.8699910952804987,0.8303981611801948,0.8526937588497612,7,1.0
CCE[DEA],10,0.841717791411043,0.8380658316955324,0.7650273224043715,0.7106598984771574,0.8284023668639053,0.8380101167068166,0.9165441609102134,0.8185354283338714,0.1522707034728406,0.17159763313609466,0.8284023668639053,0.8477292965271594,0.8228466861790591,0.8446974396055668,7,1.0
CCE[DEA],10,0.841717791411043,0.8380658316955324,0.7650273224043715,0.7106598984771574,0.8284023668639053,0.8380101167068166,0.9165441609102134,0.8185354283338714,0.1522707034728406,0.17159763313609466,0.8284023668639053,0.8477292965271594,0.8228466861790591,0.8446974396055668,7,0.9885057255131335
CCE[DEA],10,0.841717791411043,0.8380658316955324,0.7650273224043715,0.7106598984771574,0.8284023668639053,0.8380101167068166,0.9165441609102134,0.8185354283338714,0.1522707034728406,0.17159763313609466,0.8284023668639053,0.8477292965271594,0.8228466861790591,0.8446974396055668,7,0.993926602798987
CCE[DEA],10,0.841717791411043,0.8380658316955324,0.7650273224043715,0.7106598984771574,0.8284023668639053,0.8380101167068166,0.9165441609102134,0.8185354283338714,0.1522707034728406,0.17159763313609466,0.8284023668639053,0.8477292965271594,0.8228466861790591,0.8446974396055668,7,1.0
CCE[DEA],15,0.8411042944785276,0.8376205957204657,0.7643312101910829,0.7094594594594594,0.8284023668639053,0.8375698697015406,0.9168286904090726,0.8186578177679334,0.15316117542297417,0.17159763313609466,0.8284023668639053,0.8468388245770259,0.822239644891932,0.844124059478265,7,1.0
CCE[DEA],15,0.8411042944785276,0.8376205957204657,0.7643312101910829,0.7094594594594594,0.8284023668639053,0.8375698697015406,0.9168286904090726,0.8186578177679334,0.15316117542297417,0.17159763313609466,0.8284023668639053,0.8468388245770259,0.822239644891932,0.844124059478265,7,0.9885057255131335
CCE[DEA],15,0.8411042944785276,0.8376205957204657,0.7643312101910829,0.7094594594594594,0.8284023668639053,0.8375698697015406,0.9168286904090726,0.8186578177679334,0.15316117542297417,0.17159763313609466,0.8284023668639053,0.8468388245770259,0.822239644891932,0.844124059478265,7,0.993926602798987
CCE[DEA],15,0.8411042944785276,0.8376205957204657,0.7643312101910829,0.7094594594594594,0.8284023668639053,0.8375698697015406,0.9168286904090726,0.8186578177679334,0.15316117542297417,0.17159763313609466,0.8284023668639053,0.8468388245770259,0.822239644891932,0.844124059478265,7,1.0
CCE[DEA],20,0.845398773006135,0.8407372475459332,0.7692307692307693,0.717948717948718,0.8284023668639053,0.8406467570446411,0.916884893766872,0.8183034945603208,0.14692787177203917,0.17159763313609466,0.8284023668639053,0.8530721282279609,0.8264973034345728,0.8481391347655808,7,1.0
CCE[DEA],20,0.845398773006135,0.8407372475459332,0.7692307692307693,0.717948717948718,0.8284023668639053,0.8406467570446411,0.916884893766872,0.8183034945603208,0.14692787177203917,0.17159763313609466,0.8284023668639053,0.8530721282279609,0.8264973034345728,0.8481391347655808,7,0.9885057255131335
CCE[DEA],20,0.845398773006135,0.8407372475459332,0.7692307692307693,0.717948717948718,0.8284023668639053,0.8406467570446411,0.916884893766872,0.8183034945603208,0.14692787177203917,0.17159763313609466,0.8284023668639053,0.8530721282279609,0.8264973034345728,0.8481391347655808,7,0.993926602798987
CCE[DEA],20,0.845398773006135,0.8407372475459332,0.7692307692307693,0.717948717948718,0.8284023668639053,0.8406467570446411,0.916884893766872,0.8183034945603208,0.14692787177203917,0.17159763313609466,0.8284023668639053,0.8530721282279609,0.8264973034345728,0.8481391347655808,7,1.0
CCE[CAR-FDH],5,0.839877300613497,0.8264519347127746,0.7544684854186265,0.7212230215827338,0.7909270216962525,0.8256880651587841,0.9101931814788861,0.8225429639775611,0.13802315227070347,0.20907297830374755,0.7909270216962525,0.8619768477292965,0.8178350620083574,0.841782185431225,8,1.0
CCE[CAR-FDH],5,0.839877300613497,0.8264519347127746,0.7544684854186265,0.7212230215827338,0.7909270216962525,0.8256880651587841,0.9101931814788861,0.8225429639775611,0.13802315227070347,0.20907297830374755,0.7909270216962525,0.8619768477292965,0.8178350620083574,0.841782185431225,8,1.0
CCE[CAR-FDH],5,0.839877300613497,0.8264519347127746,0.7544684854186265,0.7212230215827338,0.7909270216962525,0.8256880651587841,0.9101931814788861,0.8225429639775611,0.13802315227070347,0.20907297830374755,0.7909270216962525,0.8619768477292965,0.8178350620083574,0.841782185431225,8,0.9999999836884915
CCE[CAR-FDH],5,0.839877300613497,0.8264519347127746,0.7544684854186265,0.7212230215827338,0.7909270216962525,0.8256880651587841,0.9101931814788861,0.8225429639775611,0.13802315227070347,0.20907297830374755,0.7909270216962525,0.8619768477292965,0.8178350620083574,0.841782185431225,8,0.990820533056272
CCE[CAR-FDH],10,0.8404907975460123,0.8241923840937472,0.752851711026616,0.726605504587156,0.7810650887573964,0.8230632554033172,0.9111653239333216,0.8229560951918714,0.13268032056990206,0.21893491124260356,0.7810650887573964,0.8673196794300979,0.8175490439191051,0.841999078926328,8,1.0
CCE[CAR-FDH],10,0.8404907975460123,0.8241923840937472,0.752851711026616,0.726605504587156,0.7810650887573964,0.8230632554033172,0.9111653239333216,0.8229560951918714,0.13268032056990206,0.21893491124260356,0.7810650887573964,0.8673196794300979,0.8175490439191051,0.841999078926328,8,1.0
CCE[CAR-FDH],10,0.8404907975460123,0.8241923840937472,0.752851711026616,0.726605504587156,0.7810650887573964,0.8230632554033172,0.9111653239333216,0.8229560951918714,0.13268032056990206,0.21893491124260356,0.7810650887573964,0.8673196794300979,0.8175490439191051,0.841999078926328,8,0.9999999836884915
CCE[CAR-FDH],10,0.8404907975460123,0.8241923840937472,0.752851711026616,0.726605504587156,0.7810650887573964,0.8230632554033172,0.9111653239333216,0.8229560951918714,0.13268032056990206,0.21893491124260356,0.7810650887573964,0.8673196794300979,0.8175490439191051,0.841999078926328,8,0.990820533056272
CCE[CAR-FDH],15,0.839877300613497,0.8237471481186804,0.7521367521367521,0.7252747252747253,0.7810650887573964,0.8226406298271068,0.9110353536684107,0.8228814259175189,0.13357079252003562,0.21893491124260356,0.7810650887573964,0.8664292074799644,0.8169383352890376,0.8414277679404535,8,1.0
CCE[CAR-FDH],15,0.839877300613497,0.8237471481186804,0.7521367521367521,0.7252747252747253,0.7810650887573964,0.8226406298271068,0.9110353536684107,0.8228814259175189,0.13357079252003562,0.21893491124260356,0.7810650887573964,0.8664292074799644,0.8169383352890376,0.8414277679404535,8,1.0
CCE[CAR-FDH],15,0.839877300613497,0.8237471481186804,0.7521367521367521,0.7252747252747253,0.7810650887573964,0.8226406298271068,0.9110353536684107,0.8228814259175189,0.13357079252003562,0.21893491124260356,0.7810650887573964,0.8664292074799644,0.8169383352890376,0.8414277679404535,8,0.9999999836884915
CCE[CAR-FDH],15,0.839877300613497,0.8237471481186804,0.7521367521367521,0.7252747252747253,0.7810650887573964,0.8226406298271068,0.9110353536684107,0.8228814259175189,0.13357079252003562,0.21893491124260356,0.7810650887573964,0.8664292074799644,0.8169383352890376,0.8414277679404535,8,0.990820533056272
CCE[CAR-FDH],20,0.839877300613497,0.8232061907998616,0.7516650808753568,0.7261029411764706,0.7790927021696252,0.8220233772175145,0.9107806822033824,0.8224524853416808,0.13268032056990206,0.22090729783037474,0.7790927021696252,0.8673196794300979,0.8167560352317028,0.8413548253442851,8,1.0
CCE[CAR-FDH],20,0.839877300613497,0.8232061907998616,0.7516650808753568,0.7261029411764706,0.7790927021696252,0.8220233772175145,0.9107806822033824,0.8224524853416808,0.13268032056990206,0.22090729783037474,0.7790927021696252,0.8673196794300979,0.8167560352317028,0.8413548253442851,8,1.0
CCE[CAR-FDH],20,0.839877300613497,0.8232061907998616,0.7516650808753568,0.7261029411764706,0.7790927021696252,0.8220233772175145,0.9107806822033824,0.8224524853416808,0.13268032056990206,0.22090729783037474,0.7790927021696252,0.8673196794300979,0.8167560352317028,0.8413548253442851,8,0.9999999836884915
CCE[CAR-FDH],20,0.839877300613497,0.8232061907998616,0.7516650808753568,0.7261029411764706,0.7790927021696252,0.8220233772175145,0.9107806822033824,0.8224524853416808,0.13268032056990206,0.22090729783037474,0.7790927021696252,0.8673196794300979,0.8167560352317028,0.8413548253442851,8,0.990820533056272
CCE[CAR-DEA],5,0.8404907975460123,0.8258152560502037,0.7542533081285444,0.7241379310344828,0.7869822485207101,0.8249017121157391,0.9106621282455244,0.8220208892778307,0.13535173642030277,0.21301775147928995,0.7869822485207101,0.8646482635796973,0.8180894151905211,0.842213980804127,8,1.0
CCE[CAR-DEA],5,0.8404907975460123,0.8258152560502037,0.7542533081285444,0.7241379310344828,0.7869822485207101,0.8249017121157391,0.9106621282455244,0.8220208892778307,0.13535173642030277,0.21301775147928995,0.7869822485207101,0.8646482635796973,0.8180894151905211,0.842213980804127,8,1.0
CCE[CAR-DEA],5,0.8404907975460123,0.8258152560502037,0.7542533081285444,0.7241379310344828,0.7869822485207101,0.8249017121157391,0.9106621282455244,0.8220208892778307,0.13535173642030277,0.21301775147928995,0.7869822485207101,0.8646482635796973,0.8180894151905211,0.842213980804127,8,0.9908205321429673
CCE[CAR-DEA],5,0.8404907975460123,0.8258152560502037,0.7542533081285444,0.7241379310344828,0.7869822485207101,0.8249017121157391,0.9106621282455244,0.8220208892778307,0.13535173642030277,0.21301775147928995,0.7869822485207101,0.8646482635796973,0.8180894151905211,0.842213980804127,8,0.9877298088052218
CCE[CAR-DEA],10,0.839877300613497,0.8248290627563181,0.7530747398297067,0.7236363636363636,0.7850098619329389,0.8238673521952752,0.911030084603617,0.8228858705779167,0.13535173642030277,0.21499013806706113,0.7850098619329389,0.8646482635796973,0.817299966374227,0.8415715857309292,8,1.0
CCE[CAR-DEA],10,0.839877300613497,0.8248290627563181,0.7530747398297067,0.7236363636363636,0.7850098619329389,0.8238673521952752,0.911030084603617,0.8228858705779167,0.13535173642030277,0.21499013806706113,0.7850098619329389,0.8646482635796973,0.817299966374227,0.8415715857309292,8,1.0
CCE[CAR-DEA],10,0.839877300613497,0.8248290627563181,0.7530747398297067,0.7236363636363636,0.7850098619329389,0.8238673521952752,0.911030084603617,0.8228858705779167,0.13535173642030277,0.21499013806706113,0.7850098619329389,0.8646482635796973,0.817299966374227,0.8415715857309292,8,0.9908205321429673
CCE[CAR-DEA],10,0.839877300613497,0.8248290627563181,0.7530747398297067,0.7236363636363636,0.7850098619329389,0.8238673521952752,0.911030084603617,0.8228858705779167,0.13535173642030277,0.21499013806706113,0.7850098619329389,0.8646482635796973,0.817299966374227,0.8415715857309292,8,0.9877298088052218
CCE[CAR-DEA],15,0.839877300613497,0.8232061907998616,0.7516650808753568,0.7261029411764706,0.7790927021696252,0.8220233772175145,0.9106893517469584,0.8221970043064787,0.13268032056990206,0.22090729783037474,0.7790927021696252,0.8673196794300979,0.8167560352317028,0.8413548253442851,8,1.0
CCE[CAR-DEA],15,0.839877300613497,0.8232061907998616,0.7516650808753568,0.7261029411764706,0.7790927021696252,0.8220233772175145,0.9106893517469584,0.8221970043064787,0.13268032056990206,0.22090729783037474,0.7790927021696252,0.8673196794300979,0.8167560352317028,0.8413548253442851,8,1.0
CCE[CAR-DEA],15,0.839877300613497,0.8232061907998616,0.7516650808753568,0.7261029411764706,0.7790927021696252,0.8220233772175145,0.9106893517469584,0.8221970043064787,0.13268032056990206,0.22090729783037474,0.7790927021696252,0.8673196794300979,0.8167560352317028,0.8413548253442851,8,0.9908205321429673
CCE[CAR-DEA],15,0.839877300613497,0.8232061907998616,0.7516650808753568,0.7261029411764706,0.7790927021696252,0.8220233772175145,0.9106893517469584,0.8221970043064787,0.13268032056990206,0.22090729783037474,0.7790927021696252,0.8673196794300979,0.8167560352317028,0.8413548253442851,8,0.9877298088052218
CCE[CAR-DEA],20,0.8404907975460123,0.8236514267749284,0.7523809523809524,0.7274401473296501,0.7790927021696252,0.8224452522143488,0.9105707977891003,0.8223155455351584,0.13178984861976847,0.22090729783037474,0.7790927021696252,0.8682101513802315,0.8173669467787115,0.8419260710419137,8,1.0
CCE[CAR-DEA],20,0.8404907975460123,0.8236514267749284,0.7523809523809524,0.7274401473296501,0.7790927021696252,0.8224452522143488,0.9105707977891003,0.8223155455351584,0.13178984861976847,0.22090729783037474,0.7790927021696252,0.8682101513802315,0.8173669467787115,0.8419260710419137,8,1.0
CCE[CAR-DEA],20,0.8404907975460123,0.8236514267749284,0.7523809523809524,0.7274401473296501,0.7790927021696252,0.8224452522143488,0.9105707977891003,0.8223155455351584,0.13178984861976847,0.22090729783037474,0.7790927021696252,0.8682101513802315,0.8173669467787115,0.8419260710419137,8,0.9908205321429673
CCE[CAR-DEA],20,0.8404907975460123,0.8236514267749284,0.7523809523809524,0.7274401473296501,0.7790927021696252,0.8224452522143488,0.9105707977891003,0.8223155455351584,0.13178984861976847,0.22090729783037474,0.7790927021696252,0.8682101513802315,0.8173669467787115,0.8419260710419137,8,0.9877298088052218
CCE[FDH],5,0.8411042944785276,0.8197690041994447,0.7492739593417231,0.7357414448669202,0.7633136094674556,0.8178227244652746,0.9098085397489466,0.8218513432286492,0.12377560106856635,0.23668639053254437,0.7633136094674556,0.8762243989314337,0.8164870021225903,0.8418877593943781,8,0.9629201758193101
CCE[FDH],5,0.8411042944785276,0.8197690041994447,0.7492739593417231,0.7357414448669202,0.7633136094674556,0.8178227244652746,0.9098085397489466,0.8218513432286492,0.12377560106856635,0.23668639053254437,0.7633136094674556,0.8762243989314337,0.8164870021225903,0.8418877593943781,8,1.0
CCE[FDH],5,0.8411042944785276,0.8197690041994447,0.7492739593417231,0.7357414448669202,0.7633136094674556,0.8178227244652746,0.9098085397489466,0.8218513432286492,0.12377560106856635,0.23668639053254437,0.7633136094674556,0.8762243989314337,0.8164870021225903,0.8418877593943781,8,0.9944016178671784
CCE[FDH],5,0.8411042944785276,0.8197690041994447,0.7492739593417231,0.7357414448669202,0.7633136094674556,0.8178227244652746,0.9098085397489466,0.8218513432286492,0.12377560106856635,0.23668639053254437,0.7633136094674556,0.8762243989314337,0.8164870021225903,0.8418877593943781,8,1.0
CCE[FDH],10,0.8386503067484663,0.8244795481250033,0.7521206409048068,0.720216606498195,0.7869822485207101,0.8236264188324677,0.9110748716543633,0.823390311411998,0.13802315227070347,0.21301775147928995,0.7869822485207101,0.8619768477292965,0.8162604114028353,0.8404997357137469,8,0.9629201758193101
CCE[FDH],10,0.8386503067484663,0.8244795481250033,0.7521206409048068,0.720216606498195,0.7869822485207101,0.8236264188324677,0.9110748716543633,0.823390311411998,0.13802315227070347,0.21301775147928995,0.7869822485207101,0.8619768477292965,0.8162604114028353,0.8404997357137469,8,1.0
CCE[FDH],10,0.8386503067484663,0.8244795481250033,0.7521206409048068,0.720216606498195,0.7869822485207101,0.8236264188324677,0.9110748716543633,0.823390311411998,0.13802315227070347,0.21301775147928995,0.7869822485207101,0.8619768477292965,0.8162604114028353,0.8404997357137469,8,0.9944016178671784
CCE[FDH],10,0.8386503067484663,0.8244795481250033,0.7521206409048068,0.720216606498195,0.7869822485207101,0.8236264188324677,0.9110748716543633,0.823390311411998,0.13802315227070347,0.21301775147928995,0.7869822485207101,0.8619768477292965,0.8162604114028353,0.8404997357137469,8,1.0
CCE[FDH],15,0.8392638036809816,0.8238428694624325,0.7518939393939394,0.7231329690346083,0.7830374753451677,0.8228316920093861,0.9108904543865841,0.8221944117108607,0.13535173642030277,0.21696252465483234,0.7830374753451677,0.8646482635796973,0.8165095831270968,0.840928746648339,8,0.9629201758193101
CCE[FDH],15,0.8392638036809816,0.8238428694624325,0.7518939393939394,0.7231329690346083,0.7830374753451677,0.8228316920093861,0.9108904543865841,0.8221944117108607,0.13535173642030277,0.21696252465483234,0.7830374753451677,0.8646482635796973,0.8165095831270968,0.840928746648339,8,1.0
CCE[FDH],15,0.8392638036809816,0.8238428694624325,0.7518939393939394,0.7231329690346083,0.7830374753451677,0.8228316920093861,0.9108904543865841,0.8221944117108607,0.13535173642030277,0.21696252465483234,0.7830374753451677,0.8646482635796973,0.8165095831270968,0.840928746648339,8,0.9944016178671784
CCE[FDH],15,0.8392638036809816,0.8238428694624325,0.7518939393939394,0.7231329690346083,0.7830374753451677,0.8228316920093861,0.9108904543865841,0.8221944117108607,0.13535173642030277,0.21696252465483234,0.7830374753451677,0.8646482635796973,0.8165095831270968,0.840928746648339,8,1.0
CCE[FDH],20,0.839877300613497,0.8248290627563181,0.7530747398297067,0.7236363636363636,0.7850098619329389,0.8238673521952752,0.9107859512681761,0.8225162853519746,0.13535173642030277,0.21499013806706113,0.7850098619329389,0.8646482635796973,0.817299966374227,0.8415715857309292,8,0.9629201758193101
CCE[FDH],20,0.839877300613497,0.8248290627563181,0.7530747398297067,0.7236363636363636,0.7850098619329389,0.8238673521952752,0.9107859512681761,0.8225162853519746,0.13535173642030277,0.21499013806706113,0.7850098619329389,0.8646482635796973,0.817299966374227,0.8415715857309292,8,1.0
CCE[FDH],20,0.839877300613497,0.8248290627563181,0.7530747398297067,0.7236363636363636,0.7850098619329389,0.8238673521952752,0.9107859512681761,0.8225162853519746,0.13535173642030277,0.21499013806706113,0.7850098619329389,0.8646482635796973,0.817299966374227,0.8415715857309292,8,0.9944016178671784
CCE[FDH],20,0.839877300613497,0.8248290627563181,0.7530747398297067,0.7236363636363636,0.7850098619329389,0.8238673521952752,0.9107859512681761,0.8225162853519746,0.13535173642030277,0.21499013806706113,0.7850098619329389,0.8646482635796973,0.817299966374227,0.8415715857309292,8,1.0
CCE[DEA],5,0.841717791411043,0.8229190267686055,0.7523992322456814,0.7327102803738318,0.7731755424063116,0.8214142136469804,0.9107982457526946,0.8224201251477408,0.12733748886910062,0.22682445759368836,0.7731755424063116,0.8726625111308994,0.8180391111634178,0.8428453476133109,8,1.0
CCE[DEA],5,0.841717791411043,0.8229190267686055,0.7523992322456814,0.7327102803738318,0.7731755424063116,0.8214142136469804,0.9107982457526946,0.8224201251477408,0.12733748886910062,0.22682445759368836,0.7731755424063116,0.8726625111308994,0.8180391111634178,0.8428453476133109,8,0.9703961135690541
CCE[DEA],5,0.841717791411043,0.8229190267686055,0.7523992322456814,0.7327102803738318,0.7731755424063116,0.8214142136469804,0.9107982457526946,0.8224201251477408,0.12733748886910062,0.22682445759368836,0.7731755424063116,0.8726625111308994,0.8180391111634178,0.8428453476133109,8,1.0
CCE[DEA],5,0.841717791411043,0.8229190267686055,0.7523992322456814,0.7327102803738318,0.7731755424063116,0.8214142136469804,0.9107982457526946,0.8224201251477408,0.12733748886910062,0.22682445759368836,0.7731755424063116,0.8726625111308994,0.8180391111634178,0.8428453476133109,8,0.9943965892199235
CCE[DEA],10,0.839877300613497,0.8205014042057676,0.7492795389048992,0.7303370786516854,0.7692307692307693,0.8188979645187163,0.9105822140961534,0.8224118940147482,0.12822796081923418,0.23076923076923078,0.7692307692307693,0.8717720391807658,0.8158294945538467,0.8409796618420379,8,1.0
CCE[DEA],10,0.839877300613497,0.8205014042057676,0.7492795389048992,0.7303370786516854,0.7692307692307693,0.8188979645187163,0.9105822140961534,0.8224118940147482,0.12822796081923418,0.23076923076923078,0.7692307692307693,0.8717720391807658,0.8158294945538467,0.8409796618420379,8,0.9703961135690541
CCE[DEA],10,0.839877300613497,0.8205014042057676,0.7492795389048992,0.7303370786516854,0.7692307692307693,0.8188979645187163,0.9105822140961534,0.8224118940147482,0.12822796081923418,0.23076923076923078,0.7692307692307693,0.8717720391807658,0.8158294945538467,0.8409796618420379,8,1.0
CCE[DEA],10,0.839877300613497,0.8205014042057676,0.7492795389048992,0.7303370786516854,0.7692307692307693,0.8188979645187163,0.9105822140961534,0.8224118940147482,0.12822796081923418,0.23076923076923078,0.7692307692307693,0.8717720391807658,0.8158294945538467,0.8409796618420379,8,0.9943965892199235
CCE[DEA],15,0.8423312883435583,0.8249871347001287,0.7545367717287488,0.7314814814814815,0.7790927021696252,0.8237095807889037,0.9106753009075086,0.8223147238402068,0.12911843276936777,0.22090729783037474,0.7790927021696252,0.8708815672306323,0.8192024120731407,0.8436404700192424,8,1.0
CCE[DEA],15,0.8423312883435583,0.8249871347001287,0.7545367717287488,0.7314814814814815,0.7790927021696252,0.8237095807889037,0.9106753009075086,0.8223147238402068,0.12911843276936777,0.22090729783037474,0.7790927021696252,0.8708815672306323,0.8192024120731407,0.8436404700192424,8,0.9703961135690541
CCE[DEA],15,0.8423312883435583,0.8249871347001287,0.7545367717287488,0.7314814814814815,0.7790927021696252,0.8237095807889037,0.9106753009075086,0.8223147238402068,0.12911843276936777,0.22090729783037474,0.7790927021696252,0.8708815672306323,0.8192024120731407,0.8436404700192424,8,1.0
CCE[DEA],15,0.8423312883435583,0.8249871347001287,0.7545367717287488,0.7314814814814815,0.7790927021696252,0.8237095807889037,0.9106753009075086,0.8223147238402068,0.12911843276936777,0.22090729783037474,0.7790927021696252,0.8708815672306323,0.8192024120731407,0.8436404700192424,8,0.9943965892199235
CCE[DEA],20,0.841717791411043,0.8240009414062431,0.7533460803059273,0.7309833024118738,0.777120315581854,0.8226662496788649,0.9104882491073325,0.8219717954136709,0.12911843276936777,0.22287968441814596,0.777120315581854,0.8708815672306323,0.8184074574971372,0.842995069981668,8,1.0
CCE[DEA],20,0.841717791411043,0.8240009414062431,0.7533460803059273,0.7309833024118738,0.777120315581854,0.8226662496788649,0.9104882491073325,0.8219717954136709,0.12911843276936777,0.22287968441814596,0.777120315581854,0.8708815672306323,0.8184074574971372,0.842995069981668,8,0.9703961135690541
CCE[DEA],20,0.841717791411043,0.8240009414062431,0.7533460803059273,0.7309833024118738,0.777120315581854,0.8226662496788649,0.9104882491073325,0.8219717954136709,0.12911843276936777,0.22287968441814596,0.777120315581854,0.8708815672306323,0.8184074574971372,0.842995069981668,8,1.0
CCE[DEA],20,0.841717791411043,0.8240009414062431,0.7533460803059273,0.7309833024118738,0.777120315581854,0.8226662496788649,0.9104882491073325,0.8219717954136709,0.12911843276936777,0.22287968441814596,0.777120315581854,0.8708815672306323,0.8184074574971372,0.842995069981668,8,0.9943965892199235
CCE[CAR-FDH],5,0.850920245398773,0.8366300115392519,0.7692307692307693,0.7417582417582418,0.7988165680473372,0.8357750413235924,0.9232472895052525,0.8472535699163346,0.12555654496883348,0.20118343195266272,0.7988165680473372,0.8744434550311665,0.8295632776828972,0.8523637839445602,9,0.9493637761657149
CCE[CAR-FDH],5,0.850920245398773,0.8366300115392519,0.7692307692307693,0.7417582417582418,0.7988165680473372,0.8357750413235924,0.9232472895052525,0.8472535699163346,0.12555654496883348,0.20118343195266272,0.7988165680473372,0.8744434550311665,0.8295632776828972,0.8523637839445602,9,1.0
CCE[CAR-FDH],5,0.850920245398773,0.8366300115392519,0.7692307692307693,0.7417582417582418,0.7988165680473372,0.8357750413235924,0.9232472895052525,0.8472535699163346,0.12555654496883348,0.20118343195266272,0.7988165680473372,0.8744434550311665,0.8295632776828972,0.8523637839445602,9,0.9937174719994686
CCE[CAR-FDH],5,0.850920245398773,0.8366300115392519,0.7692307692307693,0.7417582417582418,0.7988165680473372,0.8357750413235924,0.9232472895052525,0.8472535699163346,0.12555654496883348,0.20118343195266272,0.7988165680473372,0.8744434550311665,0.8295632776828972,0.8523637839445602,9,0.9869153444837739
CCE[CAR-FDH],10,0.8521472392638036,0.8440119713152112,0.7758139534883721,0.7341549295774648,0.8224852071005917,0.8437374035479506,0.9238400592945425,0.8492707703033358,0.13446126447016918,0.17751479289940827,0.8224852071005917,0.8655387355298308,0.8327582353254217,0.854278282939914,9,0.9493637761657149
CCE[CAR-FDH],10,0.8521472392638036,0.8440119713152112,0.7758139534883721,0.7341549295774648,0.8224852071005917,0.8437374035479506,0.9238400592945425,0.8492707703033358,0.13446126447016918,0.17751479289940827,0.8224852071005917,0.8655387355298308,0.8327582353254217,0.854278282939914,9,1.0
CCE[CAR-FDH],10,0.8521472392638036,0.8440119713152112,0.7758139534883721,0.7341549295774648,0.8224852071005917,0.8437374035479506,0.9238400592945425,0.8492707703033358,0.13446126447016918,0.17751479289940827,0.8224852071005917,0.8655387355298308,0.8327582353254217,0.854278282939914,9,0.9937174719994686
CCE[CAR-FDH],10,0.8521472392638036,0.8440119713152112,0.7758139534883721,0.7341549295774648,0.8224852071005917,0.8437374035479506,0.9238400592945425,0.8492707703033358,0.13446126447016918,0.17751479289940827,0.8224852071005917,0.8655387355298308,0.8327582353254217,0.854278282939914,9,0.9869153444837739
CCE[CAR-FDH],15,0.8515337423312883,0.8430257780213257,0.7746741154562383,0.7336860670194003,0.8205128205128205,0.8427251207556837,0.9235616770379427,0.8482885146648187,0.13446126447016918,0.1794871794871795,0.8205128205128205,0.8655387355298308,0.8319848161910652,0.8536433386773556,9,0.9493637761657149
CCE[CAR-FDH],15,0.8515337423312883,0.8430257780213257,0.7746741154562383,0.7336860670194003,0.8205128205128205,0.8427251207556837,0.9235616770379427,0.8482885146648187,0.13446126447016918,0.1794871794871795,0.8205128205128205,0.8655387355298308,0.8319848161910652,0.8536433386773556,9,1.0
CCE[CAR-FDH],15,0.8515337423312883,0.8430257780213257,0.7746741154562383,0.7336860670194003,0.8205128205128205,0.8427251207556837,0.9235616770379427,0.8482885146648187,0.13446126447016918,0.1794871794871795,0.8205128205128205,0.8655387355298308,0.8319848161910652,0.8536433386773556,9,0.9937174719994686
CCE[CAR-FDH],15,0.8515337423312883,0.8430257780213257,0.7746741154562383,0.7336860670194003,0.8205128205128205,0.8427251207556837,0.9235616770379427,0.8482885146648187,0.13446126447016918,0.1794871794871795,0.8205128205128205,0.8655387355298308,0.8319848161910652,0.8536433386773556,9,0.9869153444837739
CCE[CAR-FDH],20,0.8515337423312883,0.841943863383688,0.7738317757009345,0.7353463587921847,0.8165680473372781,0.8415613685581278,0.9235616770379427,0.8480906513661247,0.13268032056990206,0.1834319526627219,0.8165680473372781,0.8673196794300979,0.8316647462979558,0.8535206419346215,9,0.9493637761657149
CCE[CAR-FDH],20,0.8515337423312883,0.841943863383688,0.7738317757009345,0.7353463587921847,0.8165680473372781,0.8415613685581278,0.9235616770379427,0.8480906513661247,0.13268032056990206,0.1834319526627219,0.8165680473372781,0.8673196794300979,0.8316647462979558,0.8535206419346215,9,1.0
CCE[CAR-FDH],20,0.8515337423312883,0.841943863383688,0.7738317757009345,0.7353463587921847,0.8165680473372781,0.8415613685581278,0.9235616770379427,0.8480906513661247,0.13268032056990206,0.1834319526627219,0.8165680473372781,0.8673196794300979,0.8316647462979558,0.8535206419346215,9,0.9937174719994686
CCE[CAR-FDH],20,0.8515337423312883,0.841943863383688,0.7738317757009345,0.7353463587921847,0.8165680473372781,0.8415613685581278,0.9235616770379427,0.8480906513661247,0.13268032056990206,0.1834319526627219,0.8165680473372781,0.8673196794300979,0.8316647462979558,0.8535206419346215,9,0.9869153444837739
CCE[CAR-DEA],5,0.8460122699386503,0.8438872701150939,0.7720254314259763,0.7154882154882155,0.8382642998027613,0.8438685364837181,0.9240824362750523,0.8504065686862845,0.15048975957257346,0.16173570019723865,0.8382642998027613,0.8495102404274265,0.827883952396638,0.8489936756591703,9,1.0
CCE[CAR-DEA],5,0.8460122699386503,0.8438872701150939,0.7720254314259763,0.7154882154882155,0.8382642998027613,0.8438685364837181,0.9240824362750523,0.8504065686862845,0.15048975957257346,0.16173570019723865,0.8382642998027613,0.8495102404274265,0.827883952396638,0.8489936756591703,9,1.0
CCE[CAR-DEA],5,0.8460122699386503,0.8438872701150939,0.7720254314259763,0.7154882154882155,0.8382642998027613,0.8438685364837181,0.9240824362750523,0.8504065686862845,0.15048975957257346,0.16173570019723865,0.8382642998027613,0.8495102404274265,0.827883952396638,0.8489936756591703,9,0.9937174725790657
CCE[CAR-DEA],5,0.8460122699386503,0.8438872701150939,0.7720254314259763,0.7154882154882155,0.8382642998027613,0.8438685364837181,0.9240824362750523,0.8504065686862845,0.15048975957257346,0.16173570019723865,0.8382642998027613,0.8495102404274265,0.827883952396638,0.8489936756591703,9,1.0
CCE[CAR-DEA],10,0.849079754601227,0.8434086633963338,0.7734806629834254,0.7253886010362695,0.8284023668639053,0.8432751535272287,0.9237030636099064,0.8485458483368948,0.14158504007123776,0.17159763313609466,0.8284023668639053,0.8584149599287623,0.8301625946011884,0.851583496365938,9,1.0
CCE[CAR-DEA],10,0.849079754601227,0.8434086633963338,0.7734806629834254,0.7253886010362695,0.8284023668639053,0.8432751535272287,0.9237030636099064,0.8485458483368948,0.14158504007123776,0.17159763313609466,0.8284023668639053,0.8584149599287623,0.8301625946011884,0.851583496365938,9,1.0
CCE[CAR-DEA],10,0.849079754601227,0.8434086633963338,0.7734806629834254,0.7253886010362695,0.8284023668639053,0.8432751535272287,0.9237030636099064,0.8485458483368948,0.14158504007123776,0.17159763313609466,0.8284023668639053,0.8584149599287623,0.8301625946011884,0.851583496365938,9,0.9937174725790657
CCE[CAR-DEA],10,0.849079754601227,0.8434086633963338,0.7734806629834254,0.7253886010362695,0.8284023668639053,0.8432751535272287,0.9237030636099064,0.8485458483368948,0.14158504007123776,0.17159763313609466,0.8284023668639053,0.8584149599287623,0.8301625946011884,0.851583496365938,9,1.0
CCE[CAR-DEA],15,0.8515337423312883,0.8430257780213257,0.7746741154562383,0.7336860670194003,0.8205128205128205,0.8427251207556837,0.9236196367506732,0.8487338293459661,0.13446126447016918,0.1794871794871795,0.8205128205128205,0.8655387355298308,0.8319848161910652,0.8536433386773556,9,1.0
CCE[CAR-DEA],15,0.8515337423312883,0.8430257780213257,0.7746741154562383,0.7336860670194003,0.8205128205128205,0.8427251207556837,0.9236196367506732,0.8487338293459661,0.13446126447016918,0.1794871794871795,0.8205128205128205,0.8655387355298308,0.8319848161910652,0.8536433386773556,9,1.0
CCE[CAR-DEA],15,0.8515337423312883,0.8430257780213257,0.7746741154562383,0.7336860670194003,0.8205128205128205,0.8427251207556837,0.9236196367506732,0.8487338293459661,0.13446126447016918,0.1794871794871795,0.8205128205128205,0.8655387355298308,0.8319848161910652,0.8536433386773556,9,0.9937174725790657
CCE[CAR-DEA],15,0.8515337423312883,0.8430257780213257,0.7746741154562383,0.7336860670194003,0.8205128205128205,0.8427251207556837,0.9236196367506732,0.8487338293459661,0.13446126447016918,0.1794871794871795,0.8205128205128205,0.8655387355298308,0.8319848161910652,0.8536433386773556,9,1.0
CCE[CAR-DEA],20,0.8533742331288343,0.8449024432653448,0.777260018639329,0.7367491166077739,0.8224852071005917,0.8446050000790208,0.9234598084519312,0.8480671939543425,0.13268032056990206,0.17751479289940827,0.8224852071005917,0.8673196794300979,0.8339889485057642,0.8554276115718527,9,1.0
CCE[CAR-DEA],20,0.8533742331288343,0.8449024432653448,0.777260018639329,0.7367491166077739,0.8224852071005917,0.8446050000790208,0.9234598084519312,0.8480671939543425,0.13268032056990206,0.17751479289940827,0.8224852071005917,0.8673196794300979,0.8339889485057642,0.8554276115718527,9,1.0
CCE[CAR-DEA],20,0.8533742331288343,0.8449024432653448,0.777260018639329,0.7367491166077739,0.8224852071005917,0.8446050000790208,0.9234598084519312,0.8480671939543425,0.13268032056990206,0.17751479289940827,0.8224852071005917,0.8673196794300979,0.8339889485057642,0.8554276115718527,9,0.9937174725790657
CCE[CAR-DEA],20,0.8533742331288343,0.8449024432653448,0.777260018639329,0.7367491166077739,0.8224852071005917,0.8446050000790208,0.9234598084519312,0.8480671939543425,0.13268032056990206,0.17751479289940827,0.8224852071005917,0.8673196794300979,0.8339889485057642,0.8554276115718527,9,1.0
CCE[FDH],5,0.8521472392638036,0.8407662274022984,0.7732831608654751,0.7392086330935251,0.8106508875739645,0.8402267047930084,0.9239928621735596,0.8492176132781579,0.12911843276936777,0.1893491124260355,0.8106508875739645,0.8708815672306323,0.8317940610881768,0.8539061558962652,9,1.0
CCE[FDH],5,0.8521472392638036,0.8407662274022984,0.7732831608654751,0.7392086330935251,0.8106508875739645,0.8402267047930084,0.9239928621735596,0.8492176132781579,0.12911843276936777,0.1893491124260355,0.8106508875739645,0.8708815672306323,0.8317940610881768,0.8539061558962652,9,0.9857644703503875
CCE[FDH],5,0.8521472392638036,0.8407662274022984,0.7732831608654751,0.7392086330935251,0.8106508875739645,0.8402267047930084,0.9239928621735596,0.8492176132781579,0.12911843276936777,0.1893491124260355,0.8106508875739645,0.8708815672306323,0.8317940610881768,0.8539061558962652,9,0.9903340994938741
CCE[FDH],5,0.8521472392638036,0.8407662274022984,0.7732831608654751,0.7392086330935251,0.8106508875739645,0.8402267047930084,0.9239928621735596,0.8492176132781579,0.12911843276936777,0.1893491124260355,0.8106508875739645,0.8708815672306323,0.8317940610881768,0.8539061558962652,9,0.9822638188082201
CCE[FDH],10,0.8558282208588958,0.8412738139774238,0.7759771210676835,0.7509225092250923,0.8027613412228797,0.8403918249997745,0.9232850511362738,0.8475796869068906,0.12021371326803205,0.19723865877712032,0.8027613412228797,0.8797862867319679,0.8348451864949453,0.8570922590735915,9,1.0
CCE[FDH],10,0.8558282208588958,0.8412738139774238,0.7759771210676835,0.7509225092250923,0.8027613412228797,0.8403918249997745,0.9232850511362738,0.8475796869068906,0.12021371326803205,0.19723865877712032,0.8027613412228797,0.8797862867319679,0.8348451864949453,0.8570922590735915,9,0.9857644703503875
CCE[FDH],10,0.8558282208588958,0.8412738139774238,0.7759771210676835,0.7509225092250923,0.8027613412228797,0.8403918249997745,0.9232850511362738,0.8475796869068906,0.12021371326803205,0.19723865877712032,0.8027613412228797,0.8797862867319679,0.8348451864949453,0.8570922590735915,9,0.9903340994938741
CCE[FDH],10,0.8558282208588958,0.8412738139774238,0.7759771210676835,0.7509225092250923,0.8027613412228797,0.8403918249997745,0.9232850511362738,0.8475796869068906,0.12021371326803205,0.19723865877712032,0.8027613412228797,0.8797862867319679,0.8348451864949453,0.8570922590735915,9,0.9822638188082201
CCE[FDH],15,0.854601226993865,0.8420062139837468,0.7757805108798487,0.7454545454545455,0.8086785009861933,0.8413463780950126,0.9234615648068625,0.8481926940368376,0.1246660730186999,0.1913214990138067,0.8086785009861933,0.8753339269813001,0.8340999694662521,0.8561397157786598,9,1.0
CCE[FDH],15,0.854601226993865,0.8420062139837468,0.7757805108798487,0.7454545454545455,0.8086785009861933,0.8413463780950126,0.9234615648068625,0.8481926940368376,0.1246660730186999,0.1913214990138067,0.8086785009861933,0.8753339269813001,0.8340999694662521,0.8561397157786598,9,0.9857644703503875
CCE[FDH],15,0.854601226993865,0.8420062139837468,0.7757805108798487,0.7454545454545455,0.8086785009861933,0.8413463780950126,0.9234615648068625,0.8481926940368376,0.1246660730186999,0.1913214990138067,0.8086785009861933,0.8753339269813001,0.8340999694662521,0.8561397157786598,9,0.9903340994938741
CCE[FDH],15,0.854601226993865,0.8420062139837468,0.7757805108798487,0.7454545454545455,0.8086785009861933,0.8413463780950126,0.9234615648068625,0.8481926940368376,0.1246660730186999,0.1913214990138067,0.8086785009861933,0.8753339269813001,0.8340999694662521,0.8561397157786598,9,0.9822638188082201
CCE[FDH],20,0.8539877300613496,0.8421019353274988,0.7754716981132076,0.7432188065099458,0.8106508875739645,0.8415144093106925,0.9233307163644857,0.8477374685612268,0.12644701691896706,0.1893491124260355,0.8106508875739645,0.8735529830810329,0.8336449399656947,0.8556294289111744,9,1.0
CCE[FDH],20,0.8539877300613496,0.8421019353274988,0.7754716981132076,0.7432188065099458,0.8106508875739645,0.8415144093106925,0.9233307163644857,0.8477374685612268,0.12644701691896706,0.1893491124260355,0.8106508875739645,0.8735529830810329,0.8336449399656947,0.8556294289111744,9,0.9857644703503875
CCE[FDH],20,0.8539877300613496,0.8421019353274988,0.7754716981132076,0.7432188065099458,0.8106508875739645,0.8415144093106925,0.9233307163644857,0.8477374685612268,0.12644701691896706,0.1893491124260355,0.8106508875739645,0.8735529830810329,0.8336449399656947,0.8556294289111744,9,0.9903340994938741
CCE[FDH],20,0.8539877300613496,0.8421019353274988,0.7754716981132076,0.7432188065099458,0.8106508875739645,0.8415144093106925,0.9233307163644857,0.8477374685612268,0.12644701691896706,0.1893491124260355,0.8106508875739645,0.8735529830810329,0.8336449399656947,0.8556294289111744,9,0.9822638188082201
CCE[DEA],5,0.8576687116564418,0.8415276072649865,0.7773512476007678,0.7570093457943925,0.7988165680473372,0.8404430265747238,0.9232991019757237,0.8480619559531746,0.1157613535173642,0.20118343195266272,0.7988165680473372,0.8842386464826358,0.8363762549996625,0.8586826381639073,9,1.0
CCE[DEA],5,0.8576687116564418,0.8415276072649865,0.7773512476007678,0.7570093457943925,0.7988165680473372,0.8404430265747238,0.9232991019757237,0.8480619559531746,0.1157613535173642,0.20118343195266272,0.7988165680473372,0.8842386464826358,0.8363762549996625,0.8586826381639073,9,1.0
CCE[DEA],5,0.8576687116564418,0.8415276072649865,0.7773512476007678,0.7570093457943925,0.7988165680473372,0.8404430265747238,0.9232991019757237,0.8480619559531746,0.1157613535173642,0.20118343195266272,0.7988165680473372,0.8842386464826358,0.8363762549996625,0.8586826381639073,9,1.0
CCE[DEA],5,0.8576687116564418,0.8415276072649865,0.7773512476007678,0.7570093457943925,0.7988165680473372,0.8404430265747238,0.9232991019757237,0.8480619559531746,0.1157613535173642,0.20118343195266272,0.7988165680473372,0.8842386464826358,0.8363762549996625,0.8586826381639073,9,1.0
CCE[DEA],10,0.8552147239263803,0.8435333645964511,0.7773584905660378,0.7450271247739603,0.8126232741617357,0.8429668460246388,0.9235335753590428,0.8486825526146394,0.12555654496883348,0.1873767258382643,0.8126232741617357,0.8744434550311665,0.8350428816466553,0.8568426269875511,9,1.0
CCE[DEA],10,0.8552147239263803,0.8435333645964511,0.7773584905660378,0.7450271247739603,0.8126232741617357,0.8429668460246388,0.9235335753590428,0.8486825526146394,0.12555654496883348,0.1873767258382643,0.8126232741617357,0.8744434550311665,0.8350428816466553,0.8568426269875511,9,1.0
CCE[DEA],10,0.8552147239263803,0.8435333645964511,0.7773584905660378,0.7450271247739603,0.8126232741617357,0.8429668460246388,0.9235335753590428,0.8486825526146394,0.12555654496883348,0.1873767258382643,0.8126232741617357,0.8744434550311665,0.8350428816466553,0.8568426269875511,9,1.0
CCE[DEA],10,0.8552147239263803,0.8435333645964511,0.7773584905660378,0.7450271247739603,0.8126232741617357,0.8429668460246388,0.9235335753590428,0.8486825526146394,0.12555654496883348,0.1873767258382643,0.8126232741617357,0.8744434550311665,0.8350428816466553,0.8568426269875511,9,1.0
CCE[DEA],15,0.8564417177914111,0.8444238365465847,0.77882797731569,0.7477313974591652,0.8126232741617357,0.8438248277694018,0.9228661604851754,0.8467359939627439,0.12377560106856635,0.1873767258382643,0.8126232741617357,0.8762243989314337,0.836280473671469,0.8579925827237143,9,1.0
CCE[DEA],15,0.8564417177914111,0.8444238365465847,0.77882797731569,0.7477313974591652,0.8126232741617357,0.8438248277694018,0.9228661604851754,0.8467359939627439,0.12377560106856635,0.1873767258382643,0.8126232741617357,0.8762243989314337,0.836280473671469,0.8579925827237143,9,1.0
CCE[DEA],15,0.8564417177914111,0.8444238365465847,0.77882797731569,0.7477313974591652,0.8126232741617357,0.8438248277694018,0.9228661604851754,0.8467359939627439,0.12377560106856635,0.1873767258382643,0.8126232741617357,0.8762243989314337,0.836280473671469,0.8579925827237143,9,1.0
CCE[DEA],15,0.8564417177914111,0.8444238365465847,0.77882797731569,0.7477313974591652,0.8126232741617357,0.8438248277694018,0.9228661604851754,0.8467359939627439,0.12377560106856635,0.1873767258382643,0.8126232741617357,0.8762243989314337,0.836280473671469,0.8579925827237143,9,1.0
CCE[DEA],20,0.8558282208588958,0.8423557286150615,0.7768281101614435,0.7490842490842491,0.8067061143984221,0.8416010209932114,0.9228837240344877,0.8468796144809551,0.1219946571682992,0.1932938856015779,0.8067061143984221,0.8780053428317008,0.8351743631912791,0.8572242355019408,9,1.0
CCE[DEA],20,0.8558282208588958,0.8423557286150615,0.7768281101614435,0.7490842490842491,0.8067061143984221,0.8416010209932114,0.9228837240344877,0.8468796144809551,0.1219946571682992,0.1932938856015779,0.8067061143984221,0.8780053428317008,0.8351743631912791,0.8572242355019408,9,1.0
CCE[DEA],20,0.8558282208588958,0.8423557286150615,0.7768281101614435,0.7490842490842491,0.8067061143984221,0.8416010209932114,0.9228837240344877,0.8468796144809551,0.1219946571682992,0.1932938856015779,0.8067061143984221,0.8780053428317008,0.8351743631912791,0.8572242355019408,9,1.0
CCE[DEA],20,0.8558282208588958,0.8423557286150615,0.7768281101614435,0.7490842490842491,0.8067061143984221,0.8416010209932114,0.9228837240344877,0.8468796144809551,0.1219946571682992,0.1932938856015779,0.8067061143984221,0.8780053428317008,0.8351743631912791,0.8572242355019408,9,1.0
