method,Kmax,acc,balanced_accuracy,f1,precision,recall,gmean,auc,pr_auc,fpr,fnr,tpr,tnr,f1_macro,f1_weighted,run_seed,eff
CCE[CAR-FDH],5,0.9991046662687406,0.907873099295993,0.7582938388625592,0.7079646017699115,0.8163265306122449,0.9032456975748867,0.9799448092405223,0.8305140041249665,0.0005803320202588633,0.1836734693877551,0.8163265306122449,0.9994196679797411,0.8789226706646478,0.9991364318752332,0,0.8895251281289367
CCE[CAR-FDH],5,0.9991046662687406,0.907873099295993,0.7582938388625592,0.7079646017699115,0.8163265306122449,0.9032456975748867,0.9799448092405223,0.8305140041249665,0.0005803320202588633,0.1836734693877551,0.8163265306122449,0.9994196679797411,0.8789226706646478,0.9991364318752332,0,1.0
CCE[CAR-FDH],5,0.9991046662687406,0.907873099295993,0.7582938388625592,0.7079646017699115,0.8163265306122449,0.9032456975748867,0.9799448092405223,0.8305140041249665,0.0005803320202588633,0.1836734693877551,0.8163265306122449,0.9994196679797411,0.8789226706646478,0.9991364318752332,0,0.9999998010941968
CCE[CAR-FDH],5,0.9991046662687406,0.907873099295993,0.7582938388625592,0.7079646017699115,0.8163265306122449,0.9032456975748867,0.9799448092405223,0.8305140041249665,0.0005803320202588633,0.1836734693877551,0.8163265306122449,0.9994196679797411,0.8789226706646478,0.9991364318752332,0,0.9999994664258818
CCE[CAR-FDH],10,0.9989993328885924,0.9129135897465346,0.7397260273972602,0.6694214876033058,0.826530612244898,0.908817475372176,0.9851484171327507,0.8311701538552487,0.0007034327518289251,0.17346938775510204,0.826530612244898,0.9992965672481711,0.8696123650903895,0.9990517781286987,0,0.8895251281289367
CCE[CAR-FDH],10,0.9989993328885924,0.9129135897465346,0.7397260273972602,0.6694214876033058,0.826530612244898,0.908817475372176,0.9851484171327507,0.8311701538552487,0.0007034327518289251,0.17346938775510204,0.826530612244898,0.9992965672481711,0.8696123650903895,0.9990517781286987,0,1.0
CCE[CAR-FDH],10,0.9989993328885924,0.9129135897465346,0.7397260273972602,0.6694214876033058,0.826530612244898,0.908817475372176,0.9851484171327507,0.8311701538552487,0.0007034327518289251,0.17346938775510204,0.826530612244898,0.9992965672481711,0.8696123650903895,0.9990517781286987,0,0.9999998010941968
CCE[CAR-FDH],10,0.9989993328885924,0.9129135897465346,0.7397260273972602,0.6694214876033058,0.826530612244898,0.908817475372176,0.9851484171327507,0.8311701538552487,0.0007034327518289251,0.17346938775510204,0.826530612244898,0.9992965672481711,0.8696123650903895,0.9990517781286987,0,0.9999994664258818
CCE[CAR-FDH],15,0.9987886661282961,0.9128080748337601,0.7012987012987013,0.6090225563909775,0.826530612244898,0.9087215090064409,0.9847353298381818,0.8287694577971545,0.0009144625773776027,0.17346938775510204,0.826530612244898,0.9990855374226224,0.8503459018882131,0.998880247393361,0,0.8895251281289367
CCE[CAR-FDH],15,0.9987886661282961,0.9128080748337601,0.7012987012987013,0.6090225563909775,0.826530612244898,0.9087215090064409,0.9847353298381818,0.8287694577971545,0.0009144625773776027,0.17346938775510204,0.826530612244898,0.9990855374226224,0.8503459018882131,0.998880247393361,0,1.0
CCE[CAR-FDH],15,0.9987886661282961,0.9128080748337601,0.7012987012987013,0.6090225563909775,0.826530612244898,0.9087215090064409,0.9847353298381818,0.8287694577971545,0.0009144625773776027,0.17346938775510204,0.826530612244898,0.9990855374226224,0.8503459018882131,0.998880247393361,0,0.9999998010941968
CCE[CAR-FDH],15,0.9987886661282961,0.9128080748337601,0.7012987012987013,0.6090225563909775,0.826530612244898,0.9087215090064409,0.9847353298381818,0.8287694577971545,0.0009144625773776027,0.17346938775510204,0.826530612244898,0.9990855374226224,0.8503459018882131,0.998880247393361,0,0.9999994664258818
CCE[CAR-FDH],20,0.9980337769039008,0.9226164755435096,0.5971223021582733,0.46111111111111114,0.8469387755102041,0.919507502232579,0.9844491116649249,0.82949438418091,0.0017058244231851435,0.15306122448979592,0.8469387755102041,0.9982941755768149,0.7980683928650332,0.9983230500937109,0,0.8895251281289367
CCE[CAR-FDH],20,0.9980337769039008,0.9226164755435096,0.5971223021582733,0.46111111111111114,0.8469387755102041,0.919507502232579,0.9844491116649249,0.82949438418091,0.0017058244231851435,0.15306122448979592,0.8469387755102041,0.9982941755768149,0.7980683928650332,0.9983230500937109,0,1.0
CCE[CAR-FDH],20,0.9980337769039008,0.9226164755435096,0.5971223021582733,0.46111111111111114,0.8469387755102041,0.919507502232579,0.9844491116649249,0.82949438418091,0.0017058244231851435,0.15306122448979592,0.8469387755102041,0.9982941755768149,0.7980683928650332,0.9983230500937109,0,0.9999998010941968
CCE[CAR-FDH],20,0.9980337769039008,0.9226164755435096,0.5971223021582733,0.46111111111111114,0.8469387755102041,0.919507502232579,0.9844491116649249,0.82949438418091,0.0017058244231851435,0.15306122448979592,0.8469387755102041,0.9982941755768149,0.7980683928650332,0.9983230500937109,0,0.9999994664258818
CCE[CAR-DEA],5,0.9869386608616271,0.9323391005248469,0.18777292576419213,0.10513447432762836,0.8775510204081632,0.9307279219216583,0.9829252466321362,0.7475177091137897,0.01287281935846933,0.12244897959183673,0.8775510204081632,0.9871271806415307,0.59059466053182,0.9920303298520539,0,1.0
CCE[CAR-DEA],5,0.9869386608616271,0.9323391005248469,0.18777292576419213,0.10513447432762836,0.8775510204081632,0.9307279219216583,0.9829252466321362,0.7475177091137897,0.01287281935846933,0.12244897959183673,0.8775510204081632,0.9871271806415307,0.59059466053182,0.9920303298520539,0,0.9999997253871429
CCE[CAR-DEA],5,0.9869386608616271,0.9323391005248469,0.18777292576419213,0.10513447432762836,0.8775510204081632,0.9307279219216583,0.9829252466321362,0.7475177091137897,0.01287281935846933,0.12244897959183673,0.8775510204081632,0.9871271806415307,0.59059466053182,0.9920303298520539,0,1.0
CCE[CAR-DEA],5,0.9869386608616271,0.9323391005248469,0.18777292576419213,0.10513447432762836,0.8775510204081632,0.9307279219216583,0.9829252466321362,0.7475177091137897,0.01287281935846933,0.12244897959183673,0.8775510204081632,0.9871271806415307,0.59059466053182,0.9920303298520539,0,1.0
CCE[CAR-DEA],10,0.9824268810786139,0.9300793228095965,0.1466325660699062,0.08,0.8775510204081632,0.9285948116184912,0.9817008788602666,0.7691474437199746,0.017392374788970176,0.12244897959183673,0.8775510204081632,0.9826076252110298,0.5688772980148646,0.9896691321075494,0,1.0
CCE[CAR-DEA],10,0.9824268810786139,0.9300793228095965,0.1466325660699062,0.08,0.8775510204081632,0.9285948116184912,0.9817008788602666,0.7691474437199746,0.017392374788970176,0.12244897959183673,0.8775510204081632,0.9826076252110298,0.5688772980148646,0.9896691321075494,0,0.9999997253871429
CCE[CAR-DEA],10,0.9824268810786139,0.9300793228095965,0.1466325660699062,0.08,0.8775510204081632,0.9285948116184912,0.9817008788602666,0.7691474437199746,0.017392374788970176,0.12244897959183673,0.8775510204081632,0.9826076252110298,0.5688772980148646,0.9896691321075494,0,1.0
CCE[CAR-DEA],10,0.9824268810786139,0.9300793228095965,0.1466325660699062,0.08,0.8775510204081632,0.9285948116184912,0.9817008788602666,0.7691474437199746,0.017392374788970176,0.12244897959183673,0.8775510204081632,0.9826076252110298,0.5688772980148646,0.9896691321075494,0,1.0
CCE[CAR-DEA],15,0.9811979916435518,0.9345570670586749,0.13975903614457832,0.07585004359197908,0.8877551020408163,0.933384426514488,0.9809617361294546,0.755451876073349,0.018640967923466516,0.11224489795918367,0.8877551020408163,0.9813590320765335,0.5651270797297409,0.989031478489534,0,1.0
CCE[CAR-DEA],15,0.9811979916435518,0.9345570670586749,0.13975903614457832,0.07585004359197908,0.8877551020408163,0.933384426514488,0.9809617361294546,0.755451876073349,0.018640967923466516,0.11224489795918367,0.8877551020408163,0.9813590320765335,0.5651270797297409,0.989031478489534,0,0.9999997253871429
CCE[CAR-DEA],15,0.9811979916435518,0.9345570670586749,0.13975903614457832,0.07585004359197908,0.8877551020408163,0.933384426514488,0.9809617361294546,0.755451876073349,0.018640967923466516,0.11224489795918367,0.8877551020408163,0.9813590320765335,0.5651270797297409,0.989031478489534,0,1.0
CCE[CAR-DEA],15,0.9811979916435518,0.9345570670586749,0.13975903614457832,0.07585004359197908,0.8877551020408163,0.933384426514488,0.9809617361294546,0.755451876073349,0.018640967923466516,0.11224489795918367,0.8877551020408163,0.9813590320765335,0.5651270797297409,0.989031478489534,0,1.0
CCE[CAR-DEA],20,0.9799339910817738,0.9339239775820289,0.13211845102505695,0.07136997538966366,0.8877551020408163,0.9327820918273989,0.981855023945425,0.7565516063835491,0.019907146876758583,0.11224489795918367,0.8877551020408163,0.9800928531232415,0.5609840525659089,0.9883739745677346,0,1.0
CCE[CAR-DEA],20,0.9799339910817738,0.9339239775820289,0.13211845102505695,0.07136997538966366,0.8877551020408163,0.9327820918273989,0.981855023945425,0.7565516063835491,0.019907146876758583,0.11224489795918367,0.8877551020408163,0.9800928531232415,0.5609840525659089,0.9883739745677346,0,0.9999997253871429
CCE[CAR-DEA],20,0.9799339910817738,0.9339239775820289,0.13211845102505695,0.07136997538966366,0.8877551020408163,0.9327820918273989,0.981855023945425,0.7565516063835491,0.019907146876758583,0.11224489795918367,0.8877551020408163,0.9800928531232415,0.5609840525659089,0.9883739745677346,0,1.0
CCE[CAR-DEA],20,0.9799339910817738,0.9339239775820289,0.13211845102505695,0.07136997538966366,0.8877551020408163,0.9327820918273989,0.981855023945425,0.7565516063835491,0.019907146876758583,0.11224489795918367,0.8877551020408163,0.9800928531232415,0.5609840525659089,0.9883739745677346,0,1.0
CCE[FDH],5,0.9958217759207892,0.9215085689593789,0.41089108910891087,0.27124183006535946,0.8469387755102041,0.9184864661879945,0.9840110812192069,0.8174482305470347,0.003921637591446258,0.15306122448979592,0.8469387755102041,0.9960783624085537,0.7043972711224611,0.9968935305266462,0,0.9999985031762283
CCE[FDH],5,0.9958217759207892,0.9215085689593789,0.41089108910891087,0.27124183006535946,0.8469387755102041,0.9184864661879945,0.9840110812192069,0.8174482305470347,0.003921637591446258,0.15306122448979592,0.8469387755102041,0.9960783624085537,0.7043972711224611,0.9968935305266462,0,1.0
CCE[FDH],5,0.9958217759207892,0.9215085689593789,0.41089108910891087,0.27124183006535946,0.8469387755102041,0.9184864661879945,0.9840110812192069,0.8174482305470347,0.003921637591446258,0.15306122448979592,0.8469387755102041,0.9960783624085537,0.7043972711224611,0.9968935305266462,0,0.9999999999999999
CCE[FDH],5,0.9958217759207892,0.9215085689593789,0.41089108910891087,0.27124183006535946,0.8469387755102041,0.9184864661879945,0.9840110812192069,0.8174482305470347,0.003921637591446258,0.15306122448979592,0.8469387755102041,0.9960783624085537,0.7043972711224611,0.9968935305266462,0,1.0
CCE[FDH],10,0.9989993328885924,0.9129135897465346,0.7397260273972602,0.6694214876033058,0.826530612244898,0.908817475372176,0.9851484171327507,0.8311701538552487,0.0007034327518289251,0.17346938775510204,0.826530612244898,0.9992965672481711,0.8696123650903895,0.9990517781286987,0,0.9999985031762283
CCE[FDH],10,0.9989993328885924,0.9129135897465346,0.7397260273972602,0.6694214876033058,0.826530612244898,0.908817475372176,0.9851484171327507,0.8311701538552487,0.0007034327518289251,0.17346938775510204,0.826530612244898,0.9992965672481711,0.8696123650903895,0.9990517781286987,0,1.0
CCE[FDH],10,0.9989993328885924,0.9129135897465346,0.7397260273972602,0.6694214876033058,0.826530612244898,0.908817475372176,0.9851484171327507,0.8311701538552487,0.0007034327518289251,0.17346938775510204,0.826530612244898,0.9992965672481711,0.8696123650903895,0.9990517781286987,0,0.9999999999999999
CCE[FDH],10,0.9989993328885924,0.9129135897465346,0.7397260273972602,0.6694214876033058,0.826530612244898,0.908817475372176,0.9851484171327507,0.8311701538552487,0.0007034327518289251,0.17346938775510204,0.826530612244898,0.9992965672481711,0.8696123650903895,0.9990517781286987,0,1.0
CCE[FDH],15,0.9990871107053826,0.9078643063865952,0.7547169811320755,0.7017543859649122,0.8163265306122449,0.903237750770581,0.9860207096344447,0.8316668763605115,0.0005979178390545863,0.1836734693877551,0.8163265306122449,0.9994020821609454,0.8771298427540215,0.9991214951333511,0,0.9999985031762283
CCE[FDH],15,0.9990871107053826,0.9078643063865952,0.7547169811320755,0.7017543859649122,0.8163265306122449,0.903237750770581,0.9860207096344447,0.8316668763605115,0.0005979178390545863,0.1836734693877551,0.8163265306122449,0.9994020821609454,0.8771298427540215,0.9991214951333511,0,1.0
CCE[FDH],15,0.9990871107053826,0.9078643063865952,0.7547169811320755,0.7017543859649122,0.8163265306122449,0.903237750770581,0.9860207096344447,0.8316668763605115,0.0005979178390545863,0.1836734693877551,0.8163265306122449,0.9994020821609454,0.8771298427540215,0.9991214951333511,0,0.9999999999999999
CCE[FDH],15,0.9990871107053826,0.9078643063865952,0.7547169811320755,0.7017543859649122,0.8163265306122449,0.903237750770581,0.9860207096344447,0.8316668763605115,0.0005979178390545863,0.1836734693877551,0.8163265306122449,0.9994020821609454,0.8771298427540215,0.9991214951333511,0,1.0
CCE[FDH],20,0.99875355500158,0.9229769848288218,0.70042194092827,0.5971223021582733,0.8469387755102041,0.9198394997211857,0.985255188175439,0.8296278336590798,0.0009848058525604951,0.15306122448979592,0.8469387755102041,0.9990151941474396,0.8498987096075727,0.9988611451057872,0,0.9999985031762283
CCE[FDH],20,0.99875355500158,0.9229769848288218,0.70042194092827,0.5971223021582733,0.8469387755102041,0.9198394997211857,0.985255188175439,0.8296278336590798,0.0009848058525604951,0.15306122448979592,0.8469387755102041,0.9990151941474396,0.8498987096075727,0.9988611451057872,0,1.0
CCE[FDH],20,0.99875355500158,0.9229769848288218,0.70042194092827,0.5971223021582733,0.8469387755102041,0.9198394997211857,0.985255188175439,0.8296278336590798,0.0009848058525604951,0.15306122448979592,0.8469387755102041,0.9990151941474396,0.8498987096075727,0.9988611451057872,0,0.9999999999999999
CCE[FDH],20,0.99875355500158,0.9229769848288218,0.70042194092827,0.5971223021582733,0.8469387755102041,0.9198394997211857,0.985255188175439,0.8296278336590798,0.0009848058525604951,0.15306122448979592,0.8469387755102041,0.9990151941474396,0.8498987096075727,0.9988611451057872,0,1.0
CCE[DEA],5,0.9991222218320986,0.9078818922053908,0.7619047619047619,0.7142857142857143,0.8163265306122449,0.9032536443092767,0.9802740947251156,0.8324874432678845,0.0005627462014631402,0.1836734693877551,0.8163265306122449,0.9994372537985369,0.8807325311537633,0.9991514270701429,0,1.0
CCE[DEA],5,0.9991222218320986,0.9078818922053908,0.7619047619047619,0.7142857142857143,0.8163265306122449,0.9032536443092767,0.9802740947251156,0.8324874432678845,0.0005627462014631402,0.1836734693877551,0.8163265306122449,0.9994372537985369,0.8807325311537633,0.9991514270701429,0,1.0
CCE[DEA],5,0.9991222218320986,0.9078818922053908,0.7619047619047619,0.7142857142857143,0.8163265306122449,0.9032536443092767,0.9802740947251156,0.8324874432678845,0.0005627462014631402,0.1836734693877551,0.8163265306122449,0.9994372537985369,0.8807325311537633,0.9991514270701429,0,0.9999994367373604
CCE[DEA],5,0.9991222218320986,0.9078818922053908,0.7619047619047619,0.7142857142857143,0.8163265306122449,0.9032536443092767,0.9802740947251156,0.8324874432678845,0.0005627462014631402,0.1836734693877551,0.8163265306122449,0.9994372537985369,0.8807325311537633,0.9991514270701429,0,0.8671888563976153
CCE[DEA],10,0.9990871107053826,0.9180508022004525,0.7592592592592593,0.6949152542372882,0.8367346938775511,0.9144424344638171,0.9845103031364487,0.8327854414886737,0.0006330894766460326,0.16326530612244897,0.8367346938775511,0.9993669105233539,0.8794009737742808,0.9991292938150047,0,1.0
CCE[DEA],10,0.9990871107053826,0.9180508022004525,0.7592592592592593,0.6949152542372882,0.8367346938775511,0.9144424344638171,0.9845103031364487,0.8327854414886737,0.0006330894766460326,0.16326530612244897,0.8367346938775511,0.9993669105233539,0.8794009737742808,0.9991292938150047,0,1.0
CCE[DEA],10,0.9990871107053826,0.9180508022004525,0.7592592592592593,0.6949152542372882,0.8367346938775511,0.9144424344638171,0.9845103031364487,0.8327854414886737,0.0006330894766460326,0.16326530612244897,0.8367346938775511,0.9993669105233539,0.8794009737742808,0.9991292938150047,0,0.9999994367373604
CCE[DEA],10,0.9990871107053826,0.9180508022004525,0.7592592592592593,0.6949152542372882,0.8367346938775511,0.9144424344638171,0.9845103031364487,0.8327854414886737,0.0006330894766460326,0.16326530612244897,0.8367346938775511,0.9993669105233539,0.8794009737742808,0.9991292938150047,0,0.8671888563976153
CCE[DEA],15,0.9979811102138267,0.9225900968153159,0.5907473309608541,0.453551912568306,0.8469387755102041,0.9194832050268698,0.9847337148140066,0.8335273826699402,0.001758581879572313,0.15306122448979592,0.8469387755102041,0.9982414181204277,0.7948676950291014,0.9982857032924721,0,1.0
CCE[DEA],15,0.9979811102138267,0.9225900968153159,0.5907473309608541,0.453551912568306,0.8469387755102041,0.9194832050268698,0.9847337148140066,0.8335273826699402,0.001758581879572313,0.15306122448979592,0.8469387755102041,0.9982414181204277,0.7948676950291014,0.9982857032924721,0,1.0
CCE[DEA],15,0.9979811102138267,0.9225900968153159,0.5907473309608541,0.453551912568306,0.8469387755102041,0.9194832050268698,0.9847337148140066,0.8335273826699402,0.001758581879572313,0.15306122448979592,0.8469387755102041,0.9982414181204277,0.7948676950291014,0.9982857032924721,0,0.9999994367373604
CCE[DEA],15,0.9979811102138267,0.9225900968153159,0.5907473309608541,0.453551912568306,0.8469387755102041,0.9194832050268698,0.9847337148140066,0.8335273826699402,0.001758581879572313,0.15306122448979592,0.8469387755102041,0.9982414181204277,0.7948676950291014,0.9982857032924721,0,0.8671888563976153
CCE[DEA],20,0.9865875495944665,0.9219767465230324,0.18025751072961374,0.10071942446043165,0.8571428571428571,0.9196943448325835,0.9822603950133796,0.8281366718894227,0.013189364096792347,0.14285714285714285,0.8571428571428571,0.9868106359032076,0.5867479850447842,0.9918397701818048,0,1.0
CCE[DEA],20,0.9865875495944665,0.9219767465230324,0.18025751072961374,0.10071942446043165,0.8571428571428571,0.9196943448325835,0.9822603950133796,0.8281366718894227,0.013189364096792347,0.14285714285714285,0.8571428571428571,0.9868106359032076,0.5867479850447842,0.9918397701818048,0,1.0
CCE[DEA],20,0.9865875495944665,0.9219767465230324,0.18025751072961374,0.10071942446043165,0.8571428571428571,0.9196943448325835,0.9822603950133796,0.8281366718894227,0.013189364096792347,0.14285714285714285,0.8571428571428571,0.9868106359032076,0.5867479850447842,0.9918397701818048,0,0.9999994367373604
CCE[DEA],20,0.9865875495944665,0.9219767465230324,0.18025751072961374,0.10071942446043165,0.8571428571428571,0.9196943448325835,0.9822603950133796,0.8281366718894227,0.013189364096792347,0.14285714285714285,0.8571428571428571,0.9868106359032076,0.5867479850447842,0.9918397701818048,0,0.8671888563976153
CCE[CAR-FDH],5,0.9990695551420246,0.9536947446395554,0.7705627705627706,0.6691729323308271,0.9081632653061225,0.9526072382376778,0.9855126948078049,0.8857932116483815,0.0007737760270118177,0.09183673469387756,0.9081632653061225,0.9992262239729882,0.8850483014503667,0.9991399001717122,1,1.0
CCE[CAR-FDH],5,0.9990695551420246,0.9536947446395554,0.7705627705627706,0.6691729323308271,0.9081632653061225,0.9526072382376778,0.9855126948078049,0.8857932116483815,0.0007737760270118177,0.09183673469387756,0.9081632653061225,0.9992262239729882,0.8850483014503667,0.9991399001717122,1,0.99999975223491
CCE[CAR-FDH],5,0.9990695551420246,0.9536947446395554,0.7705627705627706,0.6691729323308271,0.9081632653061225,0.9526072382376778,0.9855126948078049,0.8857932116483815,0.0007737760270118177,0.09183673469387756,0.9081632653061225,0.9992262239729882,0.8850483014503667,0.9991399001717122,1,1.0
CCE[CAR-FDH],5,0.9990695551420246,0.9536947446395554,0.7705627705627706,0.6691729323308271,0.9081632653061225,0.9526072382376778,0.9855126948078049,0.8857932116483815,0.0007737760270118177,0.09183673469387756,0.9081632653061225,0.9992262239729882,0.8850483014503667,0.9991399001717122,1,0.9999997972044825
CCE[CAR-FDH],10,0.9933639970506654,0.9610235448991077,0.325,0.19696969696969696,0.9285714285714286,0.9604754624644515,0.985193637809654,0.8910137084331249,0.006524338773213281,0.07142857142857142,0.9285714285714286,0.9934756612267868,0.6608328040647825,0.9955100442519501,1,1.0
CCE[CAR-FDH],10,0.9933639970506654,0.9610235448991077,0.325,0.19696969696969696,0.9285714285714286,0.9604754624644515,0.985193637809654,0.8910137084331249,0.006524338773213281,0.07142857142857142,0.9285714285714286,0.9934756612267868,0.6608328040647825,0.9955100442519501,1,0.99999975223491
CCE[CAR-FDH],10,0.9933639970506654,0.9610235448991077,0.325,0.19696969696969696,0.9285714285714286,0.9604754624644515,0.985193637809654,0.8910137084331249,0.006524338773213281,0.07142857142857142,0.9285714285714286,0.9934756612267868,0.6608328040647825,0.9955100442519501,1,1.0
CCE[CAR-FDH],10,0.9933639970506654,0.9610235448991077,0.325,0.19696969696969696,0.9285714285714286,0.9604754624644515,0.985193637809654,0.8910137084331249,0.006524338773213281,0.07142857142857142,0.9285714285714286,0.9934756612267868,0.6608328040647825,0.9955100442519501,1,0.9999997972044825
CCE[CAR-FDH],15,0.9945753309223693,0.9616302556475601,0.37067209775967414,0.23155216284987276,0.9285714285714286,0.9610618411575512,0.9856155180136208,0.888451933204125,0.005310917276308385,0.07142857142857142,0.9285714285714286,0.9946890827236916,0.683974011377523,0.9961978874428087,1,1.0
CCE[CAR-FDH],15,0.9945753309223693,0.9616302556475601,0.37067209775967414,0.23155216284987276,0.9285714285714286,0.9610618411575512,0.9856155180136208,0.888451933204125,0.005310917276308385,0.07142857142857142,0.9285714285714286,0.9946890827236916,0.683974011377523,0.9961978874428087,1,0.99999975223491
CCE[CAR-FDH],15,0.9945753309223693,0.9616302556475601,0.37067209775967414,0.23155216284987276,0.9285714285714286,0.9610618411575512,0.9856155180136208,0.888451933204125,0.005310917276308385,0.07142857142857142,0.9285714285714286,0.9946890827236916,0.683974011377523,0.9961978874428087,1,1.0
CCE[CAR-FDH],15,0.9945753309223693,0.9616302556475601,0.37067209775967414,0.23155216284987276,0.9285714285714286,0.9610618411575512,0.9856155180136208,0.888451933204125,0.005310917276308385,0.07142857142857142,0.9285714285714286,0.9946890827236916,0.683974011377523,0.9961978874428087,1,0.9999997972044825
CCE[CAR-FDH],20,0.9935922193743197,0.9611378527212799,0.3327239488117002,0.2026726057906459,0.9285714285714286,0.9605859669762851,0.9855424830314793,0.8879429736384894,0.0062957231288688804,0.07142857142857142,0.9285714285714286,0.9937042768711312,0.6647523004860956,0.9956381789866527,1,1.0
CCE[CAR-FDH],20,0.9935922193743197,0.9611378527212799,0.3327239488117002,0.2026726057906459,0.9285714285714286,0.9605859669762851,0.9855424830314793,0.8879429736384894,0.0062957231288688804,0.07142857142857142,0.9285714285714286,0.9937042768711312,0.6647523004860956,0.9956381789866527,1,0.99999975223491
CCE[CAR-FDH],20,0.9935922193743197,0.9611378527212799,0.3327239488117002,0.2026726057906459,0.9285714285714286,0.9605859669762851,0.9855424830314793,0.8879429736384894,0.0062957231288688804,0.07142857142857142,0.9285714285714286,0.9937042768711312,0.6647523004860956,0.9956381789866527,1,1.0
CCE[CAR-FDH],20,0.9935922193743197,0.9611378527212799,0.3327239488117002,0.2026726057906459,0.9285714285714286,0.9605859669762851,0.9855424830314793,0.8879429736384894,0.0062957231288688804,0.07142857142857142,0.9285714285714286,0.9937042768711312,0.6647523004860956,0.9956381789866527,1,0.9999997972044825
CCE[CAR-DEA],5,0.9917839963484428,0.9602321830533,0.28,0.16485507246376813,0.9285714285714286,0.9597100822628389,0.9847967007568362,0.8879256354952193,0.008107062464828363,0.07142857142857142,0.9285714285714286,0.9918929375351716,0.6379342126171937,0.9946368128318566,1,0.9999995034523879
CCE[CAR-DEA],5,0.9917839963484428,0.9602321830533,0.28,0.16485507246376813,0.9285714285714286,0.9597100822628389,0.9847967007568362,0.8879256354952193,0.008107062464828363,0.07142857142857142,0.9285714285714286,0.9918929375351716,0.6379342126171937,0.9946368128318566,1,0.9999994924081841
CCE[CAR-DEA],5,0.9917839963484428,0.9602321830533,0.28,0.16485507246376813,0.9285714285714286,0.9597100822628389,0.9847967007568362,0.8879256354952193,0.008107062464828363,0.07142857142857142,0.9285714285714286,0.9918929375351716,0.6379342126171937,0.9946368128318566,1,0.9999995844998609
CCE[CAR-DEA],5,0.9917839963484428,0.9602321830533,0.28,0.16485507246376813,0.9285714285714286,0.9597100822628389,0.9847967007568362,0.8879256354952193,0.008107062464828363,0.07142857142857142,0.9285714285714286,0.9918929375351716,0.6379342126171937,0.9946368128318566,1,0.9999983877690357
CCE[CAR-DEA],10,0.9917488852217268,0.9602145972345044,0.2791411042944785,0.16425992779783394,0.9285714285714286,0.9596930668808552,0.984165764645757,0.8890811969648967,0.008142234102419809,0.07142857142857142,0.9285714285714286,0.9918577658975802,0.6374958999825384,0.9946176360878087,1,0.9999995034523879
CCE[CAR-DEA],10,0.9917488852217268,0.9602145972345044,0.2791411042944785,0.16425992779783394,0.9285714285714286,0.9596930668808552,0.984165764645757,0.8890811969648967,0.008142234102419809,0.07142857142857142,0.9285714285714286,0.9918577658975802,0.6374958999825384,0.9946176360878087,1,0.9999994924081841
CCE[CAR-DEA],10,0.9917488852217268,0.9602145972345044,0.2791411042944785,0.16425992779783394,0.9285714285714286,0.9596930668808552,0.984165764645757,0.8890811969648967,0.008142234102419809,0.07142857142857142,0.9285714285714286,0.9918577658975802,0.6374958999825384,0.9946176360878087,1,0.9999995844998609
CCE[CAR-DEA],10,0.9917488852217268,0.9602145972345044,0.2791411042944785,0.16425992779783394,0.9285714285714286,0.9596930668808552,0.984165764645757,0.8890811969648967,0.008142234102419809,0.07142857142857142,0.9285714285714286,0.9918577658975802,0.6374958999825384,0.9946176360878087,1,0.9999983877690357
CCE[CAR-DEA],15,0.9923808855026158,0.9605311419728274,0.29545454545454547,0.17567567567567569,0.9285714285714286,0.9599992976137661,0.9844256040908204,0.8879692043462777,0.007509144625773776,0.07142857142857142,0.9285714285714286,0.9924908553742262,0.6458121387561497,0.9949641899720282,1,0.9999995034523879
CCE[CAR-DEA],15,0.9923808855026158,0.9605311419728274,0.29545454545454547,0.17567567567567569,0.9285714285714286,0.9599992976137661,0.9844256040908204,0.8879692043462777,0.007509144625773776,0.07142857142857142,0.9285714285714286,0.9924908553742262,0.6458121387561497,0.9949641899720282,1,0.9999994924081841
CCE[CAR-DEA],15,0.9923808855026158,0.9605311419728274,0.29545454545454547,0.17567567567567569,0.9285714285714286,0.9599992976137661,0.9844256040908204,0.8879692043462777,0.007509144625773776,0.07142857142857142,0.9285714285714286,0.9924908553742262,0.6458121387561497,0.9949641899720282,1,0.9999995844998609
CCE[CAR-DEA],15,0.9923808855026158,0.9605311419728274,0.29545454545454547,0.17567567567567569,0.9285714285714286,0.9599992976137661,0.9844256040908204,0.8879692043462777,0.007509144625773776,0.07142857142857142,0.9285714285714286,0.9924908553742262,0.6458121387561497,0.9949641899720282,1,0.9999983877690357
CCE[CAR-DEA],20,0.996278220568098,0.9522966720452953,0.4564102564102564,0.3047945205479452,0.9081632653061225,0.9512734591052877,0.9848625578537548,0.8889326061210949,0.0035699212155317953,0.09183673469387756,0.9081632653061225,0.9964300787844682,0.727271487181294,0.9972007141387167,1,0.9999995034523879
CCE[CAR-DEA],20,0.996278220568098,0.9522966720452953,0.4564102564102564,0.3047945205479452,0.9081632653061225,0.9512734591052877,0.9848625578537548,0.8889326061210949,0.0035699212155317953,0.09183673469387756,0.9081632653061225,0.9964300787844682,0.727271487181294,0.9972007141387167,1,0.9999994924081841
CCE[CAR-DEA],20,0.996278220568098,0.9522966720452953,0.4564102564102564,0.3047945205479452,0.9081632653061225,0.9512734591052877,0.9848625578537548,0.8889326061210949,0.0035699212155317953,0.09183673469387756,0.9081632653061225,0.9964300787844682,0.727271487181294,0.9972007141387167,1,0.9999995844998609
CCE[CAR-DEA],20,0.996278220568098,0.9522966720452953,0.4564102564102564,0.3047945205479452,0.9081632653061225,0.9512734591052877,0.9848625578537548,0.8889326061210949,0.0035699212155317953,0.09183673469387756,0.9081632653061225,0.9964300787844682,0.727271487181294,0.9972007141387167,1,0.9999983877690357
CCE[FDH],5,0.9969102208489871,0.9526132167836183,0.5028248587570622,0.34765625,0.9081632653061225,0.9515756105557147,0.9865719712195514,0.8823176369769753,0.0029368317388857625,0.09183673469387756,0.9081632653061225,0.9970631682611142,0.7506375768646629,0.9975975985650258,1,0.9999996331312822
CCE[FDH],5,0.9969102208489871,0.9526132167836183,0.5028248587570622,0.34765625,0.9081632653061225,0.9515756105557147,0.9865719712195514,0.8823176369769753,0.0029368317388857625,0.09183673469387756,0.9081632653061225,0.9970631682611142,0.7506375768646629,0.9975975985650258,1,1.0
CCE[FDH],5,0.9969102208489871,0.9526132167836183,0.5028248587570622,0.34765625,0.9081632653061225,0.9515756105557147,0.9865719712195514,0.8823176369769753,0.0029368317388857625,0.09183673469387756,0.9081632653061225,0.9970631682611142,0.7506375768646629,0.9975975985650258,1,1.0
CCE[FDH],5,0.9969102208489871,0.9526132167836183,0.5028248587570622,0.34765625,0.9081632653061225,0.9515756105557147,0.9865719712195514,0.8823176369769753,0.0029368317388857625,0.09183673469387756,0.9081632653061225,0.9970631682611142,0.7506375768646629,0.9975975985650258,1,0.9999997972044825
CCE[FDH],10,0.9976826656367402,0.9530001047971243,0.5741935483870968,0.419811320754717,0.9081632653061225,0.9519447765326453,0.9866067839628817,0.8896499404403121,0.002163055711873945,0.09183673469387756,0.9081632653061225,0.9978369442881261,0.7865158598696094,0.9981075935449774,1,0.9999996331312822
CCE[FDH],10,0.9976826656367402,0.9530001047971243,0.5741935483870968,0.419811320754717,0.9081632653061225,0.9519447765326453,0.9866067839628817,0.8896499404403121,0.002163055711873945,0.09183673469387756,0.9081632653061225,0.9978369442881261,0.7865158598696094,0.9981075935449774,1,1.0
CCE[FDH],10,0.9976826656367402,0.9530001047971243,0.5741935483870968,0.419811320754717,0.9081632653061225,0.9519447765326453,0.9866067839628817,0.8896499404403121,0.002163055711873945,0.09183673469387756,0.9081632653061225,0.9978369442881261,0.7865158598696094,0.9981075935449774,1,1.0
CCE[FDH],10,0.9976826656367402,0.9530001047971243,0.5741935483870968,0.419811320754717,0.9081632653061225,0.9519447765326453,0.9866067839628817,0.8896499404403121,0.002163055711873945,0.09183673469387756,0.9081632653061225,0.9978369442881261,0.7865158598696094,0.9981075935449774,1,0.9999997972044825
CCE[FDH],15,0.9945753309223693,0.9616302556475601,0.37067209775967414,0.23155216284987276,0.9285714285714286,0.9610618411575512,0.9856155180136208,0.888451933204125,0.005310917276308385,0.07142857142857142,0.9285714285714286,0.9946890827236916,0.683974011377523,0.9961978874428087,1,0.9999996331312822
CCE[FDH],15,0.9945753309223693,0.9616302556475601,0.37067209775967414,0.23155216284987276,0.9285714285714286,0.9610618411575512,0.9856155180136208,0.888451933204125,0.005310917276308385,0.07142857142857142,0.9285714285714286,0.9946890827236916,0.683974011377523,0.9961978874428087,1,1.0
CCE[FDH],15,0.9945753309223693,0.9616302556475601,0.37067209775967414,0.23155216284987276,0.9285714285714286,0.9610618411575512,0.9856155180136208,0.888451933204125,0.005310917276308385,0.07142857142857142,0.9285714285714286,0.9946890827236916,0.683974011377523,0.9961978874428087,1,1.0
CCE[FDH],15,0.9945753309223693,0.9616302556475601,0.37067209775967414,0.23155216284987276,0.9285714285714286,0.9610618411575512,0.9856155180136208,0.888451933204125,0.005310917276308385,0.07142857142857142,0.9285714285714286,0.9946890827236916,0.683974011377523,0.9961978874428087,1,0.9999997972044825
CCE[FDH],20,0.9935922193743197,0.9611378527212799,0.3327239488117002,0.2026726057906459,0.9285714285714286,0.9605859669762851,0.9855424830314793,0.8879429736384894,0.0062957231288688804,0.07142857142857142,0.9285714285714286,0.9937042768711312,0.6647523004860956,0.9956381789866527,1,0.9999996331312822
CCE[FDH],20,0.9935922193743197,0.9611378527212799,0.3327239488117002,0.2026726057906459,0.9285714285714286,0.9605859669762851,0.9855424830314793,0.8879429736384894,0.0062957231288688804,0.07142857142857142,0.9285714285714286,0.9937042768711312,0.6647523004860956,0.9956381789866527,1,1.0
CCE[FDH],20,0.9935922193743197,0.9611378527212799,0.3327239488117002,0.2026726057906459,0.9285714285714286,0.9605859669762851,0.9855424830314793,0.8879429736384894,0.0062957231288688804,0.07142857142857142,0.9285714285714286,0.9937042768711312,0.6647523004860956,0.9956381789866527,1,1.0
CCE[FDH],20,0.9935922193743197,0.9611378527212799,0.3327239488117002,0.2026726057906459,0.9285714285714286,0.9605859669762851,0.9855424830314793,0.8879429736384894,0.0062957231288688804,0.07142857142857142,0.9285714285714286,0.9937042768711312,0.6647523004860956,0.9956381789866527,1,0.9999997972044825
CCE[DEA],5,0.9992099996488887,0.9537650879147381,0.7982062780269058,0.712,0.9081632653061225,0.9526742972809651,0.9833042389718971,0.891766722526653,0.0006330894766460326,0.09183673469387756,0.9081632653061225,0.9993669105233539,0.8989052515718297,0.9992577309835629,1,1.0
CCE[DEA],5,0.9992099996488887,0.9537650879147381,0.7982062780269058,0.712,0.9081632653061225,0.9526742972809651,0.9833042389718971,0.891766722526653,0.0006330894766460326,0.09183673469387756,0.9081632653061225,0.9993669105233539,0.8989052515718297,0.9992577309835629,1,0.999999828012257
CCE[DEA],5,0.9992099996488887,0.9537650879147381,0.7982062780269058,0.712,0.9081632653061225,0.9526742972809651,0.9833042389718971,0.891766722526653,0.0006330894766460326,0.09183673469387756,0.9081632653061225,0.9993669105233539,0.8989052515718297,0.9992577309835629,1,0.9999999999999999
CCE[DEA],5,0.9992099996488887,0.9537650879147381,0.7982062780269058,0.712,0.9081632653061225,0.9526742972809651,0.9833042389718971,0.891766722526653,0.0006330894766460326,0.09183673469387756,0.9081632653061225,0.9993669105233539,0.8989052515718297,0.9992577309835629,1,0.999998501515202
CCE[DEA],10,0.9938028861346161,0.9612433676340542,0.3401869158878505,0.20823798627002288,0.9285714285714286,0.9606879598591551,0.9846276615598406,0.8890394019854027,0.006084693303320203,0.07142857142857142,0.9285714285714286,0.9939153066966798,0.6685368695623362,0.9957570070274155,1,1.0
CCE[DEA],10,0.9938028861346161,0.9612433676340542,0.3401869158878505,0.20823798627002288,0.9285714285714286,0.9606879598591551,0.9846276615598406,0.8890394019854027,0.006084693303320203,0.07142857142857142,0.9285714285714286,0.9939153066966798,0.6685368695623362,0.9957570070274155,1,0.999999828012257
CCE[DEA],10,0.9938028861346161,0.9612433676340542,0.3401869158878505,0.20823798627002288,0.9285714285714286,0.9606879598591551,0.9846276615598406,0.8890394019854027,0.006084693303320203,0.07142857142857142,0.9285714285714286,0.9939153066966798,0.6685368695623362,0.9957570070274155,1,0.9999999999999999
CCE[DEA],10,0.9938028861346161,0.9612433676340542,0.3401869158878505,0.20823798627002288,0.9285714285714286,0.9606879598591551,0.9846276615598406,0.8890394019854027,0.006084693303320203,0.07142857142857142,0.9285714285714286,0.9939153066966798,0.6685368695623362,0.9957570070274155,1,0.999998501515202
CCE[DEA],15,0.9950844422597521,0.9567920021131694,0.391304347826087,0.24861878453038674,0.9183673469387755,0.9560201259296041,0.9851030170087168,0.8912364939180262,0.004783342712436691,0.08163265306122448,0.9183673469387755,0.9952166572875633,0.6944183023766971,0.9964892750254796,1,1.0
CCE[DEA],15,0.9950844422597521,0.9567920021131694,0.391304347826087,0.24861878453038674,0.9183673469387755,0.9560201259296041,0.9851030170087168,0.8912364939180262,0.004783342712436691,0.08163265306122448,0.9183673469387755,0.9952166572875633,0.6944183023766971,0.9964892750254796,1,0.999999828012257
CCE[DEA],15,0.9950844422597521,0.9567920021131694,0.391304347826087,0.24861878453038674,0.9183673469387755,0.9560201259296041,0.9851030170087168,0.8912364939180262,0.004783342712436691,0.08163265306122448,0.9183673469387755,0.9952166572875633,0.6944183023766971,0.9964892750254796,1,0.9999999999999999
CCE[DEA],15,0.9950844422597521,0.9567920021131694,0.391304347826087,0.24861878453038674,0.9183673469387755,0.9560201259296041,0.9851030170087168,0.8912364939180262,0.004783342712436691,0.08163265306122448,0.9183673469387755,0.9952166572875633,0.6944183023766971,0.9964892750254796,1,0.999998501515202
CCE[DEA],20,0.9965766651451845,0.952446151505059,0.4772117962466488,0.3236363636363636,0.9081632653061225,0.9514161536923208,0.9854624496112457,0.8892691771795816,0.003270962296004502,0.09183673469387756,0.9081632653061225,0.9967290377039955,0.7377472531091898,0.997386236014618,1,1.0
CCE[DEA],20,0.9965766651451845,0.952446151505059,0.4772117962466488,0.3236363636363636,0.9081632653061225,0.9514161536923208,0.9854624496112457,0.8892691771795816,0.003270962296004502,0.09183673469387756,0.9081632653061225,0.9967290377039955,0.7377472531091898,0.997386236014618,1,0.999999828012257
CCE[DEA],20,0.9965766651451845,0.952446151505059,0.4772117962466488,0.3236363636363636,0.9081632653061225,0.9514161536923208,0.9854624496112457,0.8892691771795816,0.003270962296004502,0.09183673469387756,0.9081632653061225,0.9967290377039955,0.7377472531091898,0.997386236014618,1,0.9999999999999999
CCE[DEA],20,0.9965766651451845,0.952446151505059,0.4772117962466488,0.3236363636363636,0.9081632653061225,0.9514161536923208,0.9854624496112457,0.8892691771795816,0.003270962296004502,0.09183673469387756,0.9081632653061225,0.9967290377039955,0.7377472531091898,0.997386236014618,1,0.999998501515202
CCE[CAR-FDH],5,0.9895544398019732,0.9591154835597717,0.23423423423423423,0.13402061855670103,0.9285714285714286,0.9586290061900713,0.9862805490795079,0.8870306271517809,0.0103404614518852,0.07142857142857142,0.9285714285714286,0.9896595385481148,0.6144877942009107,0.9934329433366215,2,1.0
CCE[CAR-FDH],5,0.9895544398019732,0.9591154835597717,0.23423423423423423,0.13402061855670103,0.9285714285714286,0.9586290061900713,0.9862805490795079,0.8870306271517809,0.0103404614518852,0.07142857142857142,0.9285714285714286,0.9896595385481148,0.6144877942009107,0.9934329433366215,2,0.9999998544650086
CCE[CAR-FDH],5,0.9895544398019732,0.9591154835597717,0.23423423423423423,0.13402061855670103,0.9285714285714286,0.9586290061900713,0.9862805490795079,0.8870306271517809,0.0103404614518852,0.07142857142857142,0.9285714285714286,0.9896595385481148,0.6144877942009107,0.9934329433366215,2,0.9999999604085934
CCE[CAR-FDH],5,0.9895544398019732,0.9591154835597717,0.23423423423423423,0.13402061855670103,0.9285714285714286,0.9586290061900713,0.9862805490795079,0.8870306271517809,0.0103404614518852,0.07142857142857142,0.9285714285714286,0.9896595385481148,0.6144877942009107,0.9934329433366215,2,0.9999997502150504
CCE[CAR-FDH],10,0.9902742178996524,0.959475992845084,0.24728260869565216,0.1426332288401254,0.9285714285714286,0.9589781482146061,0.9844451638280522,0.892376222521381,0.009619442881260551,0.07142857142857142,0.9285714285714286,0.9903805571187394,0.6211940484549753,0.9938188999239851,2,1.0
CCE[CAR-FDH],10,0.9902742178996524,0.959475992845084,0.24728260869565216,0.1426332288401254,0.9285714285714286,0.9589781482146061,0.9844451638280522,0.892376222521381,0.009619442881260551,0.07142857142857142,0.9285714285714286,0.9903805571187394,0.6211940484549753,0.9938188999239851,2,0.9999998544650086
CCE[CAR-FDH],10,0.9902742178996524,0.959475992845084,0.24728260869565216,0.1426332288401254,0.9285714285714286,0.9589781482146061,0.9844451638280522,0.892376222521381,0.009619442881260551,0.07142857142857142,0.9285714285714286,0.9903805571187394,0.6211940484549753,0.9938188999239851,2,0.9999999604085934
CCE[CAR-FDH],10,0.9902742178996524,0.959475992845084,0.24728260869565216,0.1426332288401254,0.9285714285714286,0.9589781482146061,0.9844451638280522,0.892376222521381,0.009619442881260551,0.07142857142857142,0.9285714285714286,0.9903805571187394,0.6211940484549753,0.9938188999239851,2,0.9999997502150504
CCE[CAR-FDH],15,0.9892033285348126,0.9589396253718145,0.22835633626097868,0.1301859799713877,0.9285714285714286,0.9584586468551103,0.9857009348477713,0.8906940449562996,0.010692177827799663,0.07142857142857142,0.9285714285714286,0.9893078221722004,0.611459984142582,0.993245414353022,2,1.0
CCE[CAR-FDH],15,0.9892033285348126,0.9589396253718145,0.22835633626097868,0.1301859799713877,0.9285714285714286,0.9584586468551103,0.9857009348477713,0.8906940449562996,0.010692177827799663,0.07142857142857142,0.9285714285714286,0.9893078221722004,0.611459984142582,0.993245414353022,2,0.9999998544650086
CCE[CAR-FDH],15,0.9892033285348126,0.9589396253718145,0.22835633626097868,0.1301859799713877,0.9285714285714286,0.9584586468551103,0.9857009348477713,0.8906940449562996,0.010692177827799663,0.07142857142857142,0.9285714285714286,0.9893078221722004,0.611459984142582,0.993245414353022,2,0.9999999604085934
CCE[CAR-FDH],15,0.9892033285348126,0.9589396253718145,0.22835633626097868,0.1301859799713877,0.9285714285714286,0.9584586468551103,0.9857009348477713,0.8906940449562996,0.010692177827799663,0.07142857142857142,0.9285714285714286,0.9893078221722004,0.611459984142582,0.993245414353022,2,0.9999997502150504
CCE[CAR-FDH],20,0.9891506618447385,0.9589132466436209,0.2275,0.12962962962962962,0.9285714285714286,0.9584330903431306,0.9853212247194882,0.8893948923280599,0.010744935284186831,0.07142857142857142,0.9285714285714286,0.9892550647158131,0.6110184841412962,0.9932173232053182,2,1.0
CCE[CAR-FDH],20,0.9891506618447385,0.9589132466436209,0.2275,0.12962962962962962,0.9285714285714286,0.9584330903431306,0.9853212247194882,0.8893948923280599,0.010744935284186831,0.07142857142857142,0.9285714285714286,0.9892550647158131,0.6110184841412962,0.9932173232053182,2,0.9999998544650086
CCE[CAR-FDH],20,0.9891506618447385,0.9589132466436209,0.2275,0.12962962962962962,0.9285714285714286,0.9584330903431306,0.9853212247194882,0.8893948923280599,0.010744935284186831,0.07142857142857142,0.9285714285714286,0.9892550647158131,0.6110184841412962,0.9932173232053182,2,0.9999999604085934
CCE[CAR-FDH],20,0.9891506618447385,0.9589132466436209,0.2275,0.12962962962962962,0.9285714285714286,0.9584330903431306,0.9853212247194882,0.8893948923280599,0.010744935284186831,0.07142857142857142,0.9285714285714286,0.9892550647158131,0.6110184841412962,0.9932173232053182,2,0.9999997502150504
CCE[CAR-DEA],5,0.9764931006636003,0.9525735589677626,0.11965811965811966,0.06394940267041462,0.9285714285714286,0.9522711184221367,0.9871767080495676,0.7973844471845744,0.02342431063590321,0.07142857142857142,0.9285714285714286,0.9765756893640968,0.5538728131096662,0.9865934213830851,2,0.999999598651309
CCE[CAR-DEA],5,0.9764931006636003,0.9525735589677626,0.11965811965811966,0.06394940267041462,0.9285714285714286,0.9522711184221367,0.9871767080495676,0.7973844471845744,0.02342431063590321,0.07142857142857142,0.9285714285714286,0.9765756893640968,0.5538728131096662,0.9865934213830851,2,0.9999999999999999
CCE[CAR-DEA],5,0.9764931006636003,0.9525735589677626,0.11965811965811966,0.06394940267041462,0.9285714285714286,0.9522711184221367,0.9871767080495676,0.7973844471845744,0.02342431063590321,0.07142857142857142,0.9285714285714286,0.9765756893640968,0.5538728131096662,0.9865934213830851,2,1.0
CCE[CAR-DEA],5,0.9764931006636003,0.9525735589677626,0.11965811965811966,0.06394940267041462,0.9285714285714286,0.9522711184221367,0.9871767080495676,0.7973844471845744,0.02342431063590321,0.07142857142857142,0.9285714285714286,0.9765756893640968,0.5538728131096662,0.9865934213830851,2,1.0
CCE[CAR-DEA],10,0.9758435448193532,0.9573414692269705,0.11794871794871795,0.06292749658002736,0.9387755102040817,0.9571614251876299,0.9880398487476025,0.7933518721526188,0.024092571750140686,0.061224489795918366,0.9387755102040817,0.9759074282498593,0.5528514014434772,0.9862576324617613,2,0.999999598651309
CCE[CAR-DEA],10,0.9758435448193532,0.9573414692269705,0.11794871794871795,0.06292749658002736,0.9387755102040817,0.9571614251876299,0.9880398487476025,0.7933518721526188,0.024092571750140686,0.061224489795918366,0.9387755102040817,0.9759074282498593,0.5528514014434772,0.9862576324617613,2,0.9999999999999999
CCE[CAR-DEA],10,0.9758435448193532,0.9573414692269705,0.11794871794871795,0.06292749658002736,0.9387755102040817,0.9571614251876299,0.9880398487476025,0.7933518721526188,0.024092571750140686,0.061224489795918366,0.9387755102040817,0.9759074282498593,0.5528514014434772,0.9862576324617613,2,1.0
CCE[CAR-DEA],10,0.9758435448193532,0.9573414692269705,0.11794871794871795,0.06292749658002736,0.9387755102040817,0.9571614251876299,0.9880398487476025,0.7933518721526188,0.024092571750140686,0.061224489795918366,0.9387755102040817,0.9759074282498593,0.5528514014434772,0.9862576324617613,2,1.0
CCE[CAR-DEA],15,0.9828833257259225,0.9557741779885843,0.15730337078651685,0.08593012275731822,0.9285714285714286,0.9553869842811873,0.9882340105428777,0.7927814993981112,0.01702307259425999,0.07142857142857142,0.9285714285714286,0.98297692740574,0.5743286121537469,0.9899189153638199,2,0.999999598651309
CCE[CAR-DEA],15,0.9828833257259225,0.9557741779885843,0.15730337078651685,0.08593012275731822,0.9285714285714286,0.9553869842811873,0.9882340105428777,0.7927814993981112,0.01702307259425999,0.07142857142857142,0.9285714285714286,0.98297692740574,0.5743286121537469,0.9899189153638199,2,0.9999999999999999
CCE[CAR-DEA],15,0.9828833257259225,0.9557741779885843,0.15730337078651685,0.08593012275731822,0.9285714285714286,0.9553869842811873,0.9882340105428777,0.7927814993981112,0.01702307259425999,0.07142857142857142,0.9285714285714286,0.98297692740574,0.5743286121537469,0.9899189153638199,2,1.0
CCE[CAR-DEA],15,0.9828833257259225,0.9557741779885843,0.15730337078651685,0.08593012275731822,0.9285714285714286,0.9553869842811873,0.9882340105428777,0.7927814993981112,0.01702307259425999,0.07142857142857142,0.9285714285714286,0.98297692740574,0.5743286121537469,0.9899189153638199,2,1.0
CCE[CAR-DEA],20,0.9850953267090341,0.9568820845727148,0.17652764306498545,0.09753483386923902,0.9285714285714286,0.9564631882790895,0.9880637152159683,0.8012744387426742,0.014807259425998875,0.07142857142857142,0.9285714285714286,0.9851927405740011,0.5845036238231573,0.9910758039382935,2,0.999999598651309
CCE[CAR-DEA],20,0.9850953267090341,0.9568820845727148,0.17652764306498545,0.09753483386923902,0.9285714285714286,0.9564631882790895,0.9880637152159683,0.8012744387426742,0.014807259425998875,0.07142857142857142,0.9285714285714286,0.9851927405740011,0.5845036238231573,0.9910758039382935,2,0.9999999999999999
CCE[CAR-DEA],20,0.9850953267090341,0.9568820845727148,0.17652764306498545,0.09753483386923902,0.9285714285714286,0.9564631882790895,0.9880637152159683,0.8012744387426742,0.014807259425998875,0.07142857142857142,0.9285714285714286,0.9851927405740011,0.5845036238231573,0.9910758039382935,2,1.0
CCE[CAR-DEA],20,0.9850953267090341,0.9568820845727148,0.17652764306498545,0.09753483386923902,0.9285714285714286,0.9564631882790895,0.9880637152159683,0.8012744387426742,0.014807259425998875,0.07142857142857142,0.9285714285714286,0.9851927405740011,0.5845036238231573,0.9910758039382935,2,1.0
CCE[FDH],5,0.995031775569678,0.9516723754780472,0.38611713665943603,0.24517906336088155,0.9081632653061225,0.9506772678359763,0.9865985293948756,0.8850601940488816,0.004818514350028137,0.09183673469387756,0.9081632653061225,0.9951814856499719,0.6918114657500225,0.9964539341527511,2,0.9999990390629956
CCE[FDH],5,0.995031775569678,0.9516723754780472,0.38611713665943603,0.24517906336088155,0.9081632653061225,0.9506772678359763,0.9865985293948756,0.8850601940488816,0.004818514350028137,0.09183673469387756,0.9081632653061225,0.9951814856499719,0.6918114657500225,0.9964539341527511,2,0.9999985810199485
CCE[FDH],5,0.995031775569678,0.9516723754780472,0.38611713665943603,0.24517906336088155,0.9081632653061225,0.9506772678359763,0.9865985293948756,0.8850601940488816,0.004818514350028137,0.09183673469387756,0.9081632653061225,0.9951814856499719,0.6918114657500225,0.9964539341527511,2,1.0
CCE[FDH],5,0.995031775569678,0.9516723754780472,0.38611713665943603,0.24517906336088155,0.9081632653061225,0.9506772678359763,0.9865985293948756,0.8850601940488816,0.004818514350028137,0.09183673469387756,0.9081632653061225,0.9951814856499719,0.6918114657500225,0.9964539341527511,2,0.9999999022486934
CCE[FDH],10,0.9927319967697763,0.9505205043469274,0.30067567567567566,0.18016194331983806,0.9081632653061225,0.9495762704937277,0.9863980869500305,0.8879447226250566,0.007122256612267867,0.09183673469387756,0.9081632653061225,0.9928777433877322,0.6485113457614604,0.995150151422948,2,0.9999990390629956
CCE[FDH],10,0.9927319967697763,0.9505205043469274,0.30067567567567566,0.18016194331983806,0.9081632653061225,0.9495762704937277,0.9863980869500305,0.8879447226250566,0.007122256612267867,0.09183673469387756,0.9081632653061225,0.9928777433877322,0.6485113457614604,0.995150151422948,2,0.9999985810199485
CCE[FDH],10,0.9927319967697763,0.9505205043469274,0.30067567567567566,0.18016194331983806,0.9081632653061225,0.9495762704937277,0.9863980869500305,0.8879447226250566,0.007122256612267867,0.09183673469387756,0.9081632653061225,0.9928777433877322,0.6485113457614604,0.995150151422948,2,1.0
CCE[FDH],10,0.9927319967697763,0.9505205043469274,0.30067567567567566,0.18016194331983806,0.9081632653061225,0.9495762704937277,0.9863980869500305,0.8879447226250566,0.007122256612267867,0.09183673469387756,0.9081632653061225,0.9928777433877322,0.6485113457614604,0.995150151422948,2,0.9999999022486934
CCE[FDH],15,0.9914153295179242,0.960047531955945,0.27123695976154993,0.15881326352530542,0.9285714285714286,0.9595314057030279,0.9855900365210799,0.8902799350287213,0.008476364659538549,0.07142857142857142,0.9285714285714286,0.9915236353404615,0.6334595966723832,0.9944358651826243,2,0.9999990390629956
CCE[FDH],15,0.9914153295179242,0.960047531955945,0.27123695976154993,0.15881326352530542,0.9285714285714286,0.9595314057030279,0.9855900365210799,0.8902799350287213,0.008476364659538549,0.07142857142857142,0.9285714285714286,0.9915236353404615,0.6334595966723832,0.9944358651826243,2,0.9999985810199485
CCE[FDH],15,0.9914153295179242,0.960047531955945,0.27123695976154993,0.15881326352530542,0.9285714285714286,0.9595314057030279,0.9855900365210799,0.8902799350287213,0.008476364659538549,0.07142857142857142,0.9285714285714286,0.9915236353404615,0.6334595966723832,0.9944358651826243,2,1.0
CCE[FDH],15,0.9914153295179242,0.960047531955945,0.27123695976154993,0.15881326352530542,0.9285714285714286,0.9595314057030279,0.9855900365210799,0.8902799350287213,0.008476364659538549,0.07142857142857142,0.9285714285714286,0.9915236353404615,0.6334595966723832,0.9944358651826243,2,0.9999999022486934
CCE[FDH],20,0.990607773603455,0.9596430581236435,0.25383542538354253,0.1470113085621971,0.9285714285714286,0.9591399026429192,0.9855286656024256,0.8906157041177062,0.009285312324141813,0.07142857142857142,0.9285714285714286,0.9907146876758582,0.6245547846042855,0.9939985391340544,2,0.9999990390629956
CCE[FDH],20,0.990607773603455,0.9596430581236435,0.25383542538354253,0.1470113085621971,0.9285714285714286,0.9591399026429192,0.9855286656024256,0.8906157041177062,0.009285312324141813,0.07142857142857142,0.9285714285714286,0.9907146876758582,0.6245547846042855,0.9939985391340544,2,0.9999985810199485
CCE[FDH],20,0.990607773603455,0.9596430581236435,0.25383542538354253,0.1470113085621971,0.9285714285714286,0.9591399026429192,0.9855286656024256,0.8906157041177062,0.009285312324141813,0.07142857142857142,0.9285714285714286,0.9907146876758582,0.6245547846042855,0.9939985391340544,2,1.0
CCE[FDH],20,0.990607773603455,0.9596430581236435,0.25383542538354253,0.1470113085621971,0.9285714285714286,0.9591399026429192,0.9855286656024256,0.8906157041177062,0.009285312324141813,0.07142857142857142,0.9285714285714286,0.9907146876758582,0.6245547846042855,0.9939985391340544,2,0.9999999022486934
CCE[DEA],5,0.9993504441557529,0.9334624395622064,0.821256038647343,0.7798165137614679,0.8673469387755102,0.9311180734091409,0.9861258656529578,0.8834129711336924,0.0004220596510973551,0.1326530612244898,0.8673469387755102,0.9995779403489027,0.9104653347646345,0.9993676714697043,2,1.0
CCE[DEA],5,0.9993504441557529,0.9334624395622064,0.821256038647343,0.7798165137614679,0.8673469387755102,0.9311180734091409,0.9861258656529578,0.8834129711336924,0.0004220596510973551,0.1326530612244898,0.8673469387755102,0.9995779403489027,0.9104653347646345,0.9993676714697043,2,1.0
CCE[DEA],5,0.9993504441557529,0.9334624395622064,0.821256038647343,0.7798165137614679,0.8673469387755102,0.9311180734091409,0.9861258656529578,0.8834129711336924,0.0004220596510973551,0.1326530612244898,0.8673469387755102,0.9995779403489027,0.9104653347646345,0.9993676714697043,2,0.9999999385886218
CCE[DEA],5,0.9993504441557529,0.9334624395622064,0.821256038647343,0.7798165137614679,0.8673469387755102,0.9311180734091409,0.9861258656529578,0.8834129711336924,0.0004220596510973551,0.1326530612244898,0.8673469387755102,0.9995779403489027,0.9104653347646345,0.9993676714697043,2,0.9999992158558138
CCE[DEA],10,0.9976475545100242,0.9529825189783285,0.5705128205128205,0.4158878504672897,0.9081632653061225,0.9519279993668359,0.9872167247596844,0.8854941758344532,0.002198227349465391,0.09183673469387756,0.9081632653061225,0.9978017726505346,0.7846666838190621,0.9980836671490383,2,1.0
CCE[DEA],10,0.9976475545100242,0.9529825189783285,0.5705128205128205,0.4158878504672897,0.9081632653061225,0.9519279993668359,0.9872167247596844,0.8854941758344532,0.002198227349465391,0.09183673469387756,0.9081632653061225,0.9978017726505346,0.7846666838190621,0.9980836671490383,2,1.0
CCE[DEA],10,0.9976475545100242,0.9529825189783285,0.5705128205128205,0.4158878504672897,0.9081632653061225,0.9519279993668359,0.9872167247596844,0.8854941758344532,0.002198227349465391,0.09183673469387756,0.9081632653061225,0.9978017726505346,0.7846666838190621,0.9980836671490383,2,0.9999999385886218
CCE[DEA],10,0.9976475545100242,0.9529825189783285,0.5705128205128205,0.4158878504672897,0.9081632653061225,0.9519279993668359,0.9872167247596844,0.8854941758344532,0.002198227349465391,0.09183673469387756,0.9081632653061225,0.9978017726505346,0.7846666838190621,0.9980836671490383,2,0.9999992158558138
CCE[DEA],15,0.997542221129876,0.9529297615219414,0.559748427672956,0.40454545454545454,0.9081632653061225,0.9518776660951884,0.9865897364854777,0.8874053486460675,0.00230374226223973,0.09183673469387756,0.9081632653061225,0.9976962577377603,0.7792580491972864,0.9980123621682168,2,1.0
CCE[DEA],15,0.997542221129876,0.9529297615219414,0.559748427672956,0.40454545454545454,0.9081632653061225,0.9518776660951884,0.9865897364854777,0.8874053486460675,0.00230374226223973,0.09183673469387756,0.9081632653061225,0.9976962577377603,0.7792580491972864,0.9980123621682168,2,1.0
CCE[DEA],15,0.997542221129876,0.9529297615219414,0.559748427672956,0.40454545454545454,0.9081632653061225,0.9518776660951884,0.9865897364854777,0.8874053486460675,0.00230374226223973,0.09183673469387756,0.9081632653061225,0.9976962577377603,0.7792580491972864,0.9980123621682168,2,0.9999999385886218
CCE[DEA],15,0.997542221129876,0.9529297615219414,0.559748427672956,0.40454545454545454,0.9081632653061225,0.9518776660951884,0.9865897364854777,0.8874053486460675,0.00230374226223973,0.09183673469387756,0.9081632653061225,0.9976962577377603,0.7792580491972864,0.9980123621682168,2,0.9999992158558138
CCE[DEA],20,0.9956988869772831,0.9520065060351659,0.42080378250591016,0.27384615384615385,0.9081632653061225,0.9509964026092105,0.9860984102419809,0.8887108463507377,0.004150253235790658,0.09183673469387756,0.9081632653061225,0.9958497467642093,0.7093226056078947,0.996848667056005,2,1.0
CCE[DEA],20,0.9956988869772831,0.9520065060351659,0.42080378250591016,0.27384615384615385,0.9081632653061225,0.9509964026092105,0.9860984102419809,0.8887108463507377,0.004150253235790658,0.09183673469387756,0.9081632653061225,0.9958497467642093,0.7093226056078947,0.996848667056005,2,1.0
CCE[DEA],20,0.9956988869772831,0.9520065060351659,0.42080378250591016,0.27384615384615385,0.9081632653061225,0.9509964026092105,0.9860984102419809,0.8887108463507377,0.004150253235790658,0.09183673469387756,0.9081632653061225,0.9958497467642093,0.7093226056078947,0.996848667056005,2,0.9999999385886218
CCE[DEA],20,0.9956988869772831,0.9520065060351659,0.42080378250591016,0.27384615384615385,0.9081632653061225,0.9509964026092105,0.9860984102419809,0.8887108463507377,0.004150253235790658,0.09183673469387756,0.9081632653061225,0.9958497467642093,0.7093226056078947,0.996848667056005,2,0.9999992158558138
CCE[CAR-FDH],5,0.9972613321161476,0.9375093312507896,0.524390243902439,0.3739130434782609,0.8775510204081632,0.9355900529308773,0.9840636592284635,0.8589157997767415,0.0025323579065841305,0.12244897959183673,0.8775510204081632,0.9974676420934159,0.7615084780553076,0.9978108143483055,3,0.9999988857384337
CCE[CAR-FDH],5,0.9972613321161476,0.9375093312507896,0.524390243902439,0.3739130434782609,0.8775510204081632,0.9355900529308773,0.9840636592284635,0.8589157997767415,0.0025323579065841305,0.12244897959183673,0.8775510204081632,0.9974676420934159,0.7615084780553076,0.9978108143483055,3,0.9999984677682994
CCE[CAR-FDH],5,0.9972613321161476,0.9375093312507896,0.524390243902439,0.3739130434782609,0.8775510204081632,0.9355900529308773,0.9840636592284635,0.8589157997767415,0.0025323579065841305,0.12244897959183673,0.8775510204081632,0.9974676420934159,0.7615084780553076,0.9978108143483055,3,1.0
CCE[CAR-FDH],5,0.9972613321161476,0.9375093312507896,0.524390243902439,0.3739130434782609,0.8775510204081632,0.9355900529308773,0.9840636592284635,0.8589157997767415,0.0025323579065841305,0.12244897959183673,0.8775510204081632,0.9974676420934159,0.7615084780553076,0.9978108143483055,3,0.9999987683540543
CCE[CAR-FDH],10,0.9962079983146659,0.9369817566869179,0.44329896907216493,0.296551724137931,0.8775510204081632,0.9350950753530187,0.9841320285852101,0.8602077372336048,0.0035875070343275185,0.12244897959183673,0.8775510204081632,0.9964124929656725,0.720698244400795,0.9971430192209384,3,0.9999988857384337
CCE[CAR-FDH],10,0.9962079983146659,0.9369817566869179,0.44329896907216493,0.296551724137931,0.8775510204081632,0.9350950753530187,0.9841320285852101,0.8602077372336048,0.0035875070343275185,0.12244897959183673,0.8775510204081632,0.9964124929656725,0.720698244400795,0.9971430192209384,3,0.9999984677682994
CCE[CAR-FDH],10,0.9962079983146659,0.9369817566869179,0.44329896907216493,0.296551724137931,0.8775510204081632,0.9350950753530187,0.9841320285852101,0.8602077372336048,0.0035875070343275185,0.12244897959183673,0.8775510204081632,0.9964124929656725,0.720698244400795,0.9971430192209384,3,1.0
CCE[CAR-FDH],10,0.9962079983146659,0.9369817566869179,0.44329896907216493,0.296551724137931,0.8775510204081632,0.9350950753530187,0.9841320285852101,0.8602077372336048,0.0035875070343275185,0.12244897959183673,0.8775510204081632,0.9964124929656725,0.720698244400795,0.9971430192209384,3,0.9999987683540543
CCE[CAR-FDH],15,0.9966995540886907,0.937227958150058,0.4777777777777778,0.3282442748091603,0.8775510204081632,0.9353260974867946,0.9853248136620996,0.8625644836148311,0.0030951041080472708,0.12244897959183673,0.8775510204081632,0.9969048958919527,0.7380611617922738,0.9974489392047047,3,0.9999988857384337
CCE[CAR-FDH],15,0.9966995540886907,0.937227958150058,0.4777777777777778,0.3282442748091603,0.8775510204081632,0.9353260974867946,0.9853248136620996,0.8625644836148311,0.0030951041080472708,0.12244897959183673,0.8775510204081632,0.9969048958919527,0.7380611617922738,0.9974489392047047,3,0.9999984677682994
CCE[CAR-FDH],15,0.9966995540886907,0.937227958150058,0.4777777777777778,0.3282442748091603,0.8775510204081632,0.9353260974867946,0.9853248136620996,0.8625644836148311,0.0030951041080472708,0.12244897959183673,0.8775510204081632,0.9969048958919527,0.7380611617922738,0.9974489392047047,3,1.0
CCE[CAR-FDH],15,0.9966995540886907,0.937227958150058,0.4777777777777778,0.3282442748091603,0.8775510204081632,0.9353260974867946,0.9853248136620996,0.8625644836148311,0.0030951041080472708,0.12244897959183673,0.8775510204081632,0.9969048958919527,0.7380611617922738,0.9974489392047047,3,0.9999987683540543
CCE[CAR-FDH],20,0.9969804431024192,0.9373686447004237,0.5,0.34959349593495936,0.8775510204081632,0.935458084518777,0.9848722479988056,0.8629813962604176,0.0028137310073157004,0.12244897959183673,0.8775510204081632,0.9971862689926843,0.7492428244409227,0.9976280316354281,3,0.9999988857384337
CCE[CAR-FDH],20,0.9969804431024192,0.9373686447004237,0.5,0.34959349593495936,0.8775510204081632,0.935458084518777,0.9848722479988056,0.8629813962604176,0.0028137310073157004,0.12244897959183673,0.8775510204081632,0.9971862689926843,0.7492428244409227,0.9976280316354281,3,0.9999984677682994
CCE[CAR-FDH],20,0.9969804431024192,0.9373686447004237,0.5,0.34959349593495936,0.8775510204081632,0.935458084518777,0.9848722479988056,0.8629813962604176,0.0028137310073157004,0.12244897959183673,0.8775510204081632,0.9971862689926843,0.7492428244409227,0.9976280316354281,3,1.0
CCE[CAR-FDH],20,0.9969804431024192,0.9373686447004237,0.5,0.34959349593495936,0.8775510204081632,0.935458084518777,0.9848722479988056,0.8629813962604176,0.0028137310073157004,0.12244897959183673,0.8775510204081632,0.9971862689926843,0.7492428244409227,0.9976280316354281,3,0.9999987683540543
CCE[CAR-DEA],5,0.9805308802359468,0.9342229365015562,0.13561964146531566,0.07341772151898734,0.8877551020408163,0.9330665761059711,0.9824278191862,0.7701926975188406,0.019309229037703997,0.11224489795918367,0.8877551020408163,0.980690770962296,0.5628871016516838,0.9886843813282993,3,1.0
CCE[CAR-DEA],5,0.9805308802359468,0.9342229365015562,0.13561964146531566,0.07341772151898734,0.8877551020408163,0.9330665761059711,0.9824278191862,0.7701926975188406,0.019309229037703997,0.11224489795918367,0.8877551020408163,0.980690770962296,0.5628871016516838,0.9886843813282993,3,0.9999986389978297
CCE[CAR-DEA],5,0.9805308802359468,0.9342229365015562,0.13561964146531566,0.07341772151898734,0.8877551020408163,0.9330665761059711,0.9824278191862,0.7701926975188406,0.019309229037703997,0.11224489795918367,0.8877551020408163,0.980690770962296,0.5628871016516838,0.9886843813282993,3,0.9999994792880629
CCE[CAR-DEA],5,0.9805308802359468,0.9342229365015562,0.13561964146531566,0.07341772151898734,0.8877551020408163,0.9330665761059711,0.9824278191862,0.7701926975188406,0.019309229037703997,0.11224489795918367,0.8877551020408163,0.980690770962296,0.5628871016516838,0.9886843813282993,3,0.999999013373141
CCE[CAR-DEA],10,0.9972788876795057,0.9375181241601874,0.5259938837920489,0.37554585152838427,0.8775510204081632,0.9355983003385752,0.9832059019443455,0.8637345353853246,0.0025147720877884074,0.12244897959183673,0.8775510204081632,0.9974852279122116,0.7623147055693609,0.9978223732954045,3,1.0
CCE[CAR-DEA],10,0.9972788876795057,0.9375181241601874,0.5259938837920489,0.37554585152838427,0.8775510204081632,0.9355983003385752,0.9832059019443455,0.8637345353853246,0.0025147720877884074,0.12244897959183673,0.8775510204081632,0.9974852279122116,0.7623147055693609,0.9978223732954045,3,0.9999986389978297
CCE[CAR-DEA],10,0.9972788876795057,0.9375181241601874,0.5259938837920489,0.37554585152838427,0.8775510204081632,0.9355983003385752,0.9832059019443455,0.8637345353853246,0.0025147720877884074,0.12244897959183673,0.8775510204081632,0.9974852279122116,0.7623147055693609,0.9978223732954045,3,0.9999994792880629
CCE[CAR-DEA],10,0.9972788876795057,0.9375181241601874,0.5259938837920489,0.37554585152838427,0.8775510204081632,0.9355983003385752,0.9832059019443455,0.8637345353853246,0.0025147720877884074,0.12244897959183673,0.8775510204081632,0.9974852279122116,0.7623147055693609,0.9978223732954045,3,0.999999013373141
CCE[CAR-DEA],15,0.9982971103542713,0.9380281129052634,0.6394052044609665,0.5029239766081871,0.8775510204081632,0.9360765256557322,0.9846136646836562,0.86476239275437,0.001494794597636466,0.12244897959183673,0.8775510204081632,0.9985052054023635,0.819275872214206,0.9985276247102626,3,1.0
CCE[CAR-DEA],15,0.9982971103542713,0.9380281129052634,0.6394052044609665,0.5029239766081871,0.8775510204081632,0.9360765256557322,0.9846136646836562,0.86476239275437,0.001494794597636466,0.12244897959183673,0.8775510204081632,0.9985052054023635,0.819275872214206,0.9985276247102626,3,0.9999986389978297
CCE[CAR-DEA],15,0.9982971103542713,0.9380281129052634,0.6394052044609665,0.5029239766081871,0.8775510204081632,0.9360765256557322,0.9846136646836562,0.86476239275437,0.001494794597636466,0.12244897959183673,0.8775510204081632,0.9985052054023635,0.819275872214206,0.9985276247102626,3,0.9999994792880629
CCE[CAR-DEA],15,0.9982971103542713,0.9380281129052634,0.6394052044609665,0.5029239766081871,0.8775510204081632,0.9360765256557322,0.9846136646836562,0.86476239275437,0.001494794597636466,0.12244897959183673,0.8775510204081632,0.9985052054023635,0.819275872214206,0.9985276247102626,3,0.999999013373141
CCE[CAR-DEA],20,0.99750711000316,0.9376324319823597,0.5477707006369427,0.39814814814814814,0.8775510204081632,0.9357055100235364,0.9848290012403386,0.8631652910591249,0.002286156443444007,0.12244897959183673,0.8775510204081632,0.997713843556556,0.7732604053312343,0.9979742246612465,3,1.0
CCE[CAR-DEA],20,0.99750711000316,0.9376324319823597,0.5477707006369427,0.39814814814814814,0.8775510204081632,0.9357055100235364,0.9848290012403386,0.8631652910591249,0.002286156443444007,0.12244897959183673,0.8775510204081632,0.997713843556556,0.7732604053312343,0.9979742246612465,3,0.9999986389978297
CCE[CAR-DEA],20,0.99750711000316,0.9376324319823597,0.5477707006369427,0.39814814814814814,0.8775510204081632,0.9357055100235364,0.9848290012403386,0.8631652910591249,0.002286156443444007,0.12244897959183673,0.8775510204081632,0.997713843556556,0.7732604053312343,0.9979742246612465,3,0.9999994792880629
CCE[CAR-DEA],20,0.99750711000316,0.9376324319823597,0.5477707006369427,0.39814814814814814,0.8775510204081632,0.9357055100235364,0.9848290012403386,0.8631652910591249,0.002286156443444007,0.12244897959183673,0.8775510204081632,0.997713843556556,0.7732604053312343,0.9979742246612465,3,0.999999013373141
CCE[FDH],5,0.9986131104947158,0.9381863852744249,0.6852589641434262,0.5620915032679739,0.8775510204081632,0.9362248907403748,0.9834189056883306,0.865431844338425,0.0011782498593134495,0.12244897959183673,0.8775510204081632,0.9988217501406865,0.8422819941018347,0.9987647250210265,3,0.9999994541659749
CCE[FDH],5,0.9986131104947158,0.9381863852744249,0.6852589641434262,0.5620915032679739,0.8775510204081632,0.9362248907403748,0.9834189056883306,0.865431844338425,0.0011782498593134495,0.12244897959183673,0.8775510204081632,0.9988217501406865,0.8422819941018347,0.9987647250210265,3,0.9999995744957263
CCE[FDH],5,0.9986131104947158,0.9381863852744249,0.6852589641434262,0.5620915032679739,0.8775510204081632,0.9362248907403748,0.9834189056883306,0.865431844338425,0.0011782498593134495,0.12244897959183673,0.8775510204081632,0.9988217501406865,0.8422819941018347,0.9987647250210265,3,0.9999992298329556
CCE[FDH],5,0.9986131104947158,0.9381863852744249,0.6852589641434262,0.5620915032679739,0.8775510204081632,0.9362248907403748,0.9834189056883306,0.865431844338425,0.0011782498593134495,0.12244897959183673,0.8775510204081632,0.9988217501406865,0.8422819941018347,0.9987647250210265,3,1.0
CCE[FDH],10,0.9967697763421228,0.9372631297876495,0.48314606741573035,0.3333333333333333,0.8775510204081632,0.9353590959908352,0.984930747763371,0.8623921625366159,0.003024760832864378,0.12244897959183673,0.8775510204081632,0.9969752391671356,0.7407629463593163,0.9974933938525855,3,0.9999994541659749
CCE[FDH],10,0.9967697763421228,0.9372631297876495,0.48314606741573035,0.3333333333333333,0.8775510204081632,0.9353590959908352,0.984930747763371,0.8623921625366159,0.003024760832864378,0.12244897959183673,0.8775510204081632,0.9969752391671356,0.7407629463593163,0.9974933938525855,3,0.9999995744957263
CCE[FDH],10,0.9967697763421228,0.9372631297876495,0.48314606741573035,0.3333333333333333,0.8775510204081632,0.9353590959908352,0.984930747763371,0.8623921625366159,0.003024760832864378,0.12244897959183673,0.8775510204081632,0.9969752391671356,0.7407629463593163,0.9974933938525855,3,0.9999992298329556
CCE[FDH],10,0.9967697763421228,0.9372631297876495,0.48314606741573035,0.3333333333333333,0.8775510204081632,0.9353590959908352,0.984930747763371,0.8623921625366159,0.003024760832864378,0.12244897959183673,0.8775510204081632,0.9969752391671356,0.7407629463593163,0.9974933938525855,3,1.0
CCE[FDH],15,0.9979108879603946,0.9378346688985104,0.5910652920962199,0.44559585492227977,0.8775510204081632,0.9358951586116209,0.9843218836493518,0.8632170685056145,0.0018816826111423747,0.12244897959183673,0.8775510204081632,0.9981183173888576,0.7950090305490912,0.9982510209464736,3,0.9999994541659749
CCE[FDH],15,0.9979108879603946,0.9378346688985104,0.5910652920962199,0.44559585492227977,0.8775510204081632,0.9358951586116209,0.9843218836493518,0.8632170685056145,0.0018816826111423747,0.12244897959183673,0.8775510204081632,0.9981183173888576,0.7950090305490912,0.9982510209464736,3,0.9999995744957263
CCE[FDH],15,0.9979108879603946,0.9378346688985104,0.5910652920962199,0.44559585492227977,0.8775510204081632,0.9358951586116209,0.9843218836493518,0.8632170685056145,0.0018816826111423747,0.12244897959183673,0.8775510204081632,0.9981183173888576,0.7950090305490912,0.9982510209464736,3,0.9999992298329556
CCE[FDH],15,0.9979108879603946,0.9378346688985104,0.5910652920962199,0.44559585492227977,0.8775510204081632,0.9358951586116209,0.9843218836493518,0.8632170685056145,0.0018816826111423747,0.12244897959183673,0.8775510204081632,0.9981183173888576,0.7950090305490912,0.9982510209464736,3,1.0
CCE[FDH],20,0.9976826656367402,0.9377203610763383,0.5657894736842105,0.4174757281553398,0.8775510204081632,0.9357879706539806,0.9850158057032605,0.8628262361442548,0.0021102982554867754,0.12244897959183673,0.8775510204081632,0.9978897017445132,0.7823138531948601,0.9980931960427505,3,0.9999994541659749
CCE[FDH],20,0.9976826656367402,0.9377203610763383,0.5657894736842105,0.4174757281553398,0.8775510204081632,0.9357879706539806,0.9850158057032605,0.8628262361442548,0.0021102982554867754,0.12244897959183673,0.8775510204081632,0.9978897017445132,0.7823138531948601,0.9980931960427505,3,0.9999995744957263
CCE[FDH],20,0.9976826656367402,0.9377203610763383,0.5657894736842105,0.4174757281553398,0.8775510204081632,0.9357879706539806,0.9850158057032605,0.8628262361442548,0.0021102982554867754,0.12244897959183673,0.8775510204081632,0.9978897017445132,0.7823138531948601,0.9980931960427505,3,0.9999992298329556
CCE[FDH],20,0.9976826656367402,0.9377203610763383,0.5657894736842105,0.4174757281553398,0.8775510204081632,0.9357879706539806,0.9850158057032605,0.8628262361442548,0.0021102982554867754,0.12244897959183673,0.8775510204081632,0.9978897017445132,0.7823138531948601,0.9980931960427505,3,1.0
CCE[DEA],5,0.995611109160493,0.9366827977673906,0.4075829383886256,0.2654320987654321,0.8775510204081632,0.9348144717213598,0.9832823464219678,0.8618124911911046,0.004185424873382105,0.12244897959183673,0.8775510204081632,0.9958145751266179,0.7026901670146155,0.9967819640052925,3,0.9999980268103612
CCE[DEA],5,0.995611109160493,0.9366827977673906,0.4075829383886256,0.2654320987654321,0.8775510204081632,0.9348144717213598,0.9832823464219678,0.8618124911911046,0.004185424873382105,0.12244897959183673,0.8775510204081632,0.9958145751266179,0.7026901670146155,0.9967819640052925,3,0.9999987870612068
CCE[DEA],5,0.995611109160493,0.9366827977673906,0.4075829383886256,0.2654320987654321,0.8775510204081632,0.9348144717213598,0.9832823464219678,0.8618124911911046,0.004185424873382105,0.12244897959183673,0.8775510204081632,0.9958145751266179,0.7026901670146155,0.9967819640052925,3,1.0
CCE[DEA],5,0.995611109160493,0.9366827977673906,0.4075829383886256,0.2654320987654321,0.8775510204081632,0.9348144717213598,0.9832823464219678,0.8618124911911046,0.004185424873382105,0.12244897959183673,0.8775510204081632,0.9958145751266179,0.7026901670146155,0.9967819640052925,3,1.0
CCE[DEA],10,0.9975773322565921,0.937667603619951,0.5548387096774193,0.4056603773584906,0.8775510204081632,0.9357384951477212,0.9832159509836574,0.862937896305997,0.0022158131682611143,0.12244897959183673,0.8775510204081632,0.9977841868317389,0.776812035318228,0.9980215750697491,3,0.9999980268103612
CCE[DEA],10,0.9975773322565921,0.937667603619951,0.5548387096774193,0.4056603773584906,0.8775510204081632,0.9357384951477212,0.9832159509836574,0.862937896305997,0.0022158131682611143,0.12244897959183673,0.8775510204081632,0.9977841868317389,0.776812035318228,0.9980215750697491,3,0.9999987870612068
CCE[DEA],10,0.9975773322565921,0.937667603619951,0.5548387096774193,0.4056603773584906,0.8775510204081632,0.9357384951477212,0.9832159509836574,0.862937896305997,0.0022158131682611143,0.12244897959183673,0.8775510204081632,0.9977841868317389,0.776812035318228,0.9980215750697491,3,1.0
CCE[DEA],10,0.9975773322565921,0.937667603619951,0.5548387096774193,0.4056603773584906,0.8775510204081632,0.9357384951477212,0.9832159509836574,0.862937896305997,0.0022158131682611143,0.12244897959183673,0.8775510204081632,0.9977841868317389,0.776812035318228,0.9980215750697491,3,1.0
CCE[DEA],15,0.9992099996488887,0.9384853441939522,0.7926267281105991,0.7226890756302521,0.8775510204081632,0.9365050717703612,0.9835708974079221,0.8642771823862686,0.0005803320202588633,0.12244897959183673,0.8775510204081632,0.9994196679797411,0.8961154870556425,0.9992481525216433,3,0.9999980268103612
CCE[DEA],15,0.9992099996488887,0.9384853441939522,0.7926267281105991,0.7226890756302521,0.8775510204081632,0.9365050717703612,0.9835708974079221,0.8642771823862686,0.0005803320202588633,0.12244897959183673,0.8775510204081632,0.9994196679797411,0.8961154870556425,0.9992481525216433,3,0.9999987870612068
CCE[DEA],15,0.9992099996488887,0.9384853441939522,0.7926267281105991,0.7226890756302521,0.8775510204081632,0.9365050717703612,0.9835708974079221,0.8642771823862686,0.0005803320202588633,0.12244897959183673,0.8775510204081632,0.9994196679797411,0.8961154870556425,0.9992481525216433,3,1.0
CCE[DEA],15,0.9992099996488887,0.9384853441939522,0.7926267281105991,0.7226890756302521,0.8775510204081632,0.9365050717703612,0.9835708974079221,0.8642771823862686,0.0005803320202588633,0.12244897959183673,0.8775510204081632,0.9994196679797411,0.8961154870556425,0.9992481525216433,3,1.0
CCE[DEA],20,0.9989466661985184,0.9383534505529842,0.7413793103448276,0.6417910447761194,0.8775510204081632,0.9363814728267406,0.9848842709565536,0.8635658469493106,0.0008441193021947102,0.12244897959183673,0.8775510204081632,0.9991558806978053,0.8704257843635619,0.9990282236063458,3,0.9999980268103612
CCE[DEA],20,0.9989466661985184,0.9383534505529842,0.7413793103448276,0.6417910447761194,0.8775510204081632,0.9363814728267406,0.9848842709565536,0.8635658469493106,0.0008441193021947102,0.12244897959183673,0.8775510204081632,0.9991558806978053,0.8704257843635619,0.9990282236063458,3,0.9999987870612068
CCE[DEA],20,0.9989466661985184,0.9383534505529842,0.7413793103448276,0.6417910447761194,0.8775510204081632,0.9363814728267406,0.9848842709565536,0.8635658469493106,0.0008441193021947102,0.12244897959183673,0.8775510204081632,0.9991558806978053,0.8704257843635619,0.9990282236063458,3,1.0
CCE[DEA],20,0.9989466661985184,0.9383534505529842,0.7413793103448276,0.6417910447761194,0.8775510204081632,0.9363814728267406,0.9848842709565536,0.8635658469493106,0.0008441193021947102,0.12244897959183673,0.8775510204081632,0.9991558806978053,0.8704257843635619,0.9990282236063458,3,1.0
CCE[CAR-FDH],5,0.9941364418384186,0.9410374412848989,0.3425196850393701,0.2121951219512195,0.8877551020408163,0.9395277847007549,0.9828599278766093,0.8479375909711288,0.005680219471018571,0.11224489795918367,0.8877551020408163,0.9943197805289814,0.6697873871342015,0.9959289969287172,4,0.9999999999999999
CCE[CAR-FDH],5,0.9941364418384186,0.9410374412848989,0.3425196850393701,0.2121951219512195,0.8877551020408163,0.9395277847007549,0.9828599278766093,0.8479375909711288,0.005680219471018571,0.11224489795918367,0.8877551020408163,0.9943197805289814,0.6697873871342015,0.9959289969287172,4,0.9090905487820764
CCE[CAR-FDH],5,0.9941364418384186,0.9410374412848989,0.3425196850393701,0.2121951219512195,0.8877551020408163,0.9395277847007549,0.9828599278766093,0.8479375909711288,0.005680219471018571,0.11224489795918367,0.8877551020408163,0.9943197805289814,0.6697873871342015,0.9959289969287172,4,0.9100290218915503
CCE[CAR-FDH],5,0.9941364418384186,0.9410374412848989,0.3425196850393701,0.2121951219512195,0.8877551020408163,0.9395277847007549,0.9828599278766093,0.8479375909711288,0.005680219471018571,0.11224489795918367,0.8877551020408163,0.9943197805289814,0.6697873871342015,0.9959289969287172,4,0.9090907220382197
CCE[CAR-FDH],10,0.9910817738141217,0.939507475049671,0.25513196480938416,0.14897260273972604,0.8877551020408163,0.9380810133256938,0.9790353711828006,0.8424266359401962,0.008740151941474395,0.11224489795918367,0.8877551020408163,0.9912598480585256,0.6253229983528386,0.9942402451160794,4,0.9999999999999999
CCE[CAR-FDH],10,0.9910817738141217,0.939507475049671,0.25513196480938416,0.14897260273972604,0.8877551020408163,0.9380810133256938,0.9790353711828006,0.8424266359401962,0.008740151941474395,0.11224489795918367,0.8877551020408163,0.9912598480585256,0.6253229983528386,0.9942402451160794,4,0.9090905487820764
CCE[CAR-FDH],10,0.9910817738141217,0.939507475049671,0.25513196480938416,0.14897260273972604,0.8877551020408163,0.9380810133256938,0.9790353711828006,0.8424266359401962,0.008740151941474395,0.11224489795918367,0.8877551020408163,0.9912598480585256,0.6253229983528386,0.9942402451160794,4,0.9100290218915503
CCE[CAR-FDH],10,0.9910817738141217,0.939507475049671,0.25513196480938416,0.14897260273972604,0.8877551020408163,0.9380810133256938,0.9790353711828006,0.8424266359401962,0.008740151941474395,0.11224489795918367,0.8877551020408163,0.9912598480585256,0.6253229983528386,0.9942402451160794,4,0.9090907220382197
CCE[CAR-FDH],15,0.9927846634598504,0.9403603872612636,0.29743589743589743,0.17864476386036962,0.8877551020408163,0.938887821785451,0.9816601443616275,0.8473272780879866,0.007034327518289252,0.11224489795918367,0.8877551020408163,0.9929656724817107,0.6469048040810629,0.9951712265139033,4,0.9999999999999999
CCE[CAR-FDH],15,0.9927846634598504,0.9403603872612636,0.29743589743589743,0.17864476386036962,0.8877551020408163,0.938887821785451,0.9816601443616275,0.8473272780879866,0.007034327518289252,0.11224489795918367,0.8877551020408163,0.9929656724817107,0.6469048040810629,0.9951712265139033,4,0.9090905487820764
CCE[CAR-FDH],15,0.9927846634598504,0.9403603872612636,0.29743589743589743,0.17864476386036962,0.8877551020408163,0.938887821785451,0.9816601443616275,0.8473272780879866,0.007034327518289252,0.11224489795918367,0.8877551020408163,0.9929656724817107,0.6469048040810629,0.9951712265139033,4,0.9100290218915503
CCE[CAR-FDH],15,0.9927846634598504,0.9403603872612636,0.29743589743589743,0.17864476386036962,0.8877551020408163,0.938887821785451,0.9816601443616275,0.8473272780879866,0.007034327518289252,0.11224489795918367,0.8877551020408163,0.9929656724817107,0.6469048040810629,0.9951712265139033,4,0.9090907220382197
CCE[CAR-FDH],20,0.9922228854323936,0.940079014160532,0.2820097244732577,0.1676300578034682,0.8877551020408163,0.9386217348248046,0.9815948256061007,0.8470072503032442,0.0075970737197523916,0.11224489795918367,0.8877551020408163,0.9924029262802476,0.639049996253062,0.9948617315827972,4,0.9999999999999999
CCE[CAR-FDH],20,0.9922228854323936,0.940079014160532,0.2820097244732577,0.1676300578034682,0.8877551020408163,0.9386217348248046,0.9815948256061007,0.8470072503032442,0.0075970737197523916,0.11224489795918367,0.8877551020408163,0.9924029262802476,0.639049996253062,0.9948617315827972,4,0.9090905487820764
CCE[CAR-FDH],20,0.9922228854323936,0.940079014160532,0.2820097244732577,0.1676300578034682,0.8877551020408163,0.9386217348248046,0.9815948256061007,0.8470072503032442,0.0075970737197523916,0.11224489795918367,0.8877551020408163,0.9924029262802476,0.639049996253062,0.9948617315827972,4,0.9100290218915503
CCE[CAR-FDH],20,0.9922228854323936,0.940079014160532,0.2820097244732577,0.1676300578034682,0.8877551020408163,0.9386217348248046,0.9815948256061007,0.8470072503032442,0.0075970737197523916,0.11224489795918367,0.8877551020408163,0.9924029262802476,0.639049996253062,0.9948617315827972,4,0.9090907220382197
CCE[CAR-DEA],5,0.9726308767248341,0.9506391189002332,0.10453762205628948,0.05538648813146683,0.9285714285714286,0.9503829498822901,0.9788819438861645,0.7319069429240299,0.027293190770962296,0.07142857142857142,0.9285714285714286,0.9727068092290377,0.5453203429001753,0.9845863787034129,4,0.9999999999999999
CCE[CAR-DEA],5,0.9726308767248341,0.9506391189002332,0.10453762205628948,0.05538648813146683,0.9285714285714286,0.9503829498822901,0.9788819438861645,0.7319069429240299,0.027293190770962296,0.07142857142857142,0.9285714285714286,0.9727068092290377,0.5453203429001753,0.9845863787034129,4,0.9999997125196454
CCE[CAR-DEA],5,0.9726308767248341,0.9506391189002332,0.10453762205628948,0.05538648813146683,0.9285714285714286,0.9503829498822901,0.9788819438861645,0.7319069429240299,0.027293190770962296,0.07142857142857142,0.9285714285714286,0.9727068092290377,0.5453203429001753,0.9845863787034129,4,1.0
CCE[CAR-DEA],5,0.9726308767248341,0.9506391189002332,0.10453762205628948,0.05538648813146683,0.9285714285714286,0.9503829498822901,0.9788819438861645,0.7319069429240299,0.027293190770962296,0.07142857142857142,0.9285714285714286,0.9727068092290377,0.5453203429001753,0.9845863787034129,4,1.0
CCE[CAR-DEA],10,0.9761595449597977,0.9473132457822746,0.11703511053315994,0.0625,0.9183673469387755,0.9468709101956244,0.9805093499132911,0.7322790080116538,0.023740855374226225,0.08163265306122448,0.9183673469387755,0.9762591446257738,0.5524758774775315,0.986418340459242,4,0.9999999999999999
CCE[CAR-DEA],10,0.9761595449597977,0.9473132457822746,0.11703511053315994,0.0625,0.9183673469387755,0.9468709101956244,0.9805093499132911,0.7322790080116538,0.023740855374226225,0.08163265306122448,0.9183673469387755,0.9762591446257738,0.5524758774775315,0.986418340459242,4,0.9999997125196454
CCE[CAR-DEA],10,0.9761595449597977,0.9473132457822746,0.11703511053315994,0.0625,0.9183673469387755,0.9468709101956244,0.9805093499132911,0.7322790080116538,0.023740855374226225,0.08163265306122448,0.9183673469387755,0.9762591446257738,0.5524758774775315,0.986418340459242,4,1.0
CCE[CAR-DEA],10,0.9761595449597977,0.9473132457822746,0.11703511053315994,0.0625,0.9183673469387755,0.9468709101956244,0.9805093499132911,0.7322790080116538,0.023740855374226225,0.08163265306122448,0.9183673469387755,0.9762591446257738,0.5524758774775315,0.986418340459242,4,1.0
CCE[CAR-DEA],15,0.9827955479091324,0.9506369655346663,0.15517241379310345,0.0847457627118644,0.9183673469387755,0.9500891073771103,0.9818449749061132,0.8358530028865085,0.017093415869442883,0.08163265306122448,0.9183673469387755,0.9829065841305571,0.5732408484488202,0.9898707554335893,4,0.9999999999999999
CCE[CAR-DEA],15,0.9827955479091324,0.9506369655346663,0.15517241379310345,0.0847457627118644,0.9183673469387755,0.9500891073771103,0.9818449749061132,0.8358530028865085,0.017093415869442883,0.08163265306122448,0.9183673469387755,0.9829065841305571,0.5732408484488202,0.9898707554335893,4,0.9999997125196454
CCE[CAR-DEA],15,0.9827955479091324,0.9506369655346663,0.15517241379310345,0.0847457627118644,0.9183673469387755,0.9500891073771103,0.9818449749061132,0.8358530028865085,0.017093415869442883,0.08163265306122448,0.9183673469387755,0.9829065841305571,0.5732408484488202,0.9898707554335893,4,1.0
CCE[CAR-DEA],15,0.9827955479091324,0.9506369655346663,0.15517241379310345,0.0847457627118644,0.9183673469387755,0.9500891073771103,0.9818449749061132,0.8358530028865085,0.017093415869442883,0.08163265306122448,0.9183673469387755,0.9829065841305571,0.5732408484488202,0.9898707554335893,4,1.0
CCE[CAR-DEA],20,0.9933288859239493,0.9457262153595258,0.31654676258992803,0.19213973799126638,0.8979591836734694,0.9445191290292408,0.982352989732753,0.8525281230151208,0.006506752954417557,0.10204081632653061,0.8979591836734694,0.9934932470455824,0.6565974233526876,0.9954780070551348,4,0.9999999999999999
CCE[CAR-DEA],20,0.9933288859239493,0.9457262153595258,0.31654676258992803,0.19213973799126638,0.8979591836734694,0.9445191290292408,0.982352989732753,0.8525281230151208,0.006506752954417557,0.10204081632653061,0.8979591836734694,0.9934932470455824,0.6565974233526876,0.9954780070551348,4,0.9999997125196454
CCE[CAR-DEA],20,0.9933288859239493,0.9457262153595258,0.31654676258992803,0.19213973799126638,0.8979591836734694,0.9445191290292408,0.982352989732753,0.8525281230151208,0.006506752954417557,0.10204081632653061,0.8979591836734694,0.9934932470455824,0.6565974233526876,0.9954780070551348,4,1.0
CCE[CAR-DEA],20,0.9933288859239493,0.9457262153595258,0.31654676258992803,0.19213973799126638,0.8979591836734694,0.9445191290292408,0.982352989732753,0.8525281230151208,0.006506752954417557,0.10204081632653061,0.8979591836734694,0.9934932470455824,0.6565974233526876,0.9954780070551348,4,1.0
CCE[FDH],5,0.9992977774656788,0.9232495650201555,0.8058252427184466,0.7685185185185185,0.8469387755102041,0.9200904426817368,0.9817347943679442,0.8512601917506003,0.00043964546989307823,0.15306122448979592,0.8469387755102041,0.9995603545301069,0.9027367477068551,0.9993147908263383,4,1.0
CCE[FDH],5,0.9992977774656788,0.9232495650201555,0.8058252427184466,0.7685185185185185,0.8469387755102041,0.9200904426817368,0.9817347943679442,0.8512601917506003,0.00043964546989307823,0.15306122448979592,0.8469387755102041,0.9995603545301069,0.9027367477068551,0.9993147908263383,4,0.9999999999999999
CCE[FDH],5,0.9992977774656788,0.9232495650201555,0.8058252427184466,0.7685185185185185,0.8469387755102041,0.9200904426817368,0.9817347943679442,0.8512601917506003,0.00043964546989307823,0.15306122448979592,0.8469387755102041,0.9995603545301069,0.9027367477068551,0.9993147908263383,4,0.9132605830801738
CCE[FDH],5,0.9992977774656788,0.9232495650201555,0.8058252427184466,0.7685185185185185,0.8469387755102041,0.9200904426817368,0.9817347943679442,0.8512601917506003,0.00043964546989307823,0.15306122448979592,0.8469387755102041,0.9995603545301069,0.9027367477068551,0.9993147908263383,4,0.9999999000848571
CCE[FDH],10,0.9951897756399003,0.9415650158487705,0.38839285714285715,0.24857142857142858,0.8877551020408163,0.94002615508627,0.9783645978087352,0.8466730452481769,0.004625070343275183,0.11224489795918367,0.8877551020408163,0.9953749296567248,0.6929891248243807,0.9965373101270275,4,1.0
CCE[FDH],10,0.9951897756399003,0.9415650158487705,0.38839285714285715,0.24857142857142858,0.8877551020408163,0.94002615508627,0.9783645978087352,0.8466730452481769,0.004625070343275183,0.11224489795918367,0.8877551020408163,0.9953749296567248,0.6929891248243807,0.9965373101270275,4,0.9999999999999999
CCE[FDH],10,0.9951897756399003,0.9415650158487705,0.38839285714285715,0.24857142857142858,0.8877551020408163,0.94002615508627,0.9783645978087352,0.8466730452481769,0.004625070343275183,0.11224489795918367,0.8877551020408163,0.9953749296567248,0.6929891248243807,0.9965373101270275,4,0.9132605830801738
CCE[FDH],10,0.9951897756399003,0.9415650158487705,0.38839285714285715,0.24857142857142858,0.8877551020408163,0.94002615508627,0.9783645978087352,0.8466730452481769,0.004625070343275183,0.11224489795918367,0.8877551020408163,0.9953749296567248,0.6929891248243807,0.9965373101270275,4,0.9999999000848571
CCE[FDH],15,0.9932059969804431,0.9405714170868122,0.31016042780748665,0.1879049676025918,0.8877551020408163,0.9390873375281216,0.981610078612199,0.8453499325687218,0.006612267867191896,0.11224489795918367,0.8877551020408163,0.9933877321328081,0.6533733077703489,0.9954052298231532,4,1.0
CCE[FDH],15,0.9932059969804431,0.9405714170868122,0.31016042780748665,0.1879049676025918,0.8877551020408163,0.9390873375281216,0.981610078612199,0.8453499325687218,0.006612267867191896,0.11224489795918367,0.8877551020408163,0.9933877321328081,0.6533733077703489,0.9954052298231532,4,0.9999999999999999
CCE[FDH],15,0.9932059969804431,0.9405714170868122,0.31016042780748665,0.1879049676025918,0.8877551020408163,0.9390873375281216,0.981610078612199,0.8453499325687218,0.006612267867191896,0.11224489795918367,0.8877551020408163,0.9933877321328081,0.6533733077703489,0.9954052298231532,4,0.9132605830801738
CCE[FDH],15,0.9932059969804431,0.9405714170868122,0.31016042780748665,0.1879049676025918,0.8877551020408163,0.9390873375281216,0.981610078612199,0.8453499325687218,0.006612267867191896,0.11224489795918367,0.8877551020408163,0.9933877321328081,0.6533733077703489,0.9954052298231532,4,0.9999999000848571
CCE[FDH],20,0.9936975527544679,0.9408176185499524,0.32645403377110693,0.2,0.8877551020408163,0.9393200523334532,0.9814514473487763,0.8464966121267891,0.006119864940911649,0.11224489795918367,0.8877551020408163,0.9938801350590883,0.6616439988329743,0.9956806119557924,4,1.0
CCE[FDH],20,0.9936975527544679,0.9408176185499524,0.32645403377110693,0.2,0.8877551020408163,0.9393200523334532,0.9814514473487763,0.8464966121267891,0.006119864940911649,0.11224489795918367,0.8877551020408163,0.9938801350590883,0.6616439988329743,0.9956806119557924,4,0.9999999999999999
CCE[FDH],20,0.9936975527544679,0.9408176185499524,0.32645403377110693,0.2,0.8877551020408163,0.9393200523334532,0.9814514473487763,0.8464966121267891,0.006119864940911649,0.11224489795918367,0.8877551020408163,0.9938801350590883,0.6616439988329743,0.9956806119557924,4,0.9132605830801738
CCE[FDH],20,0.9936975527544679,0.9408176185499524,0.32645403377110693,0.2,0.8877551020408163,0.9393200523334532,0.9814514473487763,0.8464966121267891,0.006119864940911649,0.11224489795918367,0.8877551020408163,0.9938801350590883,0.6616439988329743,0.9956806119557924,4,0.9999999000848571
CCE[DEA],5,0.998156665847407,0.9226780259092946,0.6125461254612546,0.4797687861271676,0.8469387755102041,0.9195641932159259,0.983059293638671,0.8509879291553455,0.0015827236916150817,0.15306122448979592,0.8469387755102041,0.998417276308385,0.8058111303575267,0.998411131550283,4,0.933332651819629
CCE[DEA],5,0.998156665847407,0.9226780259092946,0.6125461254612546,0.4797687861271676,0.8469387755102041,0.9195641932159259,0.983059293638671,0.8509879291553455,0.0015827236916150817,0.15306122448979592,0.8469387755102041,0.998417276308385,0.8058111303575267,0.998411131550283,4,1.0
CCE[DEA],5,0.998156665847407,0.9226780259092946,0.6125461254612546,0.4797687861271676,0.8469387755102041,0.9195641932159259,0.983059293638671,0.8509879291553455,0.0015827236916150817,0.15306122448979592,0.8469387755102041,0.998417276308385,0.8058111303575267,0.998411131550283,4,0.9999992320800153
CCE[DEA],5,0.998156665847407,0.9226780259092946,0.6125461254612546,0.4797687861271676,0.8469387755102041,0.9195641932159259,0.983059293638671,0.8509879291553455,0.0015827236916150817,0.15306122448979592,0.8469387755102041,0.998417276308385,0.8058111303575267,0.998411131550283,4,0.9999999999999999
CCE[DEA],10,0.9976475545100242,0.9326095273506139,0.5592105263157895,0.41262135922330095,0.8673469387755102,0.9303232368578203,0.9826361573047901,0.8506483595607104,0.0021278840742824986,0.1326530612244898,0.8673469387755102,0.9978721159257175,0.7790155782432671,0.9980643050737011,4,0.933332651819629
CCE[DEA],10,0.9976475545100242,0.9326095273506139,0.5592105263157895,0.41262135922330095,0.8673469387755102,0.9303232368578203,0.9826361573047901,0.8506483595607104,0.0021278840742824986,0.1326530612244898,0.8673469387755102,0.9978721159257175,0.7790155782432671,0.9980643050737011,4,1.0
CCE[DEA],10,0.9976475545100242,0.9326095273506139,0.5592105263157895,0.41262135922330095,0.8673469387755102,0.9303232368578203,0.9826361573047901,0.8506483595607104,0.0021278840742824986,0.1326530612244898,0.8673469387755102,0.9978721159257175,0.7790155782432671,0.9980643050737011,4,0.9999992320800153
CCE[DEA],10,0.9976475545100242,0.9326095273506139,0.5592105263157895,0.41262135922330095,0.8673469387755102,0.9303232368578203,0.9826361573047901,0.8506483595607104,0.0021278840742824986,0.1326530612244898,0.8673469387755102,0.9978721159257175,0.7790155782432671,0.9980643050737011,4,0.9999999999999999
CCE[DEA],15,0.9979986657771848,0.9276921376316424,0.5957446808510638,0.45652173913043476,0.8571428571428571,0.9250056763318163,0.983140403741688,0.851060643189362,0.001758581879572313,0.14285714285714285,0.8571428571428571,0.9982414181204277,0.7973707653036579,0.9983030764942054,4,0.933332651819629
CCE[DEA],15,0.9979986657771848,0.9276921376316424,0.5957446808510638,0.45652173913043476,0.8571428571428571,0.9250056763318163,0.983140403741688,0.851060643189362,0.001758581879572313,0.14285714285714285,0.8571428571428571,0.9982414181204277,0.7973707653036579,0.9983030764942054,4,1.0
CCE[DEA],15,0.9979986657771848,0.9276921376316424,0.5957446808510638,0.45652173913043476,0.8571428571428571,0.9250056763318163,0.983140403741688,0.851060643189362,0.001758581879572313,0.14285714285714285,0.8571428571428571,0.9982414181204277,0.7973707653036579,0.9983030764942054,4,0.9999992320800153
CCE[DEA],15,0.9979986657771848,0.9276921376316424,0.5957446808510638,0.45652173913043476,0.8571428571428571,0.9250056763318163,0.983140403741688,0.851060643189362,0.001758581879572313,0.14285714285714285,0.8571428571428571,0.9982414181204277,0.7973707653036579,0.9983030764942054,4,0.9999999999999999
CCE[DEA],20,0.9989993328885924,0.9281933334673205,0.7466666666666667,0.6614173228346457,0.8571428571428571,0.9254699855247837,0.9832181043492243,0.853633454729341,0.0007561902082160945,0.14285714285714285,0.8571428571428571,0.999243809791784,0.8730826714981369,0.9990636927098787,4,0.933332651819629
CCE[DEA],20,0.9989993328885924,0.9281933334673205,0.7466666666666667,0.6614173228346457,0.8571428571428571,0.9254699855247837,0.9832181043492243,0.853633454729341,0.0007561902082160945,0.14285714285714285,0.8571428571428571,0.999243809791784,0.8730826714981369,0.9990636927098787,4,1.0
CCE[DEA],20,0.9989993328885924,0.9281933334673205,0.7466666666666667,0.6614173228346457,0.8571428571428571,0.9254699855247837,0.9832181043492243,0.853633454729341,0.0007561902082160945,0.14285714285714285,0.8571428571428571,0.999243809791784,0.8730826714981369,0.9990636927098787,4,0.9999992320800153
CCE[DEA],20,0.9989993328885924,0.9281933334673205,0.7466666666666667,0.6614173228346457,0.8571428571428571,0.9254699855247837,0.9832181043492243,0.853633454729341,0.0007561902082160945,0.14285714285714285,0.8571428571428571,0.999243809791784,0.8730826714981369,0.9990636927098787,4,0.9999999999999999
CCE[CAR-FDH],5,0.9924335521926899,0.945277776980235,0.2899505766062603,0.17288801571709234,0.8979591836734694,0.9440927000989701,0.9764375150735589,0.8509717108484662,0.007403629712999437,0.10204081632653061,0.8979591836734694,0.9925963702870005,0.6430735436399286,0.9949814532398938,5,0.9074074596624107
CCE[CAR-FDH],5,0.9924335521926899,0.945277776980235,0.2899505766062603,0.17288801571709234,0.8979591836734694,0.9440927000989701,0.9764375150735589,0.8509717108484662,0.007403629712999437,0.10204081632653061,0.8979591836734694,0.9925963702870005,0.6430735436399286,0.9949814532398938,5,0.9999995007885234
CCE[CAR-FDH],5,0.9924335521926899,0.945277776980235,0.2899505766062603,0.17288801571709234,0.8979591836734694,0.9440927000989701,0.9764375150735589,0.8509717108484662,0.007403629712999437,0.10204081632653061,0.8979591836734694,0.9925963702870005,0.6430735436399286,0.9949814532398938,5,1.0
CCE[CAR-FDH],5,0.9924335521926899,0.945277776980235,0.2899505766062603,0.17288801571709234,0.8979591836734694,0.9440927000989701,0.9764375150735589,0.8509717108484662,0.007403629712999437,0.10204081632653061,0.8979591836734694,0.9925963702870005,0.6430735436399286,0.9949814532398938,5,1.0
CCE[CAR-FDH],10,0.9946104420490853,0.9361816019317124,0.35908141962421714,0.22572178477690288,0.8775510204081632,0.9343438589222053,0.9731252799375236,0.8513525321934441,0.005187816544738323,0.12244897959183673,0.8775510204081632,0.9948121834552617,0.6781876312277726,0.9961958333254416,5,0.9074074596624107
CCE[CAR-FDH],10,0.9946104420490853,0.9361816019317124,0.35908141962421714,0.22572178477690288,0.8775510204081632,0.9343438589222053,0.9731252799375236,0.8513525321934441,0.005187816544738323,0.12244897959183673,0.8775510204081632,0.9948121834552617,0.6781876312277726,0.9961958333254416,5,0.9999995007885234
CCE[CAR-FDH],10,0.9946104420490853,0.9361816019317124,0.35908141962421714,0.22572178477690288,0.8775510204081632,0.9343438589222053,0.9731252799375236,0.8513525321934441,0.005187816544738323,0.12244897959183673,0.8775510204081632,0.9948121834552617,0.6781876312277726,0.9961958333254416,5,1.0
CCE[CAR-FDH],10,0.9946104420490853,0.9361816019317124,0.35908141962421714,0.22572178477690288,0.8775510204081632,0.9343438589222053,0.9731252799375236,0.8513525321934441,0.005187816544738323,0.12244897959183673,0.8775510204081632,0.9948121834552617,0.6781876312277726,0.9961958333254416,5,1.0
CCE[CAR-FDH],15,0.9939433306414803,0.9409407192815225,0.3352601156069364,0.20665083135391923,0.8877551020408163,0.9394363881182982,0.9754082063326175,0.8549972258521251,0.005873663477771525,0.11224489795918367,0.8877551020408163,0.9941263365222285,0.6661089608500711,0.9958193914717448,5,0.9074074596624107
CCE[CAR-FDH],15,0.9939433306414803,0.9409407192815225,0.3352601156069364,0.20665083135391923,0.8877551020408163,0.9394363881182982,0.9754082063326175,0.8549972258521251,0.005873663477771525,0.11224489795918367,0.8877551020408163,0.9941263365222285,0.6661089608500711,0.9958193914717448,5,0.9999995007885234
CCE[CAR-FDH],15,0.9939433306414803,0.9409407192815225,0.3352601156069364,0.20665083135391923,0.8877551020408163,0.9394363881182982,0.9754082063326175,0.8549972258521251,0.005873663477771525,0.11224489795918367,0.8877551020408163,0.9941263365222285,0.6661089608500711,0.9958193914717448,5,1.0
CCE[CAR-FDH],15,0.9939433306414803,0.9409407192815225,0.3352601156069364,0.20665083135391923,0.8877551020408163,0.9394363881182982,0.9754082063326175,0.8549972258521251,0.005873663477771525,0.11224489795918367,0.8877551020408163,0.9941263365222285,0.6661089608500711,0.9958193914717448,5,1.0
CCE[CAR-FDH],20,0.9962079983146659,0.9369817566869179,0.44329896907216493,0.296551724137931,0.8775510204081632,0.9350950753530187,0.9755989586324119,0.8610131140696491,0.0035875070343275185,0.12244897959183673,0.8775510204081632,0.9964124929656725,0.720698244400795,0.9971430192209384,5,0.9074074596624107
CCE[CAR-FDH],20,0.9962079983146659,0.9369817566869179,0.44329896907216493,0.296551724137931,0.8775510204081632,0.9350950753530187,0.9755989586324119,0.8610131140696491,0.0035875070343275185,0.12244897959183673,0.8775510204081632,0.9964124929656725,0.720698244400795,0.9971430192209384,5,0.9999995007885234
CCE[CAR-FDH],20,0.9962079983146659,0.9369817566869179,0.44329896907216493,0.296551724137931,0.8775510204081632,0.9350950753530187,0.9755989586324119,0.8610131140696491,0.0035875070343275185,0.12244897959183673,0.8775510204081632,0.9964124929656725,0.720698244400795,0.9971430192209384,5,1.0
CCE[CAR-FDH],20,0.9962079983146659,0.9369817566869179,0.44329896907216493,0.296551724137931,0.8775510204081632,0.9350950753530187,0.9755989586324119,0.8610131140696491,0.0035875070343275185,0.12244897959183673,0.8775510204081632,0.9964124929656725,0.720698244400795,0.9971430192209384,5,1.0
CCE[CAR-DEA],5,0.9842175485411326,0.9462559432889645,0.16527390900649955,0.09090909090909091,0.9081632653061225,0.9454888989796673,0.9781223441824676,0.7254253128429907,0.015651378728193586,0.09183673469387756,0.9081632653061225,0.9843486212718064,0.5786536851208116,0.9906110667244252,5,1.0
CCE[CAR-DEA],5,0.9842175485411326,0.9462559432889645,0.16527390900649955,0.09090909090909091,0.9081632653061225,0.9454888989796673,0.9781223441824676,0.7254253128429907,0.015651378728193586,0.09183673469387756,0.9081632653061225,0.9843486212718064,0.5786536851208116,0.9906110667244252,5,1.0
CCE[CAR-DEA],5,0.9842175485411326,0.9462559432889645,0.16527390900649955,0.09090909090909091,0.9081632653061225,0.9454888989796673,0.9781223441824676,0.7254253128429907,0.015651378728193586,0.09183673469387756,0.9081632653061225,0.9843486212718064,0.5786536851208116,0.9906110667244252,5,0.9999993765484141
CCE[CAR-DEA],5,0.9842175485411326,0.9462559432889645,0.16527390900649955,0.09090909090909091,0.9081632653061225,0.9454888989796673,0.9781223441824676,0.7254253128429907,0.015651378728193586,0.09183673469387756,0.9081632653061225,0.9843486212718064,0.5786536851208116,0.9906110667244252,5,0.9999999999999999
CCE[CAR-DEA],10,0.9846388820617253,0.9464669731145131,0.16904083570750236,0.09319371727748692,0.9081632653061225,0.9456915761307584,0.9770207182479069,0.7332677355825298,0.01522931907709623,0.09183673469387756,0.9081632653061225,0.9847706809229038,0.5806443115022526,0.9908315048410538,5,1.0
CCE[CAR-DEA],10,0.9846388820617253,0.9464669731145131,0.16904083570750236,0.09319371727748692,0.9081632653061225,0.9456915761307584,0.9770207182479069,0.7332677355825298,0.01522931907709623,0.09183673469387756,0.9081632653061225,0.9847706809229038,0.5806443115022526,0.9908315048410538,5,1.0
CCE[CAR-DEA],10,0.9846388820617253,0.9464669731145131,0.16904083570750236,0.09319371727748692,0.9081632653061225,0.9456915761307584,0.9770207182479069,0.7332677355825298,0.01522931907709623,0.09183673469387756,0.9081632653061225,0.9847706809229038,0.5806443115022526,0.9908315048410538,5,0.9999993765484141
CCE[CAR-DEA],10,0.9846388820617253,0.9464669731145131,0.16904083570750236,0.09319371727748692,0.9081632653061225,0.9456915761307584,0.9770207182479069,0.7332677355825298,0.01522931907709623,0.09183673469387756,0.9081632653061225,0.9847706809229038,0.5806443115022526,0.9908315048410538,5,0.9999999999999999
CCE[CAR-DEA],15,0.9860082160036515,0.9471528200475463,0.18256410256410258,0.10148232611174458,0.9081632653061225,0.9463499770936148,0.9766428025909294,0.7243290628340789,0.013857625211029826,0.09183673469387756,0.9081632653061225,0.9861423747889702,0.5877539102626531,0.9915495042343522,5,1.0
CCE[CAR-DEA],15,0.9860082160036515,0.9471528200475463,0.18256410256410258,0.10148232611174458,0.9081632653061225,0.9463499770936148,0.9766428025909294,0.7243290628340789,0.013857625211029826,0.09183673469387756,0.9081632653061225,0.9861423747889702,0.5877539102626531,0.9915495042343522,5,1.0
CCE[CAR-DEA],15,0.9860082160036515,0.9471528200475463,0.18256410256410258,0.10148232611174458,0.9081632653061225,0.9463499770936148,0.9766428025909294,0.7243290628340789,0.013857625211029826,0.09183673469387756,0.9081632653061225,0.9861423747889702,0.5877539102626531,0.9915495042343522,5,0.9999993765484141
CCE[CAR-DEA],15,0.9860082160036515,0.9471528200475463,0.18256410256410258,0.10148232611174458,0.9081632653061225,0.9463499770936148,0.9766428025909294,0.7243290628340789,0.013857625211029826,0.09183673469387756,0.9081632653061225,0.9861423747889702,0.5877539102626531,0.9915495042343522,5,0.9999999999999999
CCE[CAR-DEA],20,0.9923808855026158,0.9503446461589701,0.2908496732026144,0.17315175097276264,0.9081632653061225,0.9494080669513847,0.976848449002561,0.8558021265964296,0.00747397298818233,0.09183673469387756,0.9081632653061225,0.9925260270118177,0.6435097702358737,0.9949564025203792,5,1.0
CCE[CAR-DEA],20,0.9923808855026158,0.9503446461589701,0.2908496732026144,0.17315175097276264,0.9081632653061225,0.9494080669513847,0.976848449002561,0.8558021265964296,0.00747397298818233,0.09183673469387756,0.9081632653061225,0.9925260270118177,0.6435097702358737,0.9949564025203792,5,1.0
CCE[CAR-DEA],20,0.9923808855026158,0.9503446461589701,0.2908496732026144,0.17315175097276264,0.9081632653061225,0.9494080669513847,0.976848449002561,0.8558021265964296,0.00747397298818233,0.09183673469387756,0.9081632653061225,0.9925260270118177,0.6435097702358737,0.9949564025203792,5,0.9999993765484141
CCE[CAR-DEA],20,0.9923808855026158,0.9503446461589701,0.2908496732026144,0.17315175097276264,0.9081632653061225,0.9494080669513847,0.976848449002561,0.8558021265964296,0.00747397298818233,0.09183673469387756,0.9081632653061225,0.9925260270118177,0.6435097702358737,0.9949564025203792,5,0.9999999999999999
CCE[FDH],5,0.9915557740247884,0.9448381315103419,0.2678843226788432,0.15742397137745975,0.8979591836734694,0.9436744454554558,0.974972867593858,0.8581708861345602,0.008282920652785594,0.10204081632653061,0.8979591836734694,0.9917170793472144,0.6318188597599678,0.9945011379796075,5,0.9001752064799808
CCE[FDH],5,0.9915557740247884,0.9448381315103419,0.2678843226788432,0.15742397137745975,0.8979591836734694,0.9436744454554558,0.974972867593858,0.8581708861345602,0.008282920652785594,0.10204081632653061,0.8979591836734694,0.9917170793472144,0.6318188597599678,0.9945011379796075,5,0.999999795176852
CCE[FDH],5,0.9915557740247884,0.9448381315103419,0.2678843226788432,0.15742397137745975,0.8979591836734694,0.9436744454554558,0.974972867593858,0.8581708861345602,0.008282920652785594,0.10204081632653061,0.8979591836734694,0.9917170793472144,0.6318188597599678,0.9945011379796075,5,1.0
CCE[FDH],5,0.9915557740247884,0.9448381315103419,0.2678843226788432,0.15742397137745975,0.8979591836734694,0.9436744454554558,0.974972867593858,0.8581708861345602,0.008282920652785594,0.10204081632653061,0.8979591836734694,0.9917170793472144,0.6318188597599678,0.9945011379796075,5,1.0
CCE[FDH],10,0.9957164425406412,0.9367355552237777,0.41346153846153844,0.27044025157232704,0.8775510204081632,0.9348639961294147,0.9739878822941669,0.858361338540418,0.004079909960607766,0.12244897959183673,0.8775510204081632,0.9959200900393922,0.7056559551207505,0.9968449628114362,5,0.9001752064799808
CCE[FDH],10,0.9957164425406412,0.9367355552237777,0.41346153846153844,0.27044025157232704,0.8775510204081632,0.9348639961294147,0.9739878822941669,0.858361338540418,0.004079909960607766,0.12244897959183673,0.8775510204081632,0.9959200900393922,0.7056559551207505,0.9968449628114362,5,0.999999795176852
CCE[FDH],10,0.9957164425406412,0.9367355552237777,0.41346153846153844,0.27044025157232704,0.8775510204081632,0.9348639961294147,0.9739878822941669,0.858361338540418,0.004079909960607766,0.12244897959183673,0.8775510204081632,0.9959200900393922,0.7056559551207505,0.9968449628114362,5,1.0
CCE[FDH],10,0.9957164425406412,0.9367355552237777,0.41346153846153844,0.27044025157232704,0.8775510204081632,0.9348639961294147,0.9739878822941669,0.858361338540418,0.004079909960607766,0.12244897959183673,0.8775510204081632,0.9959200900393922,0.7056559551207505,0.9968449628114362,5,1.0
CCE[FDH],15,0.9953126645834065,0.936533318307627,0.3917995444191344,0.25219941348973607,0.8775510204081632,0.9346741383149497,0.9760622911235399,0.8580896865998618,0.004484383792909398,0.12244897959183673,0.8775510204081632,0.9955156162070906,0.6947234052888288,0.9966049383482205,5,0.9001752064799808
CCE[FDH],15,0.9953126645834065,0.936533318307627,0.3917995444191344,0.25219941348973607,0.8775510204081632,0.9346741383149497,0.9760622911235399,0.8580896865998618,0.004484383792909398,0.12244897959183673,0.8775510204081632,0.9955156162070906,0.6947234052888288,0.9966049383482205,5,0.999999795176852
CCE[FDH],15,0.9953126645834065,0.936533318307627,0.3917995444191344,0.25219941348973607,0.8775510204081632,0.9346741383149497,0.9760622911235399,0.8580896865998618,0.004484383792909398,0.12244897959183673,0.8775510204081632,0.9955156162070906,0.6947234052888288,0.9966049383482205,5,1.0
CCE[FDH],15,0.9953126645834065,0.936533318307627,0.3917995444191344,0.25219941348973607,0.8775510204081632,0.9346741383149497,0.9760622911235399,0.8580896865998618,0.004484383792909398,0.12244897959183673,0.8775510204081632,0.9955156162070906,0.6947234052888288,0.9966049383482205,5,1.0
CCE[FDH],20,0.9962079983146659,0.9369817566869179,0.44329896907216493,0.296551724137931,0.8775510204081632,0.9350950753530187,0.9755989586324119,0.8610131140696491,0.0035875070343275185,0.12244897959183673,0.8775510204081632,0.9964124929656725,0.720698244400795,0.9971430192209384,5,0.9001752064799808
CCE[FDH],20,0.9962079983146659,0.9369817566869179,0.44329896907216493,0.296551724137931,0.8775510204081632,0.9350950753530187,0.9755989586324119,0.8610131140696491,0.0035875070343275185,0.12244897959183673,0.8775510204081632,0.9964124929656725,0.720698244400795,0.9971430192209384,5,0.999999795176852
CCE[FDH],20,0.9962079983146659,0.9369817566869179,0.44329896907216493,0.296551724137931,0.8775510204081632,0.9350950753530187,0.9755989586324119,0.8610131140696491,0.0035875070343275185,0.12244897959183673,0.8775510204081632,0.9964124929656725,0.720698244400795,0.9971430192209384,5,1.0
CCE[FDH],20,0.9962079983146659,0.9369817566869179,0.44329896907216493,0.296551724137931,0.8775510204081632,0.9350950753530187,0.9755989586324119,0.8610131140696491,0.0035875070343275185,0.12244897959183673,0.8775510204081632,0.9964124929656725,0.720698244400795,0.9971430192209384,5,1.0
CCE[DEA],5,0.9890102173378744,0.9435631596476519,0.2194513715710723,0.125,0.8979591836734694,0.9424604573241291,0.9751702594374836,0.7400086166653446,0.010832864378165448,0.10204081632653061,0.8979591836734694,0.9891671356218346,0.6069587615798113,0.9931327811232981,5,0.8999995949519682
CCE[DEA],5,0.9890102173378744,0.9435631596476519,0.2194513715710723,0.125,0.8979591836734694,0.9424604573241291,0.9751702594374836,0.7400086166653446,0.010832864378165448,0.10204081632653061,0.8979591836734694,0.9891671356218346,0.6069587615798113,0.9931327811232981,5,1.0
CCE[DEA],5,0.9890102173378744,0.9435631596476519,0.2194513715710723,0.125,0.8979591836734694,0.9424604573241291,0.9751702594374836,0.7400086166653446,0.010832864378165448,0.10204081632653061,0.8979591836734694,0.9891671356218346,0.6069587615798113,0.9931327811232981,5,0.9999999999999999
CCE[DEA],5,0.9890102173378744,0.9435631596476519,0.2194513715710723,0.125,0.8979591836734694,0.9424604573241291,0.9751702594374836,0.7400086166653446,0.010832864378165448,0.10204081632653061,0.8979591836734694,0.9891671356218346,0.6069587615798113,0.9931327811232981,5,0.9999995200801157
CCE[DEA],10,0.9925915522629121,0.9453569131648157,0.29431438127090304,0.176,0.8979591836734694,0.9441679662578973,0.9752657253109459,0.8527325496176478,0.0072453573438379295,0.10204081632653061,0.8979591836734694,0.9927546426561621,0.6452953054546458,0.9950685427394028,5,0.8999995949519682
CCE[DEA],10,0.9925915522629121,0.9453569131648157,0.29431438127090304,0.176,0.8979591836734694,0.9441679662578973,0.9752657253109459,0.8527325496176478,0.0072453573438379295,0.10204081632653061,0.8979591836734694,0.9927546426561621,0.6452953054546458,0.9950685427394028,5,1.0
CCE[DEA],10,0.9925915522629121,0.9453569131648157,0.29431438127090304,0.176,0.8979591836734694,0.9441679662578973,0.9752657253109459,0.8527325496176478,0.0072453573438379295,0.10204081632653061,0.8979591836734694,0.9927546426561621,0.6452953054546458,0.9950685427394028,5,0.9999999999999999
CCE[DEA],10,0.9925915522629121,0.9453569131648157,0.29431438127090304,0.176,0.8979591836734694,0.9441679662578973,0.9752657253109459,0.8527325496176478,0.0072453573438379295,0.10204081632653061,0.8979591836734694,0.9927546426561621,0.6452953054546458,0.9950685427394028,5,0.9999995200801157
CCE[DEA],15,0.9963484428215301,0.9370520999621008,0.45263157894736844,0.3049645390070922,0.8775510204081632,0.9351610875005968,0.9740932177598107,0.8620206524138291,0.0034468204839617333,0.12244897959183673,0.8775510204081632,0.9965531795160383,0.7253998449940111,0.9972295453276322,5,0.8999995949519682
CCE[DEA],15,0.9963484428215301,0.9370520999621008,0.45263157894736844,0.3049645390070922,0.8775510204081632,0.9351610875005968,0.9740932177598107,0.8620206524138291,0.0034468204839617333,0.12244897959183673,0.8775510204081632,0.9965531795160383,0.7253998449940111,0.9972295453276322,5,1.0
CCE[DEA],15,0.9963484428215301,0.9370520999621008,0.45263157894736844,0.3049645390070922,0.8775510204081632,0.9351610875005968,0.9740932177598107,0.8620206524138291,0.0034468204839617333,0.12244897959183673,0.8775510204081632,0.9965531795160383,0.7253998449940111,0.9972295453276322,5,0.9999999999999999
CCE[DEA],15,0.9963484428215301,0.9370520999621008,0.45263157894736844,0.3049645390070922,0.8775510204081632,0.9351610875005968,0.9740932177598107,0.8620206524138291,0.0034468204839617333,0.12244897959183673,0.8775510204081632,0.9965531795160383,0.7253998449940111,0.9972295453276322,5,0.9999995200801157
CCE[DEA],20,0.9944524419788631,0.9361024657471317,0.3524590163934426,0.2205128205128205,0.8775510204081632,0.9342695299679732,0.9752271441778737,0.8583670896532081,0.005346088913899831,0.12244897959183673,0.8775510204081632,0.9946539110861001,0.6748366523132275,0.9961050221145428,5,0.8999995949519682
CCE[DEA],20,0.9944524419788631,0.9361024657471317,0.3524590163934426,0.2205128205128205,0.8775510204081632,0.9342695299679732,0.9752271441778737,0.8583670896532081,0.005346088913899831,0.12244897959183673,0.8775510204081632,0.9946539110861001,0.6748366523132275,0.9961050221145428,5,1.0
CCE[DEA],20,0.9944524419788631,0.9361024657471317,0.3524590163934426,0.2205128205128205,0.8775510204081632,0.9342695299679732,0.9752271441778737,0.8583670896532081,0.005346088913899831,0.12244897959183673,0.8775510204081632,0.9946539110861001,0.6748366523132275,0.9961050221145428,5,0.9999999999999999
CCE[DEA],20,0.9944524419788631,0.9361024657471317,0.3524590163934426,0.2205128205128205,0.8775510204081632,0.9342695299679732,0.9752271441778737,0.8583670896532081,0.005346088913899831,0.12244897959183673,0.8775510204081632,0.9946539110861001,0.6748366523132275,0.9961050221145428,5,0.9999995200801157
CCE[CAR-FDH],5,0.9990871107053826,0.9180508022004525,0.7592592592592593,0.6949152542372882,0.8367346938775511,0.9144424344638171,0.969090231759558,0.7927239617342514,0.0006330894766460326,0.16326530612244897,0.8367346938775511,0.9993669105233539,0.8794009737742808,0.9991292938150047,6,1.0
CCE[CAR-FDH],5,0.9990871107053826,0.9180508022004525,0.7592592592592593,0.6949152542372882,0.8367346938775511,0.9144424344638171,0.969090231759558,0.7927239617342514,0.0006330894766460326,0.16326530612244897,0.8367346938775511,0.9993669105233539,0.8794009737742808,0.9991292938150047,6,1.0
CCE[CAR-FDH],5,0.9990871107053826,0.9180508022004525,0.7592592592592593,0.6949152542372882,0.8367346938775511,0.9144424344638171,0.969090231759558,0.7927239617342514,0.0006330894766460326,0.16326530612244897,0.8367346938775511,0.9993669105233539,0.8794009737742808,0.9991292938150047,6,1.0
CCE[CAR-FDH],5,0.9990871107053826,0.9180508022004525,0.7592592592592593,0.6949152542372882,0.8367346938775511,0.9144424344638171,0.969090231759558,0.7927239617342514,0.0006330894766460326,0.16326530612244897,0.8367346938775511,0.9993669105233539,0.8794009737742808,0.9991292938150047,6,0.9999997246991621
CCE[CAR-FDH],10,0.9945928864857273,0.9259863132084573,0.35294117647058826,0.2222222222222222,0.8571428571428571,0.9234236464409685,0.9800562459086054,0.7974612133824557,0.0051702307259426,0.14285714285714285,0.8571428571428571,0.9948297692740574,0.6751131381259929,0.9961765413655335,6,1.0
CCE[CAR-FDH],10,0.9945928864857273,0.9259863132084573,0.35294117647058826,0.2222222222222222,0.8571428571428571,0.9234236464409685,0.9800562459086054,0.7974612133824557,0.0051702307259426,0.14285714285714285,0.8571428571428571,0.9948297692740574,0.6751131381259929,0.9961765413655335,6,1.0
CCE[CAR-FDH],10,0.9945928864857273,0.9259863132084573,0.35294117647058826,0.2222222222222222,0.8571428571428571,0.9234236464409685,0.9800562459086054,0.7974612133824557,0.0051702307259426,0.14285714285714285,0.8571428571428571,0.9948297692740574,0.6751131381259929,0.9961765413655335,6,1.0
CCE[CAR-FDH],10,0.9945928864857273,0.9259863132084573,0.35294117647058826,0.2222222222222222,0.8571428571428571,0.9234236464409685,0.9800562459086054,0.7974612133824557,0.0051702307259426,0.14285714285714285,0.8571428571428571,0.9948297692740574,0.6751131381259929,0.9961765413655335,6,0.9999997246991621
CCE[CAR-FDH],15,0.99626066500474,0.9268216396012541,0.4409448818897638,0.2968197879858657,0.8571428571428571,0.9241986901680137,0.9778775782963721,0.8025424398175734,0.0034995779403489027,0.14285714285714285,0.8571428571428571,0.9965004220596511,0.7195344703082067,0.9971654624812579,6,1.0
CCE[CAR-FDH],15,0.99626066500474,0.9268216396012541,0.4409448818897638,0.2968197879858657,0.8571428571428571,0.9241986901680137,0.9778775782963721,0.8025424398175734,0.0034995779403489027,0.14285714285714285,0.8571428571428571,0.9965004220596511,0.7195344703082067,0.9971654624812579,6,1.0
CCE[CAR-FDH],15,0.99626066500474,0.9268216396012541,0.4409448818897638,0.2968197879858657,0.8571428571428571,0.9241986901680137,0.9778775782963721,0.8025424398175734,0.0034995779403489027,0.14285714285714285,0.8571428571428571,0.9965004220596511,0.7195344703082067,0.9971654624812579,6,1.0
CCE[CAR-FDH],15,0.99626066500474,0.9268216396012541,0.4409448818897638,0.2968197879858657,0.8571428571428571,0.9241986901680137,0.9778775782963721,0.8025424398175734,0.0034995779403489027,0.14285714285714285,0.8571428571428571,0.9965004220596511,0.7195344703082067,0.9971654624812579,6,0.9999997246991621
CCE[CAR-FDH],20,0.9965239984551104,0.9218602853352934,0.45604395604395603,0.31203007518796994,0.8469387755102041,0.9188107275407692,0.9786395108127663,0.800384075757537,0.0032182048396173324,0.15306122448979592,0.8469387755102041,0.9967817951603827,0.7271501921818935,0.9973235814695968,6,1.0
CCE[CAR-FDH],20,0.9965239984551104,0.9218602853352934,0.45604395604395603,0.31203007518796994,0.8469387755102041,0.9188107275407692,0.9786395108127663,0.800384075757537,0.0032182048396173324,0.15306122448979592,0.8469387755102041,0.9967817951603827,0.7271501921818935,0.9973235814695968,6,1.0
CCE[CAR-FDH],20,0.9965239984551104,0.9218602853352934,0.45604395604395603,0.31203007518796994,0.8469387755102041,0.9188107275407692,0.9786395108127663,0.800384075757537,0.0032182048396173324,0.15306122448979592,0.8469387755102041,0.9967817951603827,0.7271501921818935,0.9973235814695968,6,1.0
CCE[CAR-FDH],20,0.9965239984551104,0.9218602853352934,0.45604395604395603,0.31203007518796994,0.8469387755102041,0.9188107275407692,0.9786395108127663,0.800384075757537,0.0032182048396173324,0.15306122448979592,0.8469387755102041,0.9967817951603827,0.7271501921818935,0.9973235814695968,6,0.9999997246991621
CCE[CAR-DEA],5,0.9870966609318493,0.9375114846163564,0.19141914191419143,0.10727496917385944,0.8877551020408163,0.9361901976524648,0.9716582099215602,0.781271681092131,0.012732132808103546,0.11224489795918367,0.8877551020408163,0.9872678671918964,0.5924577902200254,0.9921165084835867,6,1.0
CCE[CAR-DEA],5,0.9870966609318493,0.9375114846163564,0.19141914191419143,0.10727496917385944,0.8877551020408163,0.9361901976524648,0.9716582099215602,0.781271681092131,0.012732132808103546,0.11224489795918367,0.8877551020408163,0.9872678671918964,0.5924577902200254,0.9921165084835867,6,1.0
CCE[CAR-DEA],5,0.9870966609318493,0.9375114846163564,0.19141914191419143,0.10727496917385944,0.8877551020408163,0.9361901976524648,0.9716582099215602,0.781271681092131,0.012732132808103546,0.11224489795918367,0.8877551020408163,0.9872678671918964,0.5924577902200254,0.9921165084835867,6,1.0
CCE[CAR-DEA],5,0.9870966609318493,0.9375114846163564,0.19141914191419143,0.10727496917385944,0.8877551020408163,0.9361901976524648,0.9716582099215602,0.781271681092131,0.012732132808103546,0.11224489795918367,0.8877551020408163,0.9872678671918964,0.5924577902200254,0.9921165084835867,6,1.0
CCE[CAR-DEA],10,0.9888697728310102,0.9383995684655404,0.21534653465346534,0.12253521126760564,0.8877551020408163,0.9370319568279768,0.9713647241395151,0.7774817508909556,0.010955965109735509,0.11224489795918367,0.8877551020408163,0.9890440348902645,0.6048708344259937,0.9930548237677889,6,1.0
CCE[CAR-DEA],10,0.9888697728310102,0.9383995684655404,0.21534653465346534,0.12253521126760564,0.8877551020408163,0.9370319568279768,0.9713647241395151,0.7774817508909556,0.010955965109735509,0.11224489795918367,0.8877551020408163,0.9890440348902645,0.6048708344259937,0.9930548237677889,6,1.0
CCE[CAR-DEA],10,0.9888697728310102,0.9383995684655404,0.21534653465346534,0.12253521126760564,0.8877551020408163,0.9370319568279768,0.9713647241395151,0.7774817508909556,0.010955965109735509,0.11224489795918367,0.8877551020408163,0.9890440348902645,0.6048708344259937,0.9930548237677889,6,1.0
CCE[CAR-DEA],10,0.9888697728310102,0.9383995684655404,0.21534653465346534,0.12253521126760564,0.8877551020408163,0.9370319568279768,0.9713647241395151,0.7774817508909556,0.010955965109735509,0.11224489795918367,0.8877551020408163,0.9890440348902645,0.6048708344259937,0.9930548237677889,6,1.0
CCE[CAR-DEA],15,0.9873424388188617,0.9427278332548551,0.19620958751393533,0.11013767209011265,0.8979591836734694,0.9416642371928823,0.9705096585623557,0.7767021036639642,0.012503517163759144,0.10204081632653061,0.8979591836734694,0.9874964828362408,0.5949152903639731,0.992249090581403,6,1.0
CCE[CAR-DEA],15,0.9873424388188617,0.9427278332548551,0.19620958751393533,0.11013767209011265,0.8979591836734694,0.9416642371928823,0.9705096585623557,0.7767021036639642,0.012503517163759144,0.10204081632653061,0.8979591836734694,0.9874964828362408,0.5949152903639731,0.992249090581403,6,1.0
CCE[CAR-DEA],15,0.9873424388188617,0.9427278332548551,0.19620958751393533,0.11013767209011265,0.8979591836734694,0.9416642371928823,0.9705096585623557,0.7767021036639642,0.012503517163759144,0.10204081632653061,0.8979591836734694,0.9874964828362408,0.5949152903639731,0.992249090581403,6,1.0
CCE[CAR-DEA],15,0.9873424388188617,0.9427278332548551,0.19620958751393533,0.11013767209011265,0.8979591836734694,0.9416642371928823,0.9705096585623557,0.7767021036639642,0.012503517163759144,0.10204081632653061,0.8979591836734694,0.9874964828362408,0.5949152903639731,0.992249090581403,6,1.0
CCE[CAR-DEA],20,0.9871493276219234,0.9426311112514787,0.19383259911894274,0.10864197530864197,0.8979591836734694,0.9415719997884722,0.9715357372549469,0.7815826598099924,0.012696961170512099,0.10204081632653061,0.8979591836734694,0.9873030388294879,0.593677820052145,0.9921472173958855,6,1.0
CCE[CAR-DEA],20,0.9871493276219234,0.9426311112514787,0.19383259911894274,0.10864197530864197,0.8979591836734694,0.9415719997884722,0.9715357372549469,0.7815826598099924,0.012696961170512099,0.10204081632653061,0.8979591836734694,0.9873030388294879,0.593677820052145,0.9921472173958855,6,1.0
CCE[CAR-DEA],20,0.9871493276219234,0.9426311112514787,0.19383259911894274,0.10864197530864197,0.8979591836734694,0.9415719997884722,0.9715357372549469,0.7815826598099924,0.012696961170512099,0.10204081632653061,0.8979591836734694,0.9873030388294879,0.593677820052145,0.9921472173958855,6,1.0
CCE[CAR-DEA],20,0.9871493276219234,0.9426311112514787,0.19383259911894274,0.10864197530864197,0.8979591836734694,0.9415719997884722,0.9715357372549469,0.7815826598099924,0.012696961170512099,0.10204081632653061,0.8979591836734694,0.9873030388294879,0.593677820052145,0.9921472173958855,6,1.0
CCE[FDH],5,0.9967697763421228,0.9219833860668635,0.4742857142857143,0.32936507936507936,0.8469387755102041,0.9189241919819711,0.9692224842947871,0.7915513623567225,0.0029720033764772088,0.15306122448979592,0.8469387755102041,0.9970279966235228,0.7363328125904067,0.9974782355454326,6,0.9999997248171156
CCE[FDH],5,0.9967697763421228,0.9219833860668635,0.4742857142857143,0.32936507936507936,0.8469387755102041,0.9189241919819711,0.9692224842947871,0.7915513623567225,0.0029720033764772088,0.15306122448979592,0.8469387755102041,0.9970279966235228,0.7363328125904067,0.9974782355454326,6,1.0
CCE[FDH],5,0.9967697763421228,0.9219833860668635,0.4742857142857143,0.32936507936507936,0.8469387755102041,0.9189241919819711,0.9692224842947871,0.7915513623567225,0.0029720033764772088,0.15306122448979592,0.8469387755102041,0.9970279966235228,0.7363328125904067,0.9974782355454326,6,1.0
CCE[FDH],5,0.9967697763421228,0.9219833860668635,0.4742857142857143,0.32936507936507936,0.8469387755102041,0.9189241919819711,0.9692224842947871,0.7915513623567225,0.0029720033764772088,0.15306122448979592,0.8469387755102041,0.9970279966235228,0.7363328125904067,0.9974782355454326,6,0.9999999999999999
CCE[FDH],10,0.9988062216916541,0.9179101156500867,0.7068965517241379,0.6119402985074627,0.8367346938775511,0.9143136941514146,0.9806028418683175,0.7994035975814375,0.0009144625773776027,0.16326530612244897,0.8367346938775511,0.9990855374226224,0.8531492222787034,0.9988986534205253,6,0.9999997248171156
CCE[FDH],10,0.9988062216916541,0.9179101156500867,0.7068965517241379,0.6119402985074627,0.8367346938775511,0.9143136941514146,0.9806028418683175,0.7994035975814375,0.0009144625773776027,0.16326530612244897,0.8367346938775511,0.9990855374226224,0.8531492222787034,0.9988986534205253,6,1.0
CCE[FDH],10,0.9988062216916541,0.9179101156500867,0.7068965517241379,0.6119402985074627,0.8367346938775511,0.9143136941514146,0.9806028418683175,0.7994035975814375,0.0009144625773776027,0.16326530612244897,0.8367346938775511,0.9990855374226224,0.8531492222787034,0.9988986534205253,6,1.0
CCE[FDH],10,0.9988062216916541,0.9179101156500867,0.7068965517241379,0.6119402985074627,0.8367346938775511,0.9143136941514146,0.9806028418683175,0.7994035975814375,0.0009144625773776027,0.16326530612244897,0.8367346938775511,0.9990855374226224,0.8531492222787034,0.9988986534205253,6,0.9999999999999999
CCE[FDH],15,0.9956637758505671,0.9265226806817268,0.40481927710843374,0.26498422712933756,0.8571428571428571,0.9239213808021591,0.9780787385297394,0.7991957539445812,0.004097495779403489,0.14285714285714285,0.8571428571428571,0.9959025042205966,0.7013216191020148,0.9968037290280641,6,0.9999997248171156
CCE[FDH],15,0.9956637758505671,0.9265226806817268,0.40481927710843374,0.26498422712933756,0.8571428571428571,0.9239213808021591,0.9780787385297394,0.7991957539445812,0.004097495779403489,0.14285714285714285,0.8571428571428571,0.9959025042205966,0.7013216191020148,0.9968037290280641,6,1.0
CCE[FDH],15,0.9956637758505671,0.9265226806817268,0.40481927710843374,0.26498422712933756,0.8571428571428571,0.9239213808021591,0.9780787385297394,0.7991957539445812,0.004097495779403489,0.14285714285714285,0.8571428571428571,0.9959025042205966,0.7013216191020148,0.9968037290280641,6,1.0
CCE[FDH],15,0.9956637758505671,0.9265226806817268,0.40481927710843374,0.26498422712933756,0.8571428571428571,0.9239213808021591,0.9780787385297394,0.7991957539445812,0.004097495779403489,0.14285714285714285,0.8571428571428571,0.9959025042205966,0.7013216191020148,0.9968037290280641,6,0.9999999999999999
CCE[FDH],20,0.9971911098627155,0.9221944158924121,0.50920245398773,0.36403508771929827,0.8469387755102041,0.9191186698646758,0.9787545364234608,0.8019861912369471,0.0025499437253798537,0.15306122448979592,0.8469387755102041,0.9974500562746201,0.7538969892432004,0.9977495574169308,6,0.9999997248171156
CCE[FDH],20,0.9971911098627155,0.9221944158924121,0.50920245398773,0.36403508771929827,0.8469387755102041,0.9191186698646758,0.9787545364234608,0.8019861912369471,0.0025499437253798537,0.15306122448979592,0.8469387755102041,0.9974500562746201,0.7538969892432004,0.9977495574169308,6,1.0
CCE[FDH],20,0.9971911098627155,0.9221944158924121,0.50920245398773,0.36403508771929827,0.8469387755102041,0.9191186698646758,0.9787545364234608,0.8019861912369471,0.0025499437253798537,0.15306122448979592,0.8469387755102041,0.9974500562746201,0.7538969892432004,0.9977495574169308,6,1.0
CCE[FDH],20,0.9971911098627155,0.9221944158924121,0.50920245398773,0.36403508771929827,0.8469387755102041,0.9191186698646758,0.9787545364234608,0.8019861912369471,0.0025499437253798537,0.15306122448979592,0.8469387755102041,0.9974500562746201,0.7538969892432004,0.9977495574169308,6,0.9999999999999999
CCE[DEA],5,0.9971033320459254,0.9221504513454228,0.5015105740181269,0.3562231759656652,0.8469387755102041,0.9190781570327003,0.9796338273632469,0.8057244719479386,0.0026378728193584694,0.15306122448979592,0.8469387755102041,0.9973621271806415,0.750029009861704,0.9976923210006474,6,1.0
CCE[DEA],5,0.9971033320459254,0.9221504513454228,0.5015105740181269,0.3562231759656652,0.8469387755102041,0.9190781570327003,0.9796338273632469,0.8057244719479386,0.0026378728193584694,0.15306122448979592,0.8469387755102041,0.9973621271806415,0.750029009861704,0.9976923210006474,6,0.9999999704720433
CCE[DEA],5,0.9971033320459254,0.9221504513454228,0.5015105740181269,0.3562231759656652,0.8469387755102041,0.9190781570327003,0.9796338273632469,0.8057244719479386,0.0026378728193584694,0.15306122448979592,0.8469387755102041,0.9973621271806415,0.750029009861704,0.9976923210006474,6,0.9999999999999999
CCE[DEA],5,0.9971033320459254,0.9221504513454228,0.5015105740181269,0.3562231759656652,0.8469387755102041,0.9190781570327003,0.9796338273632469,0.8057244719479386,0.0026378728193584694,0.15306122448979592,0.8469387755102041,0.9973621271806415,0.750029009861704,0.9976923210006474,6,0.9999990053673274
CCE[DEA],10,0.9987886661282961,0.9179013227406889,0.703862660944206,0.6074074074074074,0.8367346938775511,0.9143056472800001,0.9791889779265674,0.8018700631433787,0.0009320483961733258,0.16326530612244897,0.8367346938775511,0.9990679516038267,0.851627876372834,0.9988846478875542,6,1.0
CCE[DEA],10,0.9987886661282961,0.9179013227406889,0.703862660944206,0.6074074074074074,0.8367346938775511,0.9143056472800001,0.9791889779265674,0.8018700631433787,0.0009320483961733258,0.16326530612244897,0.8367346938775511,0.9990679516038267,0.851627876372834,0.9988846478875542,6,0.9999999704720433
CCE[DEA],10,0.9987886661282961,0.9179013227406889,0.703862660944206,0.6074074074074074,0.8367346938775511,0.9143056472800001,0.9791889779265674,0.8018700631433787,0.0009320483961733258,0.16326530612244897,0.8367346938775511,0.9990679516038267,0.851627876372834,0.9988846478875542,6,0.9999999999999999
CCE[DEA],10,0.9987886661282961,0.9179013227406889,0.703862660944206,0.6074074074074074,0.8367346938775511,0.9143056472800001,0.9791889779265674,0.8018700631433787,0.0009320483961733258,0.16326530612244897,0.8367346938775511,0.9990679516038267,0.851627876372834,0.9988846478875542,6,0.9999990053673274
CCE[DEA],15,0.9989642217618764,0.9179892518346675,0.7354260089686099,0.656,0.8367346938775511,0.914386112807476,0.9784534241383667,0.8034807045710285,0.0007561902082160945,0.16326530612244897,0.8367346938775511,0.999243809791784,0.8674535520608434,0.9990268028451159,6,1.0
CCE[DEA],15,0.9989642217618764,0.9179892518346675,0.7354260089686099,0.656,0.8367346938775511,0.914386112807476,0.9784534241383667,0.8034807045710285,0.0007561902082160945,0.16326530612244897,0.8367346938775511,0.999243809791784,0.8674535520608434,0.9990268028451159,6,0.9999999704720433
CCE[DEA],15,0.9989642217618764,0.9179892518346675,0.7354260089686099,0.656,0.8367346938775511,0.914386112807476,0.9784534241383667,0.8034807045710285,0.0007561902082160945,0.16326530612244897,0.8367346938775511,0.999243809791784,0.8674535520608434,0.9990268028451159,6,0.9999999999999999
CCE[DEA],15,0.9989642217618764,0.9179892518346675,0.7354260089686099,0.656,0.8367346938775511,0.914386112807476,0.9784534241383667,0.8034807045710285,0.0007561902082160945,0.16326530612244897,0.8367346938775511,0.999243809791784,0.8674535520608434,0.9990268028451159,6,0.9999990053673274
CCE[DEA],20,0.9975948878199501,0.9173034049016342,0.5448504983388704,0.4039408866995074,0.8367346938775511,0.9137582937779822,0.9759930245311406,0.8037976112190186,0.0021278840742824986,0.16326530612244897,0.8367346938775511,0.9978721159257175,0.7718223782718177,0.9980132728379087,6,1.0
CCE[DEA],20,0.9975948878199501,0.9173034049016342,0.5448504983388704,0.4039408866995074,0.8367346938775511,0.9137582937779822,0.9759930245311406,0.8037976112190186,0.0021278840742824986,0.16326530612244897,0.8367346938775511,0.9978721159257175,0.7718223782718177,0.9980132728379087,6,0.9999999704720433
CCE[DEA],20,0.9975948878199501,0.9173034049016342,0.5448504983388704,0.4039408866995074,0.8367346938775511,0.9137582937779822,0.9759930245311406,0.8037976112190186,0.0021278840742824986,0.16326530612244897,0.8367346938775511,0.9978721159257175,0.7718223782718177,0.9980132728379087,6,0.9999999999999999
CCE[DEA],20,0.9975948878199501,0.9173034049016342,0.5448504983388704,0.4039408866995074,0.8367346938775511,0.9137582937779822,0.9759930245311406,0.8037976112190186,0.0021278840742824986,0.16326530612244897,0.8367346938775511,0.9978721159257175,0.7718223782718177,0.9980132728379087,6,0.9999990053673274
CCE[CAR-FDH],5,0.9976475545100242,0.9326095273506139,0.5592105263157895,0.41262135922330095,0.8673469387755102,0.9303232368578203,0.986453177219115,0.8632343724339123,0.0021278840742824986,0.1326530612244898,0.8673469387755102,0.9978721159257175,0.7790155782432671,0.9980643050737011,7,0.9999986059931257
CCE[CAR-FDH],5,0.9976475545100242,0.9326095273506139,0.5592105263157895,0.41262135922330095,0.8673469387755102,0.9303232368578203,0.986453177219115,0.8632343724339123,0.0021278840742824986,0.1326530612244898,0.8673469387755102,0.9978721159257175,0.7790155782432671,0.9980643050737011,7,0.9999988083751736
CCE[CAR-FDH],5,0.9976475545100242,0.9326095273506139,0.5592105263157895,0.41262135922330095,0.8673469387755102,0.9303232368578203,0.986453177219115,0.8632343724339123,0.0021278840742824986,0.1326530612244898,0.8673469387755102,0.9978721159257175,0.7790155782432671,0.9980643050737011,7,0.9999993370507886
CCE[CAR-FDH],5,0.9976475545100242,0.9326095273506139,0.5592105263157895,0.41262135922330095,0.8673469387755102,0.9303232368578203,0.986453177219115,0.8632343724339123,0.0021278840742824986,0.1326530612244898,0.8673469387755102,0.9978721159257175,0.7790155782432671,0.9980643050737011,7,1.0
CCE[CAR-FDH],10,0.9981039991573329,0.9328381429949582,0.6115107913669064,0.4722222222222222,0.8673469387755102,0.9305363524313108,0.9858509526489267,0.8638008247735565,0.0016706527855936972,0.1326530612244898,0.8673469387755102,0.9983293472144062,0.8052802359769964,0.9983829411617926,7,0.9999986059931257
CCE[CAR-FDH],10,0.9981039991573329,0.9328381429949582,0.6115107913669064,0.4722222222222222,0.8673469387755102,0.9305363524313108,0.9858509526489267,0.8638008247735565,0.0016706527855936972,0.1326530612244898,0.8673469387755102,0.9983293472144062,0.8052802359769964,0.9983829411617926,7,0.9999988083751736
CCE[CAR-FDH],10,0.9981039991573329,0.9328381429949582,0.6115107913669064,0.4722222222222222,0.8673469387755102,0.9305363524313108,0.9858509526489267,0.8638008247735565,0.0016706527855936972,0.1326530612244898,0.8673469387755102,0.9983293472144062,0.8052802359769964,0.9983829411617926,7,0.9999993370507886
CCE[CAR-FDH],10,0.9981039991573329,0.9328381429949582,0.6115107913669064,0.4722222222222222,0.8673469387755102,0.9305363524313108,0.9858509526489267,0.8638008247735565,0.0016706527855936972,0.1326530612244898,0.8673469387755102,0.9983293472144062,0.8052802359769964,0.9983829411617926,7,1.0
CCE[CAR-FDH],15,0.998735999438222,0.9331546877332813,0.7024793388429752,0.5902777777777778,0.8673469387755102,0.93083135498097,0.9865612043917172,0.8666356711135195,0.0010375633089476646,0.1326530612244898,0.8673469387755102,0.9989624366910523,0.8509229965972938,0.998855875992007,7,0.9999986059931257
CCE[CAR-FDH],15,0.998735999438222,0.9331546877332813,0.7024793388429752,0.5902777777777778,0.8673469387755102,0.93083135498097,0.9865612043917172,0.8666356711135195,0.0010375633089476646,0.1326530612244898,0.8673469387755102,0.9989624366910523,0.8509229965972938,0.998855875992007,7,0.9999988083751736
CCE[CAR-FDH],15,0.998735999438222,0.9331546877332813,0.7024793388429752,0.5902777777777778,0.8673469387755102,0.93083135498097,0.9865612043917172,0.8666356711135195,0.0010375633089476646,0.1326530612244898,0.8673469387755102,0.9989624366910523,0.8509229965972938,0.998855875992007,7,0.9999993370507886
CCE[CAR-FDH],15,0.998735999438222,0.9331546877332813,0.7024793388429752,0.5902777777777778,0.8673469387755102,0.93083135498097,0.9865612043917172,0.8666356711135195,0.0010375633089476646,0.1326530612244898,0.8673469387755102,0.9989624366910523,0.8509229965972938,0.998855875992007,7,1.0
CCE[CAR-FDH],20,0.9990344440153085,0.9333041671930449,0.7555555555555555,0.6692913385826772,0.8673469387755102,0.930970629246369,0.9866511074041322,0.8670048110140425,0.0007386043894203714,0.1326530612244898,0.8673469387755102,0.9992613956105796,0.8775359110946934,0.9990965455972515,7,0.9999986059931257
CCE[CAR-FDH],20,0.9990344440153085,0.9333041671930449,0.7555555555555555,0.6692913385826772,0.8673469387755102,0.930970629246369,0.9866511074041322,0.8670048110140425,0.0007386043894203714,0.1326530612244898,0.8673469387755102,0.9992613956105796,0.8775359110946934,0.9990965455972515,7,0.9999988083751736
CCE[CAR-FDH],20,0.9990344440153085,0.9333041671930449,0.7555555555555555,0.6692913385826772,0.8673469387755102,0.930970629246369,0.9866511074041322,0.8670048110140425,0.0007386043894203714,0.1326530612244898,0.8673469387755102,0.9992613956105796,0.8775359110946934,0.9990965455972515,7,0.9999993370507886
CCE[CAR-FDH],20,0.9990344440153085,0.9333041671930449,0.7555555555555555,0.6692913385826772,0.8673469387755102,0.930970629246369,0.9866511074041322,0.8670048110140425,0.0007386043894203714,0.1326530612244898,0.8673469387755102,0.9992613956105796,0.8775359110946934,0.9990965455972515,7,1.0
CCE[CAR-DEA],5,0.983778659457182,0.946036120554018,0.16152450090744103,0.08864541832669323,0.9081632653061225,0.9452777307375162,0.9877997484869019,0.7920450741513938,0.016091024198086664,0.09183673469387756,0.9081632653061225,0.9839089758019134,0.5766673044325544,0.9903816470628446,7,0.9999998885040852
CCE[CAR-DEA],5,0.983778659457182,0.946036120554018,0.16152450090744103,0.08864541832669323,0.9081632653061225,0.9452777307375162,0.9877997484869019,0.7920450741513938,0.016091024198086664,0.09183673469387756,0.9081632653061225,0.9839089758019134,0.5766673044325544,0.9903816470628446,7,1.0
CCE[CAR-DEA],5,0.983778659457182,0.946036120554018,0.16152450090744103,0.08864541832669323,0.9081632653061225,0.9452777307375162,0.9877997484869019,0.7920450741513938,0.016091024198086664,0.09183673469387756,0.9081632653061225,0.9839089758019134,0.5766673044325544,0.9903816470628446,7,1.0
CCE[CAR-DEA],5,0.983778659457182,0.946036120554018,0.16152450090744103,0.08864541832669323,0.9081632653061225,0.9452777307375162,0.9877997484869019,0.7920450741513938,0.016091024198086664,0.09183673469387756,0.9081632653061225,0.9839089758019134,0.5766673044325544,0.9903816470628446,7,1.0
CCE[CAR-DEA],10,0.9849022155120958,0.946598866755481,0.17148362235067438,0.09468085106382979,0.9081632653061225,0.9458182272952805,0.9891642644677454,0.7972442414554263,0.014965531795160383,0.09183673469387756,0.9081632653061225,0.9850344682048396,0.5819326585789124,0.9909693846512443,7,0.9999998885040852
CCE[CAR-DEA],10,0.9849022155120958,0.946598866755481,0.17148362235067438,0.09468085106382979,0.9081632653061225,0.9458182272952805,0.9891642644677454,0.7972442414554263,0.014965531795160383,0.09183673469387756,0.9081632653061225,0.9850344682048396,0.5819326585789124,0.9909693846512443,7,1.0
CCE[CAR-DEA],10,0.9849022155120958,0.946598866755481,0.17148362235067438,0.09468085106382979,0.9081632653061225,0.9458182272952805,0.9891642644677454,0.7972442414554263,0.014965531795160383,0.09183673469387756,0.9081632653061225,0.9850344682048396,0.5819326585789124,0.9909693846512443,7,1.0
CCE[CAR-DEA],10,0.9849022155120958,0.946598866755481,0.17148362235067438,0.09468085106382979,0.9081632653061225,0.9458182272952805,0.9891642644677454,0.7972442414554263,0.014965531795160383,0.09183673469387756,0.9081632653061225,0.9850344682048396,0.5819326585789124,0.9909693846512443,7,1.0
CCE[CAR-DEA],15,0.9855342157929848,0.9469154114938041,0.17764471057884232,0.09845132743362832,0.9081632653061225,0.9461221209179758,0.9886842433934745,0.7943786784760662,0.01433244231851435,0.09183673469387756,0.9081632653061225,0.9856675576814856,0.5851738191317194,0.9913006646798501,7,0.9999998885040852
CCE[CAR-DEA],15,0.9855342157929848,0.9469154114938041,0.17764471057884232,0.09845132743362832,0.9081632653061225,0.9461221209179758,0.9886842433934745,0.7943786784760662,0.01433244231851435,0.09183673469387756,0.9081632653061225,0.9856675576814856,0.5851738191317194,0.9913006646798501,7,1.0
CCE[CAR-DEA],15,0.9855342157929848,0.9469154114938041,0.17764471057884232,0.09845132743362832,0.9081632653061225,0.9461221209179758,0.9886842433934745,0.7943786784760662,0.01433244231851435,0.09183673469387756,0.9081632653061225,0.9856675576814856,0.5851738191317194,0.9913006646798501,7,1.0
CCE[CAR-DEA],15,0.9855342157929848,0.9469154114938041,0.17764471057884232,0.09845132743362832,0.9081632653061225,0.9461221209179758,0.9886842433934745,0.7943786784760662,0.01433244231851435,0.09183673469387756,0.9081632653061225,0.9856675576814856,0.5851738191317194,0.9913006646798501,7,1.0
CCE[CAR-DEA],20,0.9923633299392578,0.9401493574357149,0.2857142857142857,0.17025440313111545,0.8877551020408163,0.9386882636362307,0.9887895788591182,0.8550298332772824,0.007456387169386606,0.11224489795918367,0.8877551020408163,0.9925436128306134,0.6409377147143551,0.9949388588212674,7,0.9999998885040852
CCE[CAR-DEA],20,0.9923633299392578,0.9401493574357149,0.2857142857142857,0.17025440313111545,0.8877551020408163,0.9386882636362307,0.9887895788591182,0.8550298332772824,0.007456387169386606,0.11224489795918367,0.8877551020408163,0.9925436128306134,0.6409377147143551,0.9949388588212674,7,1.0
CCE[CAR-DEA],20,0.9923633299392578,0.9401493574357149,0.2857142857142857,0.17025440313111545,0.8877551020408163,0.9386882636362307,0.9887895788591182,0.8550298332772824,0.007456387169386606,0.11224489795918367,0.8877551020408163,0.9925436128306134,0.6409377147143551,0.9949388588212674,7,1.0
CCE[CAR-DEA],20,0.9923633299392578,0.9401493574357149,0.2857142857142857,0.17025440313111545,0.8877551020408163,0.9386882636362307,0.9887895788591182,0.8550298332772824,0.007456387169386606,0.11224489795918367,0.8877551020408163,0.9925436128306134,0.6409377147143551,0.9949388588212674,7,1.0
CCE[FDH],5,0.9995084442259752,0.9335415757467871,0.8585858585858586,0.85,0.8673469387755102,0.9311917867357052,0.9853960541729353,0.8635832133779818,0.00026378728193584693,0.1326530612244898,0.8673469387755102,0.9997362127180641,0.929169826396494,0.9995109225086131,7,1.0
CCE[FDH],5,0.9995084442259752,0.9335415757467871,0.8585858585858586,0.85,0.8673469387755102,0.9311917867357052,0.9853960541729353,0.8635832133779818,0.00026378728193584693,0.1326530612244898,0.8673469387755102,0.9997362127180641,0.929169826396494,0.9995109225086131,7,0.9999995531921141
CCE[FDH],5,0.9995084442259752,0.9335415757467871,0.8585858585858586,0.85,0.8673469387755102,0.9311917867357052,0.9853960541729353,0.8635832133779818,0.00026378728193584693,0.1326530612244898,0.8673469387755102,0.9997362127180641,0.929169826396494,0.9995109225086131,7,0.9999993509925429
CCE[FDH],5,0.9995084442259752,0.9335415757467871,0.8585858585858586,0.85,0.8673469387755102,0.9311917867357052,0.9853960541729353,0.8635832133779818,0.00026378728193584693,0.1326530612244898,0.8673469387755102,0.9997362127180641,0.929169826396494,0.9995109225086131,7,1.0
CCE[FDH],10,0.9990519995786665,0.9333129601024428,0.7589285714285714,0.6746031746031746,0.8673469387755102,0.9309788212013625,0.9854364297773134,0.8664611789085332,0.0007210185706246483,0.1326530612244898,0.8673469387755102,0.9992789814293753,0.8792268186958161,0.9991111328767157,7,1.0
CCE[FDH],10,0.9990519995786665,0.9333129601024428,0.7589285714285714,0.6746031746031746,0.8673469387755102,0.9309788212013625,0.9854364297773134,0.8664611789085332,0.0007210185706246483,0.1326530612244898,0.8673469387755102,0.9992789814293753,0.8792268186958161,0.9991111328767157,7,0.9999995531921141
CCE[FDH],10,0.9990519995786665,0.9333129601024428,0.7589285714285714,0.6746031746031746,0.8673469387755102,0.9309788212013625,0.9854364297773134,0.8664611789085332,0.0007210185706246483,0.1326530612244898,0.8673469387755102,0.9992789814293753,0.8792268186958161,0.9991111328767157,7,0.9999993509925429
CCE[FDH],10,0.9990519995786665,0.9333129601024428,0.7589285714285714,0.6746031746031746,0.8673469387755102,0.9309788212013625,0.9854364297773134,0.8664611789085332,0.0007210185706246483,0.1326530612244898,0.8673469387755102,0.9992789814293753,0.8792268186958161,0.9991111328767157,7,1.0
CCE[FDH],15,0.99875355500158,0.9331634806426792,0.7053941908713693,0.5944055944055944,0.8673469387755102,0.9308395481616619,0.9864759670046972,0.8664516228462859,0.0010199774901519414,0.1326530612244898,0.8673469387755102,0.9989800225098481,0.8523848235920493,0.9988696776530395,7,1.0
CCE[FDH],15,0.99875355500158,0.9331634806426792,0.7053941908713693,0.5944055944055944,0.8673469387755102,0.9308395481616619,0.9864759670046972,0.8664516228462859,0.0010199774901519414,0.1326530612244898,0.8673469387755102,0.9989800225098481,0.8523848235920493,0.9988696776530395,7,0.9999995531921141
CCE[FDH],15,0.99875355500158,0.9331634806426792,0.7053941908713693,0.5944055944055944,0.8673469387755102,0.9308395481616619,0.9864759670046972,0.8664516228462859,0.0010199774901519414,0.1326530612244898,0.8673469387755102,0.9989800225098481,0.8523848235920493,0.9988696776530395,7,0.9999993509925429
CCE[FDH],15,0.99875355500158,0.9331634806426792,0.7053941908713693,0.5944055944055944,0.8673469387755102,0.9308395481616619,0.9864759670046972,0.8664516228462859,0.0010199774901519414,0.1326530612244898,0.8673469387755102,0.9989800225098481,0.8523848235920493,0.9988696776530395,7,1.0
CCE[FDH],20,0.999403110845827,0.9334888182904,0.8333333333333334,0.8018867924528302,0.8673469387755102,0.9311426451663811,0.9865936843223503,0.8673287648661302,0.0003693021947101857,0.1326530612244898,0.8673469387755102,0.9996306978052898,0.9165171766912885,0.9994147935596865,7,1.0
CCE[FDH],20,0.999403110845827,0.9334888182904,0.8333333333333334,0.8018867924528302,0.8673469387755102,0.9311426451663811,0.9865936843223503,0.8673287648661302,0.0003693021947101857,0.1326530612244898,0.8673469387755102,0.9996306978052898,0.9165171766912885,0.9994147935596865,7,0.9999995531921141
CCE[FDH],20,0.999403110845827,0.9334888182904,0.8333333333333334,0.8018867924528302,0.8673469387755102,0.9311426451663811,0.9865936843223503,0.8673287648661302,0.0003693021947101857,0.1326530612244898,0.8673469387755102,0.9996306978052898,0.9165171766912885,0.9994147935596865,7,0.9999993509925429
CCE[FDH],20,0.999403110845827,0.9334888182904,0.8333333333333334,0.8018867924528302,0.8673469387755102,0.9311426451663811,0.9865936843223503,0.8673287648661302,0.0003693021947101857,0.1326530612244898,0.8673469387755102,0.9996306978052898,0.9165171766912885,0.9994147935596865,7,1.0
CCE[DEA],5,0.9994733330992591,0.9335239899279915,0.85,0.8333333333333334,0.8673469387755102,0.9311754065007508,0.9853452706349844,0.868653063976899,0.00029895891952729317,0.1326530612244898,0.8673469387755102,0.9997010410804728,0.9248681017199536,0.9994785905060721,7,0.9999999561232016
CCE[DEA],5,0.9994733330992591,0.9335239899279915,0.85,0.8333333333333334,0.8673469387755102,0.9311754065007508,0.9853452706349844,0.868653063976899,0.00029895891952729317,0.1326530612244898,0.8673469387755102,0.9997010410804728,0.9248681017199536,0.9994785905060721,7,1.0
CCE[DEA],5,0.9994733330992591,0.9335239899279915,0.85,0.8333333333333334,0.8673469387755102,0.9311754065007508,0.9853452706349844,0.868653063976899,0.00029895891952729317,0.1326530612244898,0.8673469387755102,0.9997010410804728,0.9248681017199536,0.9994785905060721,7,1.0
CCE[DEA],5,0.9994733330992591,0.9335239899279915,0.85,0.8333333333333334,0.8673469387755102,0.9311754065007508,0.9853452706349844,0.868653063976899,0.00029895891952729317,0.1326530612244898,0.8673469387755102,0.9997010410804728,0.9248681017199536,0.9994785905060721,7,1.0
CCE[DEA],10,0.9994557775359011,0.9335151970185935,0.845771144278607,0.8252427184466019,0.8673469387755102,0.9311672162752188,0.986190287172832,0.8669730619301662,0.0003165447383230163,0.1326530612244898,0.8673469387755102,0.999683455261677,0.9227492760514409,0.9994625345082488,7,0.9999999561232016
CCE[DEA],10,0.9994557775359011,0.9335151970185935,0.845771144278607,0.8252427184466019,0.8673469387755102,0.9311672162752188,0.986190287172832,0.8669730619301662,0.0003165447383230163,0.1326530612244898,0.8673469387755102,0.999683455261677,0.9227492760514409,0.9994625345082488,7,1.0
CCE[DEA],10,0.9994557775359011,0.9335151970185935,0.845771144278607,0.8252427184466019,0.8673469387755102,0.9311672162752188,0.986190287172832,0.8669730619301662,0.0003165447383230163,0.1326530612244898,0.8673469387755102,0.999683455261677,0.9227492760514409,0.9994625345082488,7,1.0
CCE[DEA],10,0.9994557775359011,0.9335151970185935,0.845771144278607,0.8252427184466019,0.8673469387755102,0.9311672162752188,0.986190287172832,0.8669730619301662,0.0003165447383230163,0.1326530612244898,0.8673469387755102,0.999683455261677,0.9227492760514409,0.9994625345082488,7,1.0
CCE[DEA],15,0.9995084442259752,0.9233550799329299,0.8556701030927835,0.8645833333333334,0.8469387755102041,0.9201875635196993,0.9869418117556532,0.8682110089361987,0.00022861564434440066,0.15306122448979592,0.8469387755102041,0.9997713843556556,0.9277119529796107,0.9995059147554549,7,0.9999999561232016
CCE[DEA],15,0.9995084442259752,0.9233550799329299,0.8556701030927835,0.8645833333333334,0.8469387755102041,0.9201875635196993,0.9869418117556532,0.8682110089361987,0.00022861564434440066,0.15306122448979592,0.8469387755102041,0.9997713843556556,0.9277119529796107,0.9995059147554549,7,1.0
CCE[DEA],15,0.9995084442259752,0.9233550799329299,0.8556701030927835,0.8645833333333334,0.8469387755102041,0.9201875635196993,0.9869418117556532,0.8682110089361987,0.00022861564434440066,0.15306122448979592,0.8469387755102041,0.9997713843556556,0.9277119529796107,0.9995059147554549,7,1.0
CCE[DEA],15,0.9995084442259752,0.9233550799329299,0.8556701030927835,0.8645833333333334,0.8469387755102041,0.9201875635196993,0.9869418117556532,0.8682110089361987,0.00022861564434440066,0.15306122448979592,0.8469387755102041,0.9997713843556556,0.9277119529796107,0.9995059147554549,7,1.0
CCE[DEA],20,0.9995259997893332,0.9182706249353991,0.8586387434554974,0.8817204301075269,0.8367346938775511,0.9146435549249654,0.9871532004754632,0.8687201137558918,0.00019344400675295442,0.16326530612244897,0.8367346938775511,0.9998065559932471,0.929200672669428,0.9995198060172384,7,0.9999999561232016
CCE[DEA],20,0.9995259997893332,0.9182706249353991,0.8586387434554974,0.8817204301075269,0.8367346938775511,0.9146435549249654,0.9871532004754632,0.8687201137558918,0.00019344400675295442,0.16326530612244897,0.8367346938775511,0.9998065559932471,0.929200672669428,0.9995198060172384,7,1.0
CCE[DEA],20,0.9995259997893332,0.9182706249353991,0.8586387434554974,0.8817204301075269,0.8367346938775511,0.9146435549249654,0.9871532004754632,0.8687201137558918,0.00019344400675295442,0.16326530612244897,0.8367346938775511,0.9998065559932471,0.929200672669428,0.9995198060172384,7,1.0
CCE[DEA],20,0.9995259997893332,0.9182706249353991,0.8586387434554974,0.8817204301075269,0.8367346938775511,0.9146435549249654,0.9871532004754632,0.8687201137558918,0.00019344400675295442,0.16326530612244897,0.8367346938775511,0.9998065559932471,0.929200672669428,0.9995198060172384,7,1.0
CCE[CAR-FDH],5,0.9953653312734806,0.9569326886635352,0.40540540540540543,0.26011560693641617,0.9183673469387755,0.9561552620000974,0.9903529222606319,0.8670933706487075,0.004501969611705121,0.08163265306122448,0.9183673469387755,0.9954980303882949,0.7015395021387267,0.9966546338961038,8,1.0
CCE[CAR-FDH],5,0.9953653312734806,0.9569326886635352,0.40540540540540543,0.26011560693641617,0.9183673469387755,0.9561552620000974,0.9903529222606319,0.8670933706487075,0.004501969611705121,0.08163265306122448,0.9183673469387755,0.9954980303882949,0.7015395021387267,0.9966546338961038,8,0.9999998861089183
CCE[CAR-FDH],5,0.9953653312734806,0.9569326886635352,0.40540540540540543,0.26011560693641617,0.9183673469387755,0.9561552620000974,0.9903529222606319,0.8670933706487075,0.004501969611705121,0.08163265306122448,0.9183673469387755,0.9954980303882949,0.7015395021387267,0.9966546338961038,8,0.9999996421379758
CCE[CAR-FDH],5,0.9953653312734806,0.9569326886635352,0.40540540540540543,0.26011560693641617,0.9183673469387755,0.9561552620000974,0.9903529222606319,0.8670933706487075,0.004501969611705121,0.08163265306122448,0.9183673469387755,0.9954980303882949,0.7015395021387267,0.9966546338961038,8,1.0
CCE[CAR-FDH],10,0.9949439977528879,0.9567216588379865,0.38461538461538464,0.24324324324324326,0.9183673469387755,0.9559525507306557,0.9898868980625453,0.8621692391770469,0.004924029262802476,0.08163265306122448,0.9183673469387755,0.9950759707371976,0.6910384778104423,0.9964072027202179,8,1.0
CCE[CAR-FDH],10,0.9949439977528879,0.9567216588379865,0.38461538461538464,0.24324324324324326,0.9183673469387755,0.9559525507306557,0.9898868980625453,0.8621692391770469,0.004924029262802476,0.08163265306122448,0.9183673469387755,0.9950759707371976,0.6910384778104423,0.9964072027202179,8,0.9999998861089183
CCE[CAR-FDH],10,0.9949439977528879,0.9567216588379865,0.38461538461538464,0.24324324324324326,0.9183673469387755,0.9559525507306557,0.9898868980625453,0.8621692391770469,0.004924029262802476,0.08163265306122448,0.9183673469387755,0.9950759707371976,0.6910384778104423,0.9964072027202179,8,0.9999996421379758
CCE[CAR-FDH],10,0.9949439977528879,0.9567216588379865,0.38461538461538464,0.24324324324324326,0.9183673469387755,0.9559525507306557,0.9898868980625453,0.8621692391770469,0.004924029262802476,0.08163265306122448,0.9183673469387755,0.9950759707371976,0.6910384778104423,0.9964072027202179,8,1.0
CCE[CAR-FDH],15,0.9938379972613322,0.9561677055459212,0.3389830508474576,0.20785219399538107,0.9183673469387755,0.9554202290186883,0.9896923773730087,0.8574994007187677,0.006031935846933033,0.08163265306122448,0.9183673469387755,0.9939680641530669,0.6679438108381723,0.9957726529018801,8,1.0
CCE[CAR-FDH],15,0.9938379972613322,0.9561677055459212,0.3389830508474576,0.20785219399538107,0.9183673469387755,0.9554202290186883,0.9896923773730087,0.8574994007187677,0.006031935846933033,0.08163265306122448,0.9183673469387755,0.9939680641530669,0.6679438108381723,0.9957726529018801,8,0.9999998861089183
CCE[CAR-FDH],15,0.9938379972613322,0.9561677055459212,0.3389830508474576,0.20785219399538107,0.9183673469387755,0.9554202290186883,0.9896923773730087,0.8574994007187677,0.006031935846933033,0.08163265306122448,0.9183673469387755,0.9939680641530669,0.6679438108381723,0.9957726529018801,8,0.9999996421379758
CCE[CAR-FDH],15,0.9938379972613322,0.9561677055459212,0.3389830508474576,0.20785219399538107,0.9183673469387755,0.9554202290186883,0.9896923773730087,0.8574994007187677,0.006031935846933033,0.08163265306122448,0.9183673469387755,0.9939680641530669,0.6679438108381723,0.9957726529018801,8,1.0
CCE[CAR-FDH],20,0.9977002212000983,0.9479156497995934,0.5732899022801303,0.42105263157894735,0.8979591836734694,0.9465983470443918,0.9900973895467021,0.860846535146607,0.0021278840742824986,0.10204081632653061,0.8979591836734694,0.9978721159257175,0.7860684529047659,0.9981148558533642,8,1.0
CCE[CAR-FDH],20,0.9977002212000983,0.9479156497995934,0.5732899022801303,0.42105263157894735,0.8979591836734694,0.9465983470443918,0.9900973895467021,0.860846535146607,0.0021278840742824986,0.10204081632653061,0.8979591836734694,0.9978721159257175,0.7860684529047659,0.9981148558533642,8,0.9999998861089183
CCE[CAR-FDH],20,0.9977002212000983,0.9479156497995934,0.5732899022801303,0.42105263157894735,0.8979591836734694,0.9465983470443918,0.9900973895467021,0.860846535146607,0.0021278840742824986,0.10204081632653061,0.8979591836734694,0.9978721159257175,0.7860684529047659,0.9981148558533642,8,0.9999996421379758
CCE[CAR-FDH],20,0.9977002212000983,0.9479156497995934,0.5732899022801303,0.42105263157894735,0.8979591836734694,0.9465983470443918,0.9900973895467021,0.860846535146607,0.0021278840742824986,0.10204081632653061,0.8979591836734694,0.9978721159257175,0.7860684529047659,0.9981148558533642,8,1.0
CCE[CAR-DEA],5,0.9823742143885398,0.9657056794299037,0.15630252100840336,0.08516483516483517,0.9489795918367347,0.9655608200817789,0.9898614165700045,0.7502942995361052,0.017568232976927407,0.05102040816326531,0.9489795918367347,0.9824317670230726,0.5736983004389152,0.9896578667313986,8,1.0
CCE[CAR-DEA],5,0.9823742143885398,0.9657056794299037,0.15630252100840336,0.08516483516483517,0.9489795918367347,0.9655608200817789,0.9898614165700045,0.7502942995361052,0.017568232976927407,0.05102040816326531,0.9489795918367347,0.9824317670230726,0.5736983004389152,0.9896578667313986,8,1.0
CCE[CAR-DEA],5,0.9823742143885398,0.9657056794299037,0.15630252100840336,0.08516483516483517,0.9489795918367347,0.9655608200817789,0.9898614165700045,0.7502942995361052,0.017568232976927407,0.05102040816326531,0.9489795918367347,0.9824317670230726,0.5736983004389152,0.9896578667313986,8,1.0
CCE[CAR-DEA],5,0.9823742143885398,0.9657056794299037,0.15630252100840336,0.08516483516483517,0.9489795918367347,0.9655608200817789,0.9898614165700045,0.7502942995361052,0.017568232976927407,0.05102040816326531,0.9489795918367347,0.9824317670230726,0.5736983004389152,0.9896578667313986,8,0.999999976812714
CCE[CAR-DEA],10,0.9827253256557003,0.9658815376178609,0.15897435897435896,0.08675373134328358,0.9489795918367347,0.9657336428538954,0.9895909897442376,0.7706564721577664,0.017216516601012942,0.05102040816326531,0.9489795918367347,0.982783483398987,0.5751236979255497,0.9898411126038141,8,1.0
CCE[CAR-DEA],10,0.9827253256557003,0.9658815376178609,0.15897435897435896,0.08675373134328358,0.9489795918367347,0.9657336428538954,0.9895909897442376,0.7706564721577664,0.017216516601012942,0.05102040816326531,0.9489795918367347,0.982783483398987,0.5751236979255497,0.9898411126038141,8,1.0
CCE[CAR-DEA],10,0.9827253256557003,0.9658815376178609,0.15897435897435896,0.08675373134328358,0.9489795918367347,0.9657336428538954,0.9895909897442376,0.7706564721577664,0.017216516601012942,0.05102040816326531,0.9489795918367347,0.982783483398987,0.5751236979255497,0.9898411126038141,8,1.0
CCE[CAR-DEA],10,0.9827253256557003,0.9658815376178609,0.15897435897435896,0.08675373134328358,0.9489795918367347,0.9657336428538954,0.9895909897442376,0.7706564721577664,0.017216516601012942,0.05102040816326531,0.9489795918367347,0.982783483398987,0.5751236979255497,0.9898411126038141,8,0.999999976812714
CCE[CAR-DEA],15,0.9841999929777746,0.9615268941003525,0.16974169741697417,0.09330628803245436,0.9387755102040817,0.9612576879323645,0.9894271545140284,0.7712226193668207,0.015721722003376477,0.061224489795918366,0.9387755102040817,0.9842782779966235,0.5808829011721525,0.9906094130988132,8,1.0
CCE[CAR-DEA],15,0.9841999929777746,0.9615268941003525,0.16974169741697417,0.09330628803245436,0.9387755102040817,0.9612576879323645,0.9894271545140284,0.7712226193668207,0.015721722003376477,0.061224489795918366,0.9387755102040817,0.9842782779966235,0.5808829011721525,0.9906094130988132,8,1.0
CCE[CAR-DEA],15,0.9841999929777746,0.9615268941003525,0.16974169741697417,0.09330628803245436,0.9387755102040817,0.9612576879323645,0.9894271545140284,0.7712226193668207,0.015721722003376477,0.061224489795918366,0.9387755102040817,0.9842782779966235,0.5808829011721525,0.9906094130988132,8,1.0
CCE[CAR-DEA],15,0.9841999929777746,0.9615268941003525,0.16974169741697417,0.09330628803245436,0.9387755102040817,0.9612576879323645,0.9894271545140284,0.7712226193668207,0.015721722003376477,0.061224489795918366,0.9387755102040817,0.9842782779966235,0.5808829011721525,0.9906094130988132,8,0.999999976812714
CCE[CAR-DEA],20,0.9838137705838981,0.9613334500935997,0.16636528028933092,0.09126984126984126,0.9387755102040817,0.9610687496827708,0.9892818023382679,0.7736072261387331,0.016108610016882387,0.061224489795918366,0.9387755102040817,0.9838913899831176,0.5790964127696012,0.9904073826508383,8,1.0
CCE[CAR-DEA],20,0.9838137705838981,0.9613334500935997,0.16636528028933092,0.09126984126984126,0.9387755102040817,0.9610687496827708,0.9892818023382679,0.7736072261387331,0.016108610016882387,0.061224489795918366,0.9387755102040817,0.9838913899831176,0.5790964127696012,0.9904073826508383,8,1.0
CCE[CAR-DEA],20,0.9838137705838981,0.9613334500935997,0.16636528028933092,0.09126984126984126,0.9387755102040817,0.9610687496827708,0.9892818023382679,0.7736072261387331,0.016108610016882387,0.061224489795918366,0.9387755102040817,0.9838913899831176,0.5790964127696012,0.9904073826508383,8,1.0
CCE[CAR-DEA],20,0.9838137705838981,0.9613334500935997,0.16636528028933092,0.09126984126984126,0.9387755102040817,0.9610687496827708,0.9892818023382679,0.7736072261387331,0.016108610016882387,0.061224489795918366,0.9387755102040817,0.9838913899831176,0.5790964127696012,0.9904073826508383,8,0.999999976812714
CCE[FDH],5,0.9876408833959481,0.9581570564354047,0.2054176072234763,0.11548223350253807,0.9285714285714286,0.9577001803387393,0.9892685232506058,0.7486874623014963,0.01225731570061902,0.07142857142857142,0.9285714285714286,0.987742684299381,0.5995948065488036,0.9924156853259098,8,0.9999999999999999
CCE[FDH],5,0.9876408833959481,0.9581570564354047,0.2054176072234763,0.11548223350253807,0.9285714285714286,0.9577001803387393,0.9892685232506058,0.7486874623014963,0.01225731570061902,0.07142857142857142,0.9285714285714286,0.987742684299381,0.5995948065488036,0.9924156853259098,8,0.9999995498396244
CCE[FDH],5,0.9876408833959481,0.9581570564354047,0.2054176072234763,0.11548223350253807,0.9285714285714286,0.9577001803387393,0.9892685232506058,0.7486874623014963,0.01225731570061902,0.07142857142857142,0.9285714285714286,0.987742684299381,0.5995948065488036,0.9924156853259098,8,0.9999996421379758
CCE[FDH],5,0.9876408833959481,0.9581570564354047,0.2054176072234763,0.11548223350253807,0.9285714285714286,0.9577001803387393,0.9892685232506058,0.7486874623014963,0.01225731570061902,0.07142857142857142,0.9285714285714286,0.987742684299381,0.5995948065488036,0.9924156853259098,8,1.0
CCE[FDH],10,0.9933464414873073,0.9559215040827811,0.3220035778175313,0.19522776572668113,0.9183673469387755,0.9551835463663986,0.9895685588529165,0.857072879970313,0.006524338773213281,0.08163265306122448,0.9183673469387755,0.9934756612267868,0.6593301971476401,0.9954961125455011,8,0.9999999999999999
CCE[FDH],10,0.9933464414873073,0.9559215040827811,0.3220035778175313,0.19522776572668113,0.9183673469387755,0.9551835463663986,0.9895685588529165,0.857072879970313,0.006524338773213281,0.08163265306122448,0.9183673469387755,0.9934756612267868,0.6593301971476401,0.9954961125455011,8,0.9999995498396244
CCE[FDH],10,0.9933464414873073,0.9559215040827811,0.3220035778175313,0.19522776572668113,0.9183673469387755,0.9551835463663986,0.9895685588529165,0.857072879970313,0.006524338773213281,0.08163265306122448,0.9183673469387755,0.9934756612267868,0.6593301971476401,0.9954961125455011,8,0.9999996421379758
CCE[FDH],10,0.9933464414873073,0.9559215040827811,0.3220035778175313,0.19522776572668113,0.9183673469387755,0.9551835463663986,0.9895685588529165,0.857072879970313,0.006524338773213281,0.08163265306122448,0.9183673469387755,0.9934756612267868,0.6593301971476401,0.9954961125455011,8,1.0
CCE[FDH],15,0.9938379972613322,0.9561677055459212,0.3389830508474576,0.20785219399538107,0.9183673469387755,0.9554202290186883,0.9896923773730087,0.8574994007187677,0.006031935846933033,0.08163265306122448,0.9183673469387755,0.9939680641530669,0.6679438108381723,0.9957726529018801,8,0.9999999999999999
CCE[FDH],15,0.9938379972613322,0.9561677055459212,0.3389830508474576,0.20785219399538107,0.9183673469387755,0.9554202290186883,0.9896923773730087,0.8574994007187677,0.006031935846933033,0.08163265306122448,0.9183673469387755,0.9939680641530669,0.6679438108381723,0.9957726529018801,8,0.9999995498396244
CCE[FDH],15,0.9938379972613322,0.9561677055459212,0.3389830508474576,0.20785219399538107,0.9183673469387755,0.9554202290186883,0.9896923773730087,0.8574994007187677,0.006031935846933033,0.08163265306122448,0.9183673469387755,0.9939680641530669,0.6679438108381723,0.9957726529018801,8,0.9999996421379758
CCE[FDH],15,0.9938379972613322,0.9561677055459212,0.3389830508474576,0.20785219399538107,0.9183673469387755,0.9554202290186883,0.9896923773730087,0.8574994007187677,0.006031935846933033,0.08163265306122448,0.9183673469387755,0.9939680641530669,0.6679438108381723,0.9957726529018801,8,1.0
CCE[FDH],20,0.9977002212000983,0.9479156497995934,0.5732899022801303,0.42105263157894735,0.8979591836734694,0.9465983470443918,0.9900973895467021,0.860846535146607,0.0021278840742824986,0.10204081632653061,0.8979591836734694,0.9978721159257175,0.7860684529047659,0.9981148558533642,8,0.9999999999999999
CCE[FDH],20,0.9977002212000983,0.9479156497995934,0.5732899022801303,0.42105263157894735,0.8979591836734694,0.9465983470443918,0.9900973895467021,0.860846535146607,0.0021278840742824986,0.10204081632653061,0.8979591836734694,0.9978721159257175,0.7860684529047659,0.9981148558533642,8,0.9999995498396244
CCE[FDH],20,0.9977002212000983,0.9479156497995934,0.5732899022801303,0.42105263157894735,0.8979591836734694,0.9465983470443918,0.9900973895467021,0.860846535146607,0.0021278840742824986,0.10204081632653061,0.8979591836734694,0.9978721159257175,0.7860684529047659,0.9981148558533642,8,0.9999996421379758
CCE[FDH],20,0.9977002212000983,0.9479156497995934,0.5732899022801303,0.42105263157894735,0.8979591836734694,0.9465983470443918,0.9900973895467021,0.860846535146607,0.0021278840742824986,0.10204081632653061,0.8979591836734694,0.9978721159257175,0.7860684529047659,0.9981148558533642,8,1.0
CCE[DEA],5,0.9928022190232084,0.9556489238914474,0.3050847457627119,0.18292682926829268,0.9183673469387755,0.9549214364306644,0.9898894103223732,0.8657019362941691,0.007069499155880698,0.08163265306122448,0.9183673469387755,0.9929305008441193,0.65073355999202,0.9951930345283935,8,0.9999994616301637
CCE[DEA],5,0.9928022190232084,0.9556489238914474,0.3050847457627119,0.18292682926829268,0.9183673469387755,0.9549214364306644,0.9898894103223732,0.8657019362941691,0.007069499155880698,0.08163265306122448,0.9183673469387755,0.9929305008441193,0.65073355999202,0.9951930345283935,8,0.999999590397819
CCE[DEA],5,0.9928022190232084,0.9556489238914474,0.3050847457627119,0.18292682926829268,0.9183673469387755,0.9549214364306644,0.9898894103223732,0.8657019362941691,0.007069499155880698,0.08163265306122448,0.9183673469387755,0.9929305008441193,0.65073355999202,0.9951930345283935,8,0.9999993424172982
CCE[DEA],5,0.9928022190232084,0.9556489238914474,0.3050847457627119,0.18292682926829268,0.9183673469387755,0.9549214364306644,0.9898894103223732,0.8657019362941691,0.007069499155880698,0.08163265306122448,0.9183673469387755,0.9929305008441193,0.65073355999202,0.9951930345283935,8,1.0
CCE[DEA],10,0.9935571082476037,0.9560270189955555,0.3290676416819013,0.20044543429844097,0.9183673469387755,0.9552849889693148,0.9898282188508493,0.8649871198312817,0.006313308947664603,0.08163265306122448,0.9183673469387755,0.9936866910523354,0.6629153267901291,0.9956142785975385,8,0.9999994616301637
CCE[DEA],10,0.9935571082476037,0.9560270189955555,0.3290676416819013,0.20044543429844097,0.9183673469387755,0.9552849889693148,0.9898282188508493,0.8649871198312817,0.006313308947664603,0.08163265306122448,0.9183673469387755,0.9936866910523354,0.6629153267901291,0.9956142785975385,8,0.999999590397819
CCE[DEA],10,0.9935571082476037,0.9560270189955555,0.3290676416819013,0.20044543429844097,0.9183673469387755,0.9552849889693148,0.9898282188508493,0.8649871198312817,0.006313308947664603,0.08163265306122448,0.9183673469387755,0.9936866910523354,0.6629153267901291,0.9956142785975385,8,0.9999993424172982
CCE[DEA],10,0.9935571082476037,0.9560270189955555,0.3290676416819013,0.20044543429844097,0.9183673469387755,0.9552849889693148,0.9898282188508493,0.8649871198312817,0.006313308947664603,0.08163265306122448,0.9183673469387755,0.9936866910523354,0.6629153267901291,0.9956142785975385,8,1.0
CCE[DEA],15,0.9919946631087392,0.9552444500591457,0.2830188679245283,0.16728624535315986,0.9183673469387755,0.9545323664676066,0.9900137671838571,0.8601681907315724,0.007878446820483961,0.08163265306122448,0.9183673469387755,0.992121553179516,0.6394968642284883,0.9947482588106764,8,0.9999994616301637
CCE[DEA],15,0.9919946631087392,0.9552444500591457,0.2830188679245283,0.16728624535315986,0.9183673469387755,0.9545323664676066,0.9900137671838571,0.8601681907315724,0.007878446820483961,0.08163265306122448,0.9183673469387755,0.992121553179516,0.6394968642284883,0.9947482588106764,8,0.999999590397819
CCE[DEA],15,0.9919946631087392,0.9552444500591457,0.2830188679245283,0.16728624535315986,0.9183673469387755,0.9545323664676066,0.9900137671838571,0.8601681907315724,0.007878446820483961,0.08163265306122448,0.9183673469387755,0.992121553179516,0.6394968642284883,0.9947482588106764,8,0.9999993424172982
CCE[DEA],15,0.9919946631087392,0.9552444500591457,0.2830188679245283,0.16728624535315986,0.9183673469387755,0.9545323664676066,0.9900137671838571,0.8601681907315724,0.007878446820483961,0.08163265306122448,0.9183673469387755,0.992121553179516,0.6394968642284883,0.9947482588106764,8,1.0
CCE[DEA],20,0.9973491099329378,0.9528330395185649,0.541033434650456,0.3852813852813853,0.9081632653061225,0.9517853815172812,0.9901765257312829,0.8587657404317185,0.0024971862689926842,0.09183673469387756,0.9081632653061225,0.9975028137310074,0.7698520753955655,0.9978833762722359,8,0.9999994616301637
CCE[DEA],20,0.9973491099329378,0.9528330395185649,0.541033434650456,0.3852813852813853,0.9081632653061225,0.9517853815172812,0.9901765257312829,0.8587657404317185,0.0024971862689926842,0.09183673469387756,0.9081632653061225,0.9975028137310074,0.7698520753955655,0.9978833762722359,8,0.999999590397819
CCE[DEA],20,0.9973491099329378,0.9528330395185649,0.541033434650456,0.3852813852813853,0.9081632653061225,0.9517853815172812,0.9901765257312829,0.8587657404317185,0.0024971862689926842,0.09183673469387756,0.9081632653061225,0.9975028137310074,0.7698520753955655,0.9978833762722359,8,0.9999993424172982
CCE[DEA],20,0.9973491099329378,0.9528330395185649,0.541033434650456,0.3852813852813853,0.9081632653061225,0.9517853815172812,0.9901765257312829,0.8587657404317185,0.0024971862689926842,0.09183673469387756,0.9081632653061225,0.9975028137310074,0.7698520753955655,0.9978833762722359,8,1.0
CCE[CAR-FDH],5,0.9964011095116042,0.9370784786902944,0.4562334217506631,0.30824372759856633,0.8775510204081632,0.9351858408546322,0.9752472422564974,0.8487776309260878,0.003394063027574564,0.12244897959183673,0.8775510204081632,0.9966059369724254,0.7272140009842732,0.9972621657392872,9,0.999999960428836
CCE[CAR-FDH],5,0.9964011095116042,0.9370784786902944,0.4562334217506631,0.30824372759856633,0.8775510204081632,0.9351858408546322,0.9752472422564974,0.8487776309260878,0.003394063027574564,0.12244897959183673,0.8775510204081632,0.9966059369724254,0.7272140009842732,0.9972621657392872,9,0.9999999999999999
CCE[CAR-FDH],5,0.9964011095116042,0.9370784786902944,0.4562334217506631,0.30824372759856633,0.8775510204081632,0.9351858408546322,0.9752472422564974,0.8487776309260878,0.003394063027574564,0.12244897959183673,0.8775510204081632,0.9966059369724254,0.7272140009842732,0.9972621657392872,9,0.9999999999999999
CCE[CAR-FDH],5,0.9964011095116042,0.9370784786902944,0.4562334217506631,0.30824372759856633,0.8775510204081632,0.9351858408546322,0.9752472422564974,0.8487776309260878,0.003394063027574564,0.12244897959183673,0.8775510204081632,0.9966059369724254,0.7272140009842732,0.9972621657392872,9,0.9999999999999999
CCE[CAR-FDH],10,0.9941364418384186,0.9410374412848989,0.3425196850393701,0.2121951219512195,0.8877551020408163,0.9395277847007549,0.9755910629586669,0.8435068186132345,0.005680219471018571,0.11224489795918367,0.8877551020408163,0.9943197805289814,0.6697873871342015,0.9959289969287172,9,0.999999960428836
CCE[CAR-FDH],10,0.9941364418384186,0.9410374412848989,0.3425196850393701,0.2121951219512195,0.8877551020408163,0.9395277847007549,0.9755910629586669,0.8435068186132345,0.005680219471018571,0.11224489795918367,0.8877551020408163,0.9943197805289814,0.6697873871342015,0.9959289969287172,9,0.9999999999999999
CCE[CAR-FDH],10,0.9941364418384186,0.9410374412848989,0.3425196850393701,0.2121951219512195,0.8877551020408163,0.9395277847007549,0.9755910629586669,0.8435068186132345,0.005680219471018571,0.11224489795918367,0.8877551020408163,0.9943197805289814,0.6697873871342015,0.9959289969287172,9,0.9999999999999999
CCE[CAR-FDH],10,0.9941364418384186,0.9410374412848989,0.3425196850393701,0.2121951219512195,0.8877551020408163,0.9395277847007549,0.9755910629586669,0.8435068186132345,0.005680219471018571,0.11224489795918367,0.8877551020408163,0.9943197805289814,0.6697873871342015,0.9959289969287172,9,0.9999999999999999
CCE[CAR-FDH],15,0.9963133316948141,0.937034514143305,0.450261780104712,0.3028169014084507,0.8775510204081632,0.9351445849005602,0.9768737510479713,0.8492890750861464,0.0034819921215531796,0.12244897959183673,0.8775510204081632,0.9965180078784468,0.7242061221250692,0.9972078516838557,9,0.999999960428836
CCE[CAR-FDH],15,0.9963133316948141,0.937034514143305,0.450261780104712,0.3028169014084507,0.8775510204081632,0.9351445849005602,0.9768737510479713,0.8492890750861464,0.0034819921215531796,0.12244897959183673,0.8775510204081632,0.9965180078784468,0.7242061221250692,0.9972078516838557,9,0.9999999999999999
CCE[CAR-FDH],15,0.9963133316948141,0.937034514143305,0.450261780104712,0.3028169014084507,0.8775510204081632,0.9351445849005602,0.9768737510479713,0.8492890750861464,0.0034819921215531796,0.12244897959183673,0.8775510204081632,0.9965180078784468,0.7242061221250692,0.9972078516838557,9,0.9999999999999999
CCE[CAR-FDH],15,0.9963133316948141,0.937034514143305,0.450261780104712,0.3028169014084507,0.8775510204081632,0.9351445849005602,0.9768737510479713,0.8492890750861464,0.0034819921215531796,0.12244897959183673,0.8775510204081632,0.9965180078784468,0.7242061221250692,0.9972078516838557,9,0.9999999999999999
CCE[CAR-FDH],20,0.9964713317650363,0.9371136503278858,0.46112600536193027,0.31272727272727274,0.8775510204081632,0.9352188443075242,0.9766700785547759,0.8490525598609352,0.0033237197523916713,0.12244897959183673,0.8775510204081632,0.9966762802476083,0.7296779378202418,0.9973058125073754,9,0.999999960428836
CCE[CAR-FDH],20,0.9964713317650363,0.9371136503278858,0.46112600536193027,0.31272727272727274,0.8775510204081632,0.9352188443075242,0.9766700785547759,0.8490525598609352,0.0033237197523916713,0.12244897959183673,0.8775510204081632,0.9966762802476083,0.7296779378202418,0.9973058125073754,9,0.9999999999999999
CCE[CAR-FDH],20,0.9964713317650363,0.9371136503278858,0.46112600536193027,0.31272727272727274,0.8775510204081632,0.9352188443075242,0.9766700785547759,0.8490525598609352,0.0033237197523916713,0.12244897959183673,0.8775510204081632,0.9966762802476083,0.7296779378202418,0.9973058125073754,9,0.9999999999999999
CCE[CAR-FDH],20,0.9964713317650363,0.9371136503278858,0.46112600536193027,0.31272727272727274,0.8775510204081632,0.9352188443075242,0.9766700785547759,0.8490525598609352,0.0033237197523916713,0.12244897959183673,0.8775510204081632,0.9966762802476083,0.7296779378202418,0.9973058125073754,9,0.9999999999999999
CCE[CAR-DEA],5,0.9753168779186124,0.951984434038106,0.11460957178841309,0.0610738255033557,0.9285714285714286,0.9516964819867048,0.9782875252661559,0.8065803243407683,0.02460256049521666,0.07142857142857142,0.9285714285714286,0.9753974395047833,0.5510467742149586,0.9859822440535402,9,1.0
CCE[CAR-DEA],5,0.9753168779186124,0.951984434038106,0.11460957178841309,0.0610738255033557,0.9285714285714286,0.9516964819867048,0.9782875252661559,0.8065803243407683,0.02460256049521666,0.07142857142857142,0.9285714285714286,0.9753974395047833,0.5510467742149586,0.9859822440535402,9,1.0
CCE[CAR-DEA],5,0.9753168779186124,0.951984434038106,0.11460957178841309,0.0610738255033557,0.9285714285714286,0.9516964819867048,0.9782875252661559,0.8065803243407683,0.02460256049521666,0.07142857142857142,0.9285714285714286,0.9753974395047833,0.5510467742149586,0.9859822440535402,9,1.0
CCE[CAR-DEA],5,0.9753168779186124,0.951984434038106,0.11460957178841309,0.0610738255033557,0.9285714285714286,0.9516964819867048,0.9782875252661559,0.8065803243407683,0.02460256049521666,0.07142857142857142,0.9285714285714286,0.9753974395047833,0.5510467742149586,0.9859822440535402,9,1.0
CCE[CAR-DEA],10,0.9940486640216285,0.9409934767379096,0.3391812865497076,0.20963855421686747,0.8877551020408163,0.9394862419018761,0.9782913833794633,0.8416318243408115,0.005768148564997186,0.11224489795918367,0.8877551020408163,0.9942318514350028,0.6680960792554906,0.9958791122026567,9,1.0
CCE[CAR-DEA],10,0.9940486640216285,0.9409934767379096,0.3391812865497076,0.20963855421686747,0.8877551020408163,0.9394862419018761,0.9782913833794633,0.8416318243408115,0.005768148564997186,0.11224489795918367,0.8877551020408163,0.9942318514350028,0.6680960792554906,0.9958791122026567,9,1.0
CCE[CAR-DEA],10,0.9940486640216285,0.9409934767379096,0.3391812865497076,0.20963855421686747,0.8877551020408163,0.9394862419018761,0.9782913833794633,0.8416318243408115,0.005768148564997186,0.11224489795918367,0.8877551020408163,0.9942318514350028,0.6680960792554906,0.9958791122026567,9,1.0
CCE[CAR-DEA],10,0.9940486640216285,0.9409934767379096,0.3391812865497076,0.20963855421686747,0.8877551020408163,0.9394862419018761,0.9782913833794633,0.8416318243408115,0.005768148564997186,0.11224489795918367,0.8877551020408163,0.9942318514350028,0.6680960792554906,0.9958791122026567,9,1.0
CCE[CAR-DEA],15,0.9871493276219234,0.952817607065336,0.19736842105263158,0.11056511056511056,0.9183673469387755,0.9521946082135339,0.9773586171947675,0.8399416965514075,0.012732132808103546,0.08163265306122448,0.9183673469387755,0.9872678671918964,0.5954456163947192,0.9921530717296607,9,1.0
CCE[CAR-DEA],15,0.9871493276219234,0.952817607065336,0.19736842105263158,0.11056511056511056,0.9183673469387755,0.9521946082135339,0.9773586171947675,0.8399416965514075,0.012732132808103546,0.08163265306122448,0.9183673469387755,0.9872678671918964,0.5954456163947192,0.9921530717296607,9,1.0
CCE[CAR-DEA],15,0.9871493276219234,0.952817607065336,0.19736842105263158,0.11056511056511056,0.9183673469387755,0.9521946082135339,0.9773586171947675,0.8399416965514075,0.012732132808103546,0.08163265306122448,0.9183673469387755,0.9872678671918964,0.5954456163947192,0.9921530717296607,9,1.0
CCE[CAR-DEA],15,0.9871493276219234,0.952817607065336,0.19736842105263158,0.11056511056511056,0.9183673469387755,0.9521946082135339,0.9773586171947675,0.8399416965514075,0.012732132808103546,0.08163265306122448,0.9183673469387755,0.9872678671918964,0.5954456163947192,0.9921530717296607,9,1.0
CCE[CAR-DEA],20,0.983181770303009,0.955923657448348,0.15964912280701754,0.0873320537428023,0.9285714285714286,0.9555322571451427,0.9766749236273012,0.8383904211772247,0.016724113674732696,0.07142857142857142,0.9285714285714286,0.9832758863252673,0.5755775050834634,0.9900747233746877,9,1.0
CCE[CAR-DEA],20,0.983181770303009,0.955923657448348,0.15964912280701754,0.0873320537428023,0.9285714285714286,0.9555322571451427,0.9766749236273012,0.8383904211772247,0.016724113674732696,0.07142857142857142,0.9285714285714286,0.9832758863252673,0.5755775050834634,0.9900747233746877,9,1.0
CCE[CAR-DEA],20,0.983181770303009,0.955923657448348,0.15964912280701754,0.0873320537428023,0.9285714285714286,0.9555322571451427,0.9766749236273012,0.8383904211772247,0.016724113674732696,0.07142857142857142,0.9285714285714286,0.9832758863252673,0.5755775050834634,0.9900747233746877,9,1.0
CCE[CAR-DEA],20,0.983181770303009,0.955923657448348,0.15964912280701754,0.0873320537428023,0.9285714285714286,0.9555322571451427,0.9766749236273012,0.8383904211772247,0.016724113674732696,0.07142857142857142,0.9285714285714286,0.9832758863252673,0.5755775050834634,0.9900747233746877,9,1.0
CCE[FDH],5,0.9987711105649381,0.9229857777382197,0.7033898305084746,0.6014492753623188,0.8469387755102041,0.9198475957239647,0.9738188430971714,0.8516068728260064,0.0009672200337647721,0.15306122448979592,0.8469387755102041,0.9990327799662352,0.8513870551458705,0.9988750375510954,9,1.0
CCE[FDH],5,0.9987711105649381,0.9229857777382197,0.7033898305084746,0.6014492753623188,0.8469387755102041,0.9198475957239647,0.9738188430971714,0.8516068728260064,0.0009672200337647721,0.15306122448979592,0.8469387755102041,0.9990327799662352,0.8513870551458705,0.9988750375510954,9,1.0
CCE[FDH],5,0.9987711105649381,0.9229857777382197,0.7033898305084746,0.6014492753623188,0.8469387755102041,0.9198475957239647,0.9738188430971714,0.8516068728260064,0.0009672200337647721,0.15306122448979592,0.8469387755102041,0.9990327799662352,0.8513870551458705,0.9988750375510954,9,1.0
CCE[FDH],5,0.9987711105649381,0.9229857777382197,0.7033898305084746,0.6014492753623188,0.8469387755102041,0.9198475957239647,0.9738188430971714,0.8516068728260064,0.0009672200337647721,0.15306122448979592,0.8469387755102041,0.9990327799662352,0.8513870551458705,0.9988750375510954,9,0.9999998078745914
CCE[FDH],10,0.9915908851515045,0.9448557173291376,0.2687022900763359,0.15798922800718132,0.8979591836734694,0.9436911792004004,0.9746561434084043,0.8331258759903614,0.008247749015194147,0.10204081632653061,0.8979591836734694,0.9917522509848059,0.6322367094909308,0.9945202468050858,9,1.0
CCE[FDH],10,0.9915908851515045,0.9448557173291376,0.2687022900763359,0.15798922800718132,0.8979591836734694,0.9436911792004004,0.9746561434084043,0.8331258759903614,0.008247749015194147,0.10204081632653061,0.8979591836734694,0.9917522509848059,0.6322367094909308,0.9945202468050858,9,1.0
CCE[FDH],10,0.9915908851515045,0.9448557173291376,0.2687022900763359,0.15798922800718132,0.8979591836734694,0.9436911792004004,0.9746561434084043,0.8331258759903614,0.008247749015194147,0.10204081632653061,0.8979591836734694,0.9917522509848059,0.6322367094909308,0.9945202468050858,9,1.0
CCE[FDH],10,0.9915908851515045,0.9448557173291376,0.2687022900763359,0.15798922800718132,0.8979591836734694,0.9436911792004004,0.9746561434084043,0.8331258759903614,0.008247749015194147,0.10204081632653061,0.8979591836734694,0.9917522509848059,0.6322367094909308,0.9945202468050858,9,0.9999998078745914
CCE[FDH],15,0.997559776693234,0.9325655628036245,0.5501618122977346,0.4028436018957346,0.8673469387755102,0.9302822474964898,0.9781112184603723,0.8508045496004903,0.0022158131682611143,0.1326530612244898,0.8673469387755102,0.9977841868317389,0.7744691911464469,0.9980047528845528,9,1.0
CCE[FDH],15,0.997559776693234,0.9325655628036245,0.5501618122977346,0.4028436018957346,0.8673469387755102,0.9302822474964898,0.9781112184603723,0.8508045496004903,0.0022158131682611143,0.1326530612244898,0.8673469387755102,0.9977841868317389,0.7744691911464469,0.9980047528845528,9,1.0
CCE[FDH],15,0.997559776693234,0.9325655628036245,0.5501618122977346,0.4028436018957346,0.8673469387755102,0.9302822474964898,0.9781112184603723,0.8508045496004903,0.0022158131682611143,0.1326530612244898,0.8673469387755102,0.9977841868317389,0.7744691911464469,0.9980047528845528,9,1.0
CCE[FDH],15,0.997559776693234,0.9325655628036245,0.5501618122977346,0.4028436018957346,0.8673469387755102,0.9302822474964898,0.9781112184603723,0.8508045496004903,0.0022158131682611143,0.1326530612244898,0.8673469387755102,0.9977841868317389,0.7744691911464469,0.9980047528845528,9,0.9999998078745914
CCE[FDH],20,0.9971911098627155,0.9323809117062694,0.5151515151515151,0.36637931034482757,0.8673469387755102,0.9301100724532853,0.9768656759270956,0.8497248923303969,0.0025851153629713,0.1326530612244898,0.8673469387755102,0.9974148846370287,0.7568714950266793,0.9977597429392098,9,1.0
CCE[FDH],20,0.9971911098627155,0.9323809117062694,0.5151515151515151,0.36637931034482757,0.8673469387755102,0.9301100724532853,0.9768656759270956,0.8497248923303969,0.0025851153629713,0.1326530612244898,0.8673469387755102,0.9974148846370287,0.7568714950266793,0.9977597429392098,9,1.0
CCE[FDH],20,0.9971911098627155,0.9323809117062694,0.5151515151515151,0.36637931034482757,0.8673469387755102,0.9301100724532853,0.9768656759270956,0.8497248923303969,0.0025851153629713,0.1326530612244898,0.8673469387755102,0.9974148846370287,0.7568714950266793,0.9977597429392098,9,1.0
CCE[FDH],20,0.9971911098627155,0.9323809117062694,0.5151515151515151,0.36637931034482757,0.8673469387755102,0.9301100724532853,0.9768656759270956,0.8497248923303969,0.0025851153629713,0.1326530612244898,0.8673469387755102,0.9974148846370287,0.7568714950266793,0.9977597429392098,9,0.9999998078745914
CCE[DEA],5,0.9995611109160493,0.9182882107541948,0.8677248677248677,0.9010989010989011,0.8367346938775511,0.9146596426514025,0.9752134164723852,0.8464695571920561,0.00015827236916150816,0.16326530612244897,0.8367346938775511,0.9998417276308385,0.9337525292596291,0.999552996846481,9,1.0
CCE[DEA],5,0.9995611109160493,0.9182882107541948,0.8677248677248677,0.9010989010989011,0.8367346938775511,0.9146596426514025,0.9752134164723852,0.8464695571920561,0.00015827236916150816,0.16326530612244897,0.8367346938775511,0.9998417276308385,0.9337525292596291,0.999552996846481,9,1.0
CCE[DEA],5,0.9995611109160493,0.9182882107541948,0.8677248677248677,0.9010989010989011,0.8367346938775511,0.9146596426514025,0.9752134164723852,0.8464695571920561,0.00015827236916150816,0.16326530612244897,0.8367346938775511,0.9998417276308385,0.9337525292596291,0.999552996846481,9,1.0
CCE[DEA],5,0.9995611109160493,0.9182882107541948,0.8677248677248677,0.9010989010989011,0.8367346938775511,0.9146596426514025,0.9752134164723852,0.8464695571920561,0.00015827236916150816,0.16326530612244897,0.8367346938775511,0.9998417276308385,0.9337525292596291,0.999552996846481,9,1.0
CCE[DEA],10,0.9992099996488887,0.9181123525662376,0.784688995215311,0.7387387387387387,0.8367346938775511,0.9144987526514505,0.9766506982646745,0.8491705901180876,0.0005099887450759707,0.16326530612244897,0.8367346938775511,0.999490011254924,0.892146634528906,0.9992345238810272,9,1.0
CCE[DEA],10,0.9992099996488887,0.9181123525662376,0.784688995215311,0.7387387387387387,0.8367346938775511,0.9144987526514505,0.9766506982646745,0.8491705901180876,0.0005099887450759707,0.16326530612244897,0.8367346938775511,0.999490011254924,0.892146634528906,0.9992345238810272,9,1.0
CCE[DEA],10,0.9992099996488887,0.9181123525662376,0.784688995215311,0.7387387387387387,0.8367346938775511,0.9144987526514505,0.9766506982646745,0.8491705901180876,0.0005099887450759707,0.16326530612244897,0.8367346938775511,0.999490011254924,0.892146634528906,0.9992345238810272,9,1.0
CCE[DEA],10,0.9992099996488887,0.9181123525662376,0.784688995215311,0.7387387387387387,0.8367346938775511,0.9144987526514505,0.9766506982646745,0.8491705901180876,0.0005099887450759707,0.16326530612244897,0.8367346938775511,0.999490011254924,0.892146634528906,0.9992345238810272,9,1.0
CCE[DEA],15,0.9992802219023208,0.9181475242038291,0.8,0.7663551401869159,0.8367346938775511,0.9145309329158229,0.976274038737611,0.8487977342329048,0.00043964546989307823,0.16326530612244897,0.8367346938775511,0.9995603545301069,0.8998197310915502,0.9992959934268429,9,1.0
CCE[DEA],15,0.9992802219023208,0.9181475242038291,0.8,0.7663551401869159,0.8367346938775511,0.9145309329158229,0.976274038737611,0.8487977342329048,0.00043964546989307823,0.16326530612244897,0.8367346938775511,0.9995603545301069,0.8998197310915502,0.9992959934268429,9,1.0
CCE[DEA],15,0.9992802219023208,0.9181475242038291,0.8,0.7663551401869159,0.8367346938775511,0.9145309329158229,0.976274038737611,0.8487977342329048,0.00043964546989307823,0.16326530612244897,0.8367346938775511,0.9995603545301069,0.8998197310915502,0.9992959934268429,9,1.0
CCE[DEA],15,0.9992802219023208,0.9181475242038291,0.8,0.7663551401869159,0.8367346938775511,0.9145309329158229,0.976274038737611,0.8487977342329048,0.00043964546989307823,0.16326530612244897,0.8367346938775511,0.9995603545301069,0.8998197310915502,0.9992959934268429,9,1.0
CCE[DEA],20,0.9991573329588147,0.918085973838044,0.7735849056603774,0.7192982456140351,0.8367346938775511,0.9144746167100206,0.9771587130913142,0.8493277099453788,0.0005627462014631402,0.16326530612244897,0.8367346938775511,0.9994372537985369,0.8865813933114044,0.9991890724307857,9,1.0
CCE[DEA],20,0.9991573329588147,0.918085973838044,0.7735849056603774,0.7192982456140351,0.8367346938775511,0.9144746167100206,0.9771587130913142,0.8493277099453788,0.0005627462014631402,0.16326530612244897,0.8367346938775511,0.9994372537985369,0.8865813933114044,0.9991890724307857,9,1.0
CCE[DEA],20,0.9991573329588147,0.918085973838044,0.7735849056603774,0.7192982456140351,0.8367346938775511,0.9144746167100206,0.9771587130913142,0.8493277099453788,0.0005627462014631402,0.16326530612244897,0.8367346938775511,0.9994372537985369,0.8865813933114044,0.9991890724307857,9,1.0
CCE[DEA],20,0.9991573329588147,0.918085973838044,0.7735849056603774,0.7192982456140351,0.8367346938775511,0.9144746167100206,0.9771587130913142,0.8493277099453788,0.0005627462014631402,0.16326530612244897,0.8367346938775511,0.9994372537985369,0.8865813933114044,0.9991890724307857,9,1.0
