method,Kmax,acc,balanced_accuracy,f1,precision,recall,gmean,auc,pr_auc,fpr,fnr,tpr,tnr,f1_macro,f1_weighted,run_seed,eff
CCE[CAR-FDH],5,0.7221374045801526,0.6601315351315351,0.20175438596491227,0.12169312169312169,0.5897435897435898,0.6563681747458364,0.7083888333888335,0.136063511749849,0.2694805194805195,0.41025641025641024,0.5897435897435898,0.7305194805194806,0.5167736809676687,0.7942792278632267,0,1.0
CCE[CAR-FDH],5,0.7221374045801526,0.6601315351315351,0.20175438596491227,0.12169312169312169,0.5897435897435898,0.6563681747458364,0.7083888333888335,0.136063511749849,0.2694805194805195,0.41025641025641024,0.5897435897435898,0.7305194805194806,0.5167736809676687,0.7942792278632267,0,0.9999999999999999
CCE[CAR-FDH],5,0.7221374045801526,0.6601315351315351,0.20175438596491227,0.12169312169312169,0.5897435897435898,0.6563681747458364,0.7083888333888335,0.136063511749849,0.2694805194805195,0.41025641025641024,0.5897435897435898,0.7305194805194806,0.5167736809676687,0.7942792278632267,0,1.0
CCE[CAR-FDH],5,0.7221374045801526,0.6601315351315351,0.20175438596491227,0.12169312169312169,0.5897435897435898,0.6563681747458364,0.7083888333888335,0.136063511749849,0.2694805194805195,0.41025641025641024,0.5897435897435898,0.7305194805194806,0.5167736809676687,0.7942792278632267,0,1.0
CCE[CAR-FDH],10,0.7648854961832061,0.6588411588411589,0.21428571428571427,0.1337579617834395,0.5384615384615384,0.6477502756312957,0.7211746586746587,0.14633576015090521,0.22077922077922077,0.46153846153846156,0.5384615384615384,0.7792207792207793,0.5380225698897153,0.8232075556660644,0,1.0
CCE[CAR-FDH],10,0.7648854961832061,0.6588411588411589,0.21428571428571427,0.1337579617834395,0.5384615384615384,0.6477502756312957,0.7211746586746587,0.14633576015090521,0.22077922077922077,0.46153846153846156,0.5384615384615384,0.7792207792207793,0.5380225698897153,0.8232075556660644,0,0.9999999999999999
CCE[CAR-FDH],10,0.7648854961832061,0.6588411588411589,0.21428571428571427,0.1337579617834395,0.5384615384615384,0.6477502756312957,0.7211746586746587,0.14633576015090521,0.22077922077922077,0.46153846153846156,0.5384615384615384,0.7792207792207793,0.5380225698897153,0.8232075556660644,0,1.0
CCE[CAR-FDH],10,0.7648854961832061,0.6588411588411589,0.21428571428571427,0.1337579617834395,0.5384615384615384,0.6477502756312957,0.7211746586746587,0.14633576015090521,0.22077922077922077,0.46153846153846156,0.5384615384615384,0.7792207792207793,0.5380225698897153,0.8232075556660644,0,1.0
CCE[CAR-FDH],15,0.7816793893129771,0.6517579642579643,0.21572212065813529,0.1372093023255814,0.5042735042735043,0.6348517764303554,0.7247012247012247,0.14118044400697805,0.20075757575757575,0.49572649572649574,0.5042735042735043,0.7992424242424242,0.5444557987269394,0.8340425655142676,0,1.0
CCE[CAR-FDH],15,0.7816793893129771,0.6517579642579643,0.21572212065813529,0.1372093023255814,0.5042735042735043,0.6348517764303554,0.7247012247012247,0.14118044400697805,0.20075757575757575,0.49572649572649574,0.5042735042735043,0.7992424242424242,0.5444557987269394,0.8340425655142676,0,0.9999999999999999
CCE[CAR-FDH],15,0.7816793893129771,0.6517579642579643,0.21572212065813529,0.1372093023255814,0.5042735042735043,0.6348517764303554,0.7247012247012247,0.14118044400697805,0.20075757575757575,0.49572649572649574,0.5042735042735043,0.7992424242424242,0.5444557987269394,0.8340425655142676,0,1.0
CCE[CAR-FDH],15,0.7816793893129771,0.6517579642579643,0.21572212065813529,0.1372093023255814,0.5042735042735043,0.6348517764303554,0.7247012247012247,0.14118044400697805,0.20075757575757575,0.49572649572649574,0.5042735042735043,0.7992424242424242,0.5444557987269394,0.8340425655142676,0,1.0
CCE[CAR-FDH],20,0.778117048346056,0.6418581418581418,0.20727272727272728,0.13163972286374134,0.48717948717948717,0.6229417212359339,0.7260517260517261,0.13723963115598545,0.20346320346320346,0.5128205128205128,0.48717948717948717,0.7965367965367965,0.5391393222162453,0.8314859257008406,0,1.0
CCE[CAR-FDH],20,0.778117048346056,0.6418581418581418,0.20727272727272728,0.13163972286374134,0.48717948717948717,0.6229417212359339,0.7260517260517261,0.13723963115598545,0.20346320346320346,0.5128205128205128,0.48717948717948717,0.7965367965367965,0.5391393222162453,0.8314859257008406,0,0.9999999999999999
CCE[CAR-FDH],20,0.778117048346056,0.6418581418581418,0.20727272727272728,0.13163972286374134,0.48717948717948717,0.6229417212359339,0.7260517260517261,0.13723963115598545,0.20346320346320346,0.5128205128205128,0.48717948717948717,0.7965367965367965,0.5391393222162453,0.8314859257008406,0,1.0
CCE[CAR-FDH],20,0.778117048346056,0.6418581418581418,0.20727272727272728,0.13163972286374134,0.48717948717948717,0.6229417212359339,0.7260517260517261,0.13723963115598545,0.20346320346320346,0.5128205128205128,0.48717948717948717,0.7965367965367965,0.5391393222162453,0.8314859257008406,0,1.0
CCE[CAR-DEA],5,0.751145038167939,0.651535964035964,0.2048780487804878,0.12650602409638553,0.5384615384615384,0.6416488811751226,0.7155552780552781,0.16004265464911666,0.2353896103896104,0.46153846153846156,0.5384615384615384,0.7646103896103896,0.5286833682816466,0.8139286650025147,0,0.9647612498315774
CCE[CAR-DEA],5,0.751145038167939,0.651535964035964,0.2048780487804878,0.12650602409638553,0.5384615384615384,0.6416488811751226,0.7155552780552781,0.16004265464911666,0.2353896103896104,0.46153846153846156,0.5384615384615384,0.7646103896103896,0.5286833682816466,0.8139286650025147,0,0.9999997456623516
CCE[CAR-DEA],5,0.751145038167939,0.651535964035964,0.2048780487804878,0.12650602409638553,0.5384615384615384,0.6416488811751226,0.7155552780552781,0.16004265464911666,0.2353896103896104,0.46153846153846156,0.5384615384615384,0.7646103896103896,0.5286833682816466,0.8139286650025147,0,0.9999999999999999
CCE[CAR-DEA],5,0.751145038167939,0.651535964035964,0.2048780487804878,0.12650602409638553,0.5384615384615384,0.6416488811751226,0.7155552780552781,0.16004265464911666,0.2353896103896104,0.46153846153846156,0.5384615384615384,0.7646103896103896,0.5286833682816466,0.8139286650025147,0,1.0
CCE[CAR-DEA],10,0.7379134860050891,0.6565101565101565,0.20401854714064915,0.12452830188679245,0.5641025641025641,0.6499741706148194,0.7241392866392866,0.1523184239162907,0.2510822510822511,0.4358974358974359,0.5641025641025641,0.7489177489177489,0.5235749147521704,0.8050772416404877,0,0.9647612498315774
CCE[CAR-DEA],10,0.7379134860050891,0.6565101565101565,0.20401854714064915,0.12452830188679245,0.5641025641025641,0.6499741706148194,0.7241392866392866,0.1523184239162907,0.2510822510822511,0.4358974358974359,0.5641025641025641,0.7489177489177489,0.5235749147521704,0.8050772416404877,0,0.9999997456623516
CCE[CAR-DEA],10,0.7379134860050891,0.6565101565101565,0.20401854714064915,0.12452830188679245,0.5641025641025641,0.6499741706148194,0.7241392866392866,0.1523184239162907,0.2510822510822511,0.4358974358974359,0.5641025641025641,0.7489177489177489,0.5235749147521704,0.8050772416404877,0,0.9999999999999999
CCE[CAR-DEA],10,0.7379134860050891,0.6565101565101565,0.20401854714064915,0.12452830188679245,0.5641025641025641,0.6499741706148194,0.7241392866392866,0.1523184239162907,0.2510822510822511,0.4358974358974359,0.5641025641025641,0.7489177489177489,0.5235749147521704,0.8050772416404877,0,1.0
CCE[CAR-DEA],15,0.7516539440203562,0.6638153513153513,0.2129032258064516,0.1312127236580517,0.5641025641025641,0.6562836130120732,0.7258019758019758,0.1528749865999831,0.23647186147186147,0.4358974358974359,0.5641025641025641,0.7635281385281385,0.5327356008186337,0.8144810670507391,0,0.9647612498315774
CCE[CAR-DEA],15,0.7516539440203562,0.6638153513153513,0.2129032258064516,0.1312127236580517,0.5641025641025641,0.6562836130120732,0.7258019758019758,0.1528749865999831,0.23647186147186147,0.4358974358974359,0.5641025641025641,0.7635281385281385,0.5327356008186337,0.8144810670507391,0,0.9999997456623516
CCE[CAR-DEA],15,0.7516539440203562,0.6638153513153513,0.2129032258064516,0.1312127236580517,0.5641025641025641,0.6562836130120732,0.7258019758019758,0.1528749865999831,0.23647186147186147,0.4358974358974359,0.5641025641025641,0.7635281385281385,0.5327356008186337,0.8144810670507391,0,0.9999999999999999
CCE[CAR-DEA],15,0.7516539440203562,0.6638153513153513,0.2129032258064516,0.1312127236580517,0.5641025641025641,0.6562836130120732,0.7258019758019758,0.1528749865999831,0.23647186147186147,0.4358974358974359,0.5641025641025641,0.7635281385281385,0.5327356008186337,0.8144810670507391,0,1.0
CCE[CAR-DEA],20,0.7567430025445293,0.6585150960150961,0.21122112211221122,0.130879345603272,0.5470085470085471,0.6490057173927063,0.7265419765419765,0.13523985002899677,0.22997835497835498,0.452991452991453,0.5470085470085471,0.770021645021645,0.5337092373497277,0.8177941877192653,0,0.9647612498315774
CCE[CAR-DEA],20,0.7567430025445293,0.6585150960150961,0.21122112211221122,0.130879345603272,0.5470085470085471,0.6490057173927063,0.7265419765419765,0.13523985002899677,0.22997835497835498,0.452991452991453,0.5470085470085471,0.770021645021645,0.5337092373497277,0.8177941877192653,0,0.9999997456623516
CCE[CAR-DEA],20,0.7567430025445293,0.6585150960150961,0.21122112211221122,0.130879345603272,0.5470085470085471,0.6490057173927063,0.7265419765419765,0.13523985002899677,0.22997835497835498,0.452991452991453,0.5470085470085471,0.770021645021645,0.5337092373497277,0.8177941877192653,0,0.9999999999999999
CCE[CAR-DEA],20,0.7567430025445293,0.6585150960150961,0.21122112211221122,0.130879345603272,0.5470085470085471,0.6490057173927063,0.7265419765419765,0.13523985002899677,0.22997835497835498,0.452991452991453,0.5470085470085471,0.770021645021645,0.5337092373497277,0.8177941877192653,0,1.0
CCE[FDH],5,0.9185750636132316,0.5243922743922744,0.10112359550561797,0.14754098360655737,0.07692307692307693,0.2734201432933842,0.7185985310985311,0.13939616844579475,0.02813852813852814,0.9230769230769231,0.07692307692307693,0.9718614718614719,0.5292398361323399,0.906374295432521,0,0.6980860465843151
CCE[FDH],5,0.9185750636132316,0.5243922743922744,0.10112359550561797,0.14754098360655737,0.07692307692307693,0.2734201432933842,0.7185985310985311,0.13939616844579475,0.02813852813852814,0.9230769230769231,0.07692307692307693,0.9718614718614719,0.5292398361323399,0.906374295432521,0,1.0
CCE[FDH],5,0.9185750636132316,0.5243922743922744,0.10112359550561797,0.14754098360655737,0.07692307692307693,0.2734201432933842,0.7185985310985311,0.13939616844579475,0.02813852813852814,0.9230769230769231,0.07692307692307693,0.9718614718614719,0.5292398361323399,0.906374295432521,0,0.9999999999999999
CCE[FDH],5,0.9185750636132316,0.5243922743922744,0.10112359550561797,0.14754098360655737,0.07692307692307693,0.2734201432933842,0.7185985310985311,0.13939616844579475,0.02813852813852814,0.9230769230769231,0.07692307692307693,0.9718614718614719,0.5292398361323399,0.906374295432521,0,1.0
CCE[FDH],10,0.7745547073791349,0.6679847929847931,0.22416812609457093,0.14096916299559473,0.5470085470085471,0.6569386817416307,0.7206450956450956,0.1302613935880202,0.21103896103896103,0.452991452991453,0.5470085470085471,0.788961038961039,0.5461418183315963,0.8297736052335254,0,0.6980860465843151
CCE[FDH],10,0.7745547073791349,0.6679847929847931,0.22416812609457093,0.14096916299559473,0.5470085470085471,0.6569386817416307,0.7206450956450956,0.1302613935880202,0.21103896103896103,0.452991452991453,0.5470085470085471,0.788961038961039,0.5461418183315963,0.8297736052335254,0,1.0
CCE[FDH],10,0.7745547073791349,0.6679847929847931,0.22416812609457093,0.14096916299559473,0.5470085470085471,0.6569386817416307,0.7206450956450956,0.1302613935880202,0.21103896103896103,0.452991452991453,0.5470085470085471,0.788961038961039,0.5461418183315963,0.8297736052335254,0,0.9999999999999999
CCE[FDH],10,0.7745547073791349,0.6679847929847931,0.22416812609457093,0.14096916299559473,0.5470085470085471,0.6569386817416307,0.7206450956450956,0.1302613935880202,0.21103896103896103,0.452991452991453,0.5470085470085471,0.788961038961039,0.5461418183315963,0.8297736052335254,0,1.0
CCE[FDH],15,0.8452926208651399,0.601516539016539,0.2,0.1444866920152091,0.3247863247863248,0.5340810193617962,0.7232767232767232,0.13497332174294763,0.12175324675324675,0.6752136752136753,0.3247863247863248,0.8782467532467533,0.5571830985915494,0.8718314159767767,0,0.6980860465843151
CCE[FDH],15,0.8452926208651399,0.601516539016539,0.2,0.1444866920152091,0.3247863247863248,0.5340810193617962,0.7232767232767232,0.13497332174294763,0.12175324675324675,0.6752136752136753,0.3247863247863248,0.8782467532467533,0.5571830985915494,0.8718314159767767,0,1.0
CCE[FDH],15,0.8452926208651399,0.601516539016539,0.2,0.1444866920152091,0.3247863247863248,0.5340810193617962,0.7232767232767232,0.13497332174294763,0.12175324675324675,0.6752136752136753,0.3247863247863248,0.8782467532467533,0.5571830985915494,0.8718314159767767,0,0.9999999999999999
CCE[FDH],15,0.8452926208651399,0.601516539016539,0.2,0.1444866920152091,0.3247863247863248,0.5340810193617962,0.7232767232767232,0.13497332174294763,0.12175324675324675,0.6752136752136753,0.3247863247863248,0.8782467532467533,0.5571830985915494,0.8718314159767767,0,1.0
CCE[FDH],20,0.8544529262086514,0.5743631368631368,0.17341040462427745,0.13100436681222707,0.2564102564102564,0.4783293622588715,0.7237160987160987,0.13569819849960388,0.10768398268398269,0.7435897435897436,0.2564102564102564,0.8923160173160173,0.5468056487407101,0.8757355050081631,0,0.6980860465843151
CCE[FDH],20,0.8544529262086514,0.5743631368631368,0.17341040462427745,0.13100436681222707,0.2564102564102564,0.4783293622588715,0.7237160987160987,0.13569819849960388,0.10768398268398269,0.7435897435897436,0.2564102564102564,0.8923160173160173,0.5468056487407101,0.8757355050081631,0,1.0
CCE[FDH],20,0.8544529262086514,0.5743631368631368,0.17341040462427745,0.13100436681222707,0.2564102564102564,0.4783293622588715,0.7237160987160987,0.13569819849960388,0.10768398268398269,0.7435897435897436,0.2564102564102564,0.8923160173160173,0.5468056487407101,0.8757355050081631,0,0.9999999999999999
CCE[FDH],20,0.8544529262086514,0.5743631368631368,0.17341040462427745,0.13100436681222707,0.2564102564102564,0.4783293622588715,0.7237160987160987,0.13569819849960388,0.10768398268398269,0.7435897435897436,0.2564102564102564,0.8923160173160173,0.5468056487407101,0.8757355050081631,0,1.0
CCE[DEA],5,0.7816793893129771,0.6317432567432568,0.2011173184357542,0.12857142857142856,0.46153846153846156,0.6083829962530759,0.7189037814037813,0.13863538432933864,0.19805194805194806,0.5384615384615384,0.46153846153846156,0.801948051948052,0.5373402684132794,0.8335244548820306,0,0.9015861196570749
CCE[DEA],5,0.7816793893129771,0.6317432567432568,0.2011173184357542,0.12857142857142856,0.46153846153846156,0.6083829962530759,0.7189037814037813,0.13863538432933864,0.19805194805194806,0.5384615384615384,0.46153846153846156,0.801948051948052,0.5373402684132794,0.8335244548820306,0,1.0
CCE[DEA],5,0.7816793893129771,0.6317432567432568,0.2011173184357542,0.12857142857142856,0.46153846153846156,0.6083829962530759,0.7189037814037813,0.13863538432933864,0.19805194805194806,0.5384615384615384,0.46153846153846156,0.801948051948052,0.5373402684132794,0.8335244548820306,0,0.9098526395022254
CCE[DEA],5,0.7816793893129771,0.6317432567432568,0.2011173184357542,0.12857142857142856,0.46153846153846156,0.6083829962530759,0.7189037814037813,0.13863538432933864,0.19805194805194806,0.5384615384615384,0.46153846153846156,0.801948051948052,0.5373402684132794,0.8335244548820306,0,0.9999999999999999
CCE[DEA],10,0.8320610687022901,0.6305083805083805,0.22169811320754718,0.15309446254071662,0.4017094017094017,0.5875302929993016,0.7231240981240983,0.14002858507177773,0.1406926406926407,0.5982905982905983,0.4017094017094017,0.8593073593073594,0.5637868774822676,0.8651383537975557,0,0.9015861196570749
CCE[DEA],10,0.8320610687022901,0.6305083805083805,0.22169811320754718,0.15309446254071662,0.4017094017094017,0.5875302929993016,0.7231240981240983,0.14002858507177773,0.1406926406926407,0.5982905982905983,0.4017094017094017,0.8593073593073594,0.5637868774822676,0.8651383537975557,0,1.0
CCE[DEA],10,0.8320610687022901,0.6305083805083805,0.22169811320754718,0.15309446254071662,0.4017094017094017,0.5875302929993016,0.7231240981240983,0.14002858507177773,0.1406926406926407,0.5982905982905983,0.4017094017094017,0.8593073593073594,0.5637868774822676,0.8651383537975557,0,0.9098526395022254
CCE[DEA],10,0.8320610687022901,0.6305083805083805,0.22169811320754718,0.15309446254071662,0.4017094017094017,0.5875302929993016,0.7231240981240983,0.14002858507177773,0.1406926406926407,0.5982905982905983,0.4017094017094017,0.8593073593073594,0.5637868774822676,0.8651383537975557,0,0.9999999999999999
CCE[DEA],15,0.8839694656488549,0.5620351870351871,0.1678832116788321,0.1464968152866242,0.19658119658119658,0.42699757883029305,0.7231564731564732,0.14099900373874996,0.07251082251082251,0.8034188034188035,0.19658119658119658,0.9274891774891775,0.5527599865833985,0.8918041073771923,0,0.9015861196570749
CCE[DEA],15,0.8839694656488549,0.5620351870351871,0.1678832116788321,0.1464968152866242,0.19658119658119658,0.42699757883029305,0.7231564731564732,0.14099900373874996,0.07251082251082251,0.8034188034188035,0.19658119658119658,0.9274891774891775,0.5527599865833985,0.8918041073771923,0,1.0
CCE[DEA],15,0.8839694656488549,0.5620351870351871,0.1678832116788321,0.1464968152866242,0.19658119658119658,0.42699757883029305,0.7231564731564732,0.14099900373874996,0.07251082251082251,0.8034188034188035,0.19658119658119658,0.9274891774891775,0.5527599865833985,0.8918041073771923,0,0.9098526395022254
CCE[DEA],15,0.8839694656488549,0.5620351870351871,0.1678832116788321,0.1464968152866242,0.19658119658119658,0.42699757883029305,0.7231564731564732,0.14099900373874996,0.07251082251082251,0.8034188034188035,0.19658119658119658,0.9274891774891775,0.5527599865833985,0.8918041073771923,0,0.9999999999999999
CCE[DEA],20,0.8956743002544529,0.5482434232434232,0.14937759336099585,0.14516129032258066,0.15384615384615385,0.3808170755384336,0.7237253487253488,0.1371885913484684,0.05735930735930736,0.8461538461538461,0.15384615384615385,0.9426406926406926,0.5469034890090422,0.8970904230379319,0,0.9015861196570749
CCE[DEA],20,0.8956743002544529,0.5482434232434232,0.14937759336099585,0.14516129032258066,0.15384615384615385,0.3808170755384336,0.7237253487253488,0.1371885913484684,0.05735930735930736,0.8461538461538461,0.15384615384615385,0.9426406926406926,0.5469034890090422,0.8970904230379319,0,1.0
CCE[DEA],20,0.8956743002544529,0.5482434232434232,0.14937759336099585,0.14516129032258066,0.15384615384615385,0.3808170755384336,0.7237253487253488,0.1371885913484684,0.05735930735930736,0.8461538461538461,0.15384615384615385,0.9426406926406926,0.5469034890090422,0.8970904230379319,0,0.9098526395022254
CCE[DEA],20,0.8956743002544529,0.5482434232434232,0.14937759336099585,0.14516129032258066,0.15384615384615385,0.3808170755384336,0.7237253487253488,0.1371885913484684,0.05735930735930736,0.8461538461538461,0.15384615384615385,0.9426406926406926,0.5469034890090422,0.8970904230379319,0,0.9999999999999999
CCE[CAR-FDH],5,0.7521628498727735,0.6921065046065047,0.23064770932069512,0.14147286821705427,0.6239316239316239,0.6887405893103726,0.753424815924816,0.16109631982207706,0.23971861471861472,0.37606837606837606,0.6239316239316239,0.7602813852813853,0.5414688349454553,0.8152761471370378,1,1.0
CCE[CAR-FDH],5,0.7521628498727735,0.6921065046065047,0.23064770932069512,0.14147286821705427,0.6239316239316239,0.6887405893103726,0.753424815924816,0.16109631982207706,0.23971861471861472,0.37606837606837606,0.6239316239316239,0.7602813852813853,0.5414688349454553,0.8152761471370378,1,0.9470202063973181
CCE[CAR-FDH],5,0.7521628498727735,0.6921065046065047,0.23064770932069512,0.14147286821705427,0.6239316239316239,0.6887405893103726,0.753424815924816,0.16109631982207706,0.23971861471861472,0.37606837606837606,0.6239316239316239,0.7602813852813853,0.5414688349454553,0.8152761471370378,1,0.999999875235153
CCE[CAR-FDH],5,0.7521628498727735,0.6921065046065047,0.23064770932069512,0.14147286821705427,0.6239316239316239,0.6887405893103726,0.753424815924816,0.16109631982207706,0.23971861471861472,0.37606837606837606,0.6239316239316239,0.7602813852813853,0.5414688349454553,0.8152761471370378,1,0.9637582555153958
CCE[CAR-FDH],10,0.7587786259541984,0.6916208791208791,0.23300970873786409,0.1437125748502994,0.6153846153846154,0.687406337276194,0.7517713767713768,0.16341857342608782,0.23214285714285715,0.38461538461538464,0.6153846153846154,0.7678571428571429,0.5449468833544393,0.8197373409937735,1,1.0
CCE[CAR-FDH],10,0.7587786259541984,0.6916208791208791,0.23300970873786409,0.1437125748502994,0.6153846153846154,0.687406337276194,0.7517713767713768,0.16341857342608782,0.23214285714285715,0.38461538461538464,0.6153846153846154,0.7678571428571429,0.5449468833544393,0.8197373409937735,1,0.9470202063973181
CCE[CAR-FDH],10,0.7587786259541984,0.6916208791208791,0.23300970873786409,0.1437125748502994,0.6153846153846154,0.687406337276194,0.7517713767713768,0.16341857342608782,0.23214285714285715,0.38461538461538464,0.6153846153846154,0.7678571428571429,0.5449468833544393,0.8197373409937735,1,0.999999875235153
CCE[CAR-FDH],10,0.7587786259541984,0.6916208791208791,0.23300970873786409,0.1437125748502994,0.6153846153846154,0.687406337276194,0.7517713767713768,0.16341857342608782,0.23214285714285715,0.38461538461538464,0.6153846153846154,0.7678571428571429,0.5449468833544393,0.8197373409937735,1,0.9637582555153958
CCE[CAR-FDH],15,0.7603053435114504,0.704441391941392,0.24154589371980675,0.1488095238095238,0.6410256410256411,0.7015811551175796,0.7524836274836275,0.16575689664651205,0.23214285714285715,0.358974358974359,0.6410256410256411,0.7678571428571429,0.5496034092352434,0.8209762129793762,1,1.0
CCE[CAR-FDH],15,0.7603053435114504,0.704441391941392,0.24154589371980675,0.1488095238095238,0.6410256410256411,0.7015811551175796,0.7524836274836275,0.16575689664651205,0.23214285714285715,0.358974358974359,0.6410256410256411,0.7678571428571429,0.5496034092352434,0.8209762129793762,1,0.9470202063973181
CCE[CAR-FDH],15,0.7603053435114504,0.704441391941392,0.24154589371980675,0.1488095238095238,0.6410256410256411,0.7015811551175796,0.7524836274836275,0.16575689664651205,0.23214285714285715,0.358974358974359,0.6410256410256411,0.7678571428571429,0.5496034092352434,0.8209762129793762,1,0.999999875235153
CCE[CAR-FDH],15,0.7603053435114504,0.704441391941392,0.24154589371980675,0.1488095238095238,0.6410256410256411,0.7015811551175796,0.7524836274836275,0.16575689664651205,0.23214285714285715,0.358974358974359,0.6410256410256411,0.7678571428571429,0.5496034092352434,0.8209762129793762,1,0.9637582555153958
CCE[CAR-FDH],20,0.761323155216285,0.6969766344766345,0.23739837398373984,0.1465863453815261,0.6239316239316239,0.6931384100169716,0.7523402523402524,0.16339278361017437,0.22997835497835498,0.37606837606837606,0.6239316239316239,0.770021645021645,0.547960122135158,0.8215389445525142,1,1.0
CCE[CAR-FDH],20,0.761323155216285,0.6969766344766345,0.23739837398373984,0.1465863453815261,0.6239316239316239,0.6931384100169716,0.7523402523402524,0.16339278361017437,0.22997835497835498,0.37606837606837606,0.6239316239316239,0.770021645021645,0.547960122135158,0.8215389445525142,1,0.9470202063973181
CCE[CAR-FDH],20,0.761323155216285,0.6969766344766345,0.23739837398373984,0.1465863453815261,0.6239316239316239,0.6931384100169716,0.7523402523402524,0.16339278361017437,0.22997835497835498,0.37606837606837606,0.6239316239316239,0.770021645021645,0.547960122135158,0.8215389445525142,1,0.999999875235153
CCE[CAR-FDH],20,0.761323155216285,0.6969766344766345,0.23739837398373984,0.1465863453815261,0.6239316239316239,0.6931384100169716,0.7523402523402524,0.16339278361017437,0.22997835497835498,0.37606837606837606,0.6239316239316239,0.770021645021645,0.547960122135158,0.8215389445525142,1,0.9637582555153958
CCE[CAR-DEA],5,0.7435114503816794,0.683503996003996,0.2222222222222222,0.13559322033898305,0.6153846153846154,0.6801010678843715,0.7517297517297518,0.15930161188571282,0.2483766233766234,0.38461538461538464,0.6153846153846154,0.7516233766233766,0.5343286613853342,0.8092682268771136,1,0.9333330515290035
CCE[CAR-DEA],5,0.7435114503816794,0.683503996003996,0.2222222222222222,0.13559322033898305,0.6153846153846154,0.6801010678843715,0.7517297517297518,0.15930161188571282,0.2483766233766234,0.38461538461538464,0.6153846153846154,0.7516233766233766,0.5343286613853342,0.8092682268771136,1,0.9404194176080708
CCE[CAR-DEA],5,0.7435114503816794,0.683503996003996,0.2222222222222222,0.13559322033898305,0.6153846153846154,0.6801010678843715,0.7517297517297518,0.15930161188571282,0.2483766233766234,0.38461538461538464,0.6153846153846154,0.7516233766233766,0.5343286613853342,0.8092682268771136,1,1.0
CCE[CAR-DEA],5,0.7435114503816794,0.683503996003996,0.2222222222222222,0.13559322033898305,0.6153846153846154,0.6801010678843715,0.7517297517297518,0.15930161188571282,0.2483766233766234,0.38461538461538464,0.6153846153846154,0.7516233766233766,0.5343286613853342,0.8092682268771136,1,1.0
CCE[CAR-DEA],10,0.7547073791348601,0.689456376956377,0.23003194888178913,0.14145383104125736,0.6153846153846154,0.6854658779716681,0.752923002923003,0.16610169885610757,0.23647186147186147,0.38461538461538464,0.6153846153846154,0.7635281385281385,0.5420740858210398,0.8169570064530209,1,0.9333330515290035
CCE[CAR-DEA],10,0.7547073791348601,0.689456376956377,0.23003194888178913,0.14145383104125736,0.6153846153846154,0.6854658779716681,0.752923002923003,0.16610169885610757,0.23647186147186147,0.38461538461538464,0.6153846153846154,0.7635281385281385,0.5420740858210398,0.8169570064530209,1,0.9404194176080708
CCE[CAR-DEA],10,0.7547073791348601,0.689456376956377,0.23003194888178913,0.14145383104125736,0.6153846153846154,0.6854658779716681,0.752923002923003,0.16610169885610757,0.23647186147186147,0.38461538461538464,0.6153846153846154,0.7635281385281385,0.5420740858210398,0.8169570064530209,1,1.0
CCE[CAR-DEA],10,0.7547073791348601,0.689456376956377,0.23003194888178913,0.14145383104125736,0.6153846153846154,0.6854658779716681,0.752923002923003,0.16610169885610757,0.23647186147186147,0.38461538461538464,0.6153846153846154,0.7635281385281385,0.5420740858210398,0.8169570064530209,1,1.0
CCE[CAR-DEA],15,0.7669211195928753,0.707958707958708,0.24671052631578946,0.15274949083503056,0.6410256410256411,0.7047875543208015,0.7531080031080031,0.16173537387891515,0.22510822510822512,0.358974358974359,0.6410256410256411,0.7748917748917749,0.554420886276498,0.8254878751273816,1,0.9333330515290035
CCE[CAR-DEA],15,0.7669211195928753,0.707958707958708,0.24671052631578946,0.15274949083503056,0.6410256410256411,0.7047875543208015,0.7531080031080031,0.16173537387891515,0.22510822510822512,0.358974358974359,0.6410256410256411,0.7748917748917749,0.554420886276498,0.8254878751273816,1,0.9404194176080708
CCE[CAR-DEA],15,0.7669211195928753,0.707958707958708,0.24671052631578946,0.15274949083503056,0.6410256410256411,0.7047875543208015,0.7531080031080031,0.16173537387891515,0.22510822510822512,0.358974358974359,0.6410256410256411,0.7748917748917749,0.554420886276498,0.8254878751273816,1,1.0
CCE[CAR-DEA],15,0.7669211195928753,0.707958707958708,0.24671052631578946,0.15274949083503056,0.6410256410256411,0.7047875543208015,0.7531080031080031,0.16173537387891515,0.22510822510822512,0.358974358974359,0.6410256410256411,0.7748917748917749,0.554420886276498,0.8254878751273816,1,1.0
CCE[CAR-DEA],20,0.7735368956743003,0.6914613164613165,0.23931623931623933,0.14957264957264957,0.5982905982905983,0.6851554345095494,0.7531820031820031,0.1645040394777528,0.21536796536796537,0.4017094017094017,0.5982905982905983,0.7846320346320347,0.5531409298225441,0.8295941304670296,1,0.9333330515290035
CCE[CAR-DEA],20,0.7735368956743003,0.6914613164613165,0.23931623931623933,0.14957264957264957,0.5982905982905983,0.6851554345095494,0.7531820031820031,0.1645040394777528,0.21536796536796537,0.4017094017094017,0.5982905982905983,0.7846320346320347,0.5531409298225441,0.8295941304670296,1,0.9404194176080708
CCE[CAR-DEA],20,0.7735368956743003,0.6914613164613165,0.23931623931623933,0.14957264957264957,0.5982905982905983,0.6851554345095494,0.7531820031820031,0.1645040394777528,0.21536796536796537,0.4017094017094017,0.5982905982905983,0.7846320346320347,0.5531409298225441,0.8295941304670296,1,1.0
CCE[CAR-DEA],20,0.7735368956743003,0.6914613164613165,0.23931623931623933,0.14957264957264957,0.5982905982905983,0.6851554345095494,0.7531820031820031,0.1645040394777528,0.21536796536796537,0.4017094017094017,0.5982905982905983,0.7846320346320347,0.5531409298225441,0.8295941304670296,1,1.0
CCE[FDH],5,0.9287531806615776,0.5378094128094129,0.13580246913580246,0.24444444444444444,0.09401709401709402,0.3037883182206687,0.737417674917675,0.16050391682734172,0.0183982683982684,0.905982905982906,0.09401709401709402,0.9816017316017316,0.5493237398757569,0.9136012562375182,1,0.6318631405687096
CCE[FDH],5,0.9287531806615776,0.5378094128094129,0.13580246913580246,0.24444444444444444,0.09401709401709402,0.3037883182206687,0.737417674917675,0.16050391682734172,0.0183982683982684,0.905982905982906,0.09401709401709402,0.9816017316017316,0.5493237398757569,0.9136012562375182,1,0.6362563607513483
CCE[FDH],5,0.9287531806615776,0.5378094128094129,0.13580246913580246,0.24444444444444444,0.09401709401709402,0.3037883182206687,0.737417674917675,0.16050391682734172,0.0183982683982684,0.905982905982906,0.09401709401709402,0.9816017316017316,0.5493237398757569,0.9136012562375182,1,0.8910576011810432
CCE[FDH],5,0.9287531806615776,0.5378094128094129,0.13580246913580246,0.24444444444444444,0.09401709401709402,0.3037883182206687,0.737417674917675,0.16050391682734172,0.0183982683982684,0.905982905982906,0.09401709401709402,0.9816017316017316,0.5493237398757569,0.9136012562375182,1,0.8988698767852488
CCE[FDH],10,0.9272264631043257,0.541000666000666,0.1437125748502994,0.24,0.10256410256410256,0.3169465261761051,0.7446072446072447,0.15723706340087779,0.020562770562770564,0.8974358974358975,0.10256410256410256,0.9794372294372294,0.552855490188902,0.9132760430902358,1,0.6318631405687096
CCE[FDH],10,0.9272264631043257,0.541000666000666,0.1437125748502994,0.24,0.10256410256410256,0.3169465261761051,0.7446072446072447,0.15723706340087779,0.020562770562770564,0.8974358974358975,0.10256410256410256,0.9794372294372294,0.552855490188902,0.9132760430902358,1,0.6362563607513483
CCE[FDH],10,0.9272264631043257,0.541000666000666,0.1437125748502994,0.24,0.10256410256410256,0.3169465261761051,0.7446072446072447,0.15723706340087779,0.020562770562770564,0.8974358974358975,0.10256410256410256,0.9794372294372294,0.552855490188902,0.9132760430902358,1,0.8910576011810432
CCE[FDH],10,0.9272264631043257,0.541000666000666,0.1437125748502994,0.24,0.10256410256410256,0.3169465261761051,0.7446072446072447,0.15723706340087779,0.020562770562770564,0.8974358974358975,0.10256410256410256,0.9794372294372294,0.552855490188902,0.9132760430902358,1,0.8988698767852488
CCE[FDH],15,0.9256997455470738,0.5521978021978022,0.17045454545454544,0.2542372881355932,0.1282051282051282,0.35376916930765057,0.7457126207126208,0.1588719576412116,0.023809523809523808,0.8717948717948718,0.1282051282051282,0.9761904761904762,0.5657813483799099,0.9140310663767577,1,0.6318631405687096
CCE[FDH],15,0.9256997455470738,0.5521978021978022,0.17045454545454544,0.2542372881355932,0.1282051282051282,0.35376916930765057,0.7457126207126208,0.1588719576412116,0.023809523809523808,0.8717948717948718,0.1282051282051282,0.9761904761904762,0.5657813483799099,0.9140310663767577,1,0.6362563607513483
CCE[FDH],15,0.9256997455470738,0.5521978021978022,0.17045454545454544,0.2542372881355932,0.1282051282051282,0.35376916930765057,0.7457126207126208,0.1588719576412116,0.023809523809523808,0.8717948717948718,0.1282051282051282,0.9761904761904762,0.5657813483799099,0.9140310663767577,1,0.8910576011810432
CCE[FDH],15,0.9256997455470738,0.5521978021978022,0.17045454545454544,0.2542372881355932,0.1282051282051282,0.35376916930765057,0.7457126207126208,0.1588719576412116,0.023809523809523808,0.8717948717948718,0.1282051282051282,0.9761904761904762,0.5657813483799099,0.9140310663767577,1,0.8988698767852488
CCE[FDH],20,0.9104325699745547,0.5560897435897436,0.16981132075471697,0.18947368421052632,0.15384615384615385,0.38397382389415224,0.7512626262626263,0.16071425983871043,0.041666666666666664,0.8461538461538461,0.15384615384615385,0.9583333333333334,0.561237021324104,0.9060501957188161,1,0.6318631405687096
CCE[FDH],20,0.9104325699745547,0.5560897435897436,0.16981132075471697,0.18947368421052632,0.15384615384615385,0.38397382389415224,0.7512626262626263,0.16071425983871043,0.041666666666666664,0.8461538461538461,0.15384615384615385,0.9583333333333334,0.561237021324104,0.9060501957188161,1,0.6362563607513483
CCE[FDH],20,0.9104325699745547,0.5560897435897436,0.16981132075471697,0.18947368421052632,0.15384615384615385,0.38397382389415224,0.7512626262626263,0.16071425983871043,0.041666666666666664,0.8461538461538461,0.15384615384615385,0.9583333333333334,0.561237021324104,0.9060501957188161,1,0.8910576011810432
CCE[FDH],20,0.9104325699745547,0.5560897435897436,0.16981132075471697,0.18947368421052632,0.15384615384615385,0.38397382389415224,0.7512626262626263,0.16071425983871043,0.041666666666666664,0.8461538461538461,0.15384615384615385,0.9583333333333334,0.561237021324104,0.9060501957188161,1,0.8988698767852488
CCE[DEA],5,0.9251908396946565,0.5439213564213564,0.15028901734104047,0.23214285714285715,0.1111111111111111,0.3294324415198563,0.745976245976246,0.15780454215804282,0.023268398268398268,0.8888888888888888,0.1111111111111111,0.9767316017316018,0.5555810271693225,0.9126092556745419,1,0.8748875017197171
CCE[DEA],5,0.9251908396946565,0.5439213564213564,0.15028901734104047,0.23214285714285715,0.1111111111111111,0.3294324415198563,0.745976245976246,0.15780454215804282,0.023268398268398268,0.8888888888888888,0.1111111111111111,0.9767316017316018,0.5555810271693225,0.9126092556745419,1,1.0
CCE[DEA],5,0.9251908396946565,0.5439213564213564,0.15028901734104047,0.23214285714285715,0.1111111111111111,0.3294324415198563,0.745976245976246,0.15780454215804282,0.023268398268398268,0.8888888888888888,0.1111111111111111,0.9767316017316018,0.5555810271693225,0.9126092556745419,1,0.8886894842675751
CCE[DEA],5,0.9251908396946565,0.5439213564213564,0.15028901734104047,0.23214285714285715,0.1111111111111111,0.3294324415198563,0.745976245976246,0.15780454215804282,0.023268398268398268,0.8888888888888888,0.1111111111111111,0.9767316017316018,0.5555810271693225,0.9126092556745419,1,0.8873048279527933
CCE[DEA],10,0.8819338422391858,0.600982350982351,0.2214765100671141,0.18232044198895028,0.28205128205128205,0.5093748712517722,0.7543197543197544,0.16055297613948244,0.08008658008658008,0.717948717948718,0.28205128205128205,0.9199134199134199,0.5787999290423675,0.8935718569030108,1,0.8748875017197171
CCE[DEA],10,0.8819338422391858,0.600982350982351,0.2214765100671141,0.18232044198895028,0.28205128205128205,0.5093748712517722,0.7543197543197544,0.16055297613948244,0.08008658008658008,0.717948717948718,0.28205128205128205,0.9199134199134199,0.5787999290423675,0.8935718569030108,1,1.0
CCE[DEA],10,0.8819338422391858,0.600982350982351,0.2214765100671141,0.18232044198895028,0.28205128205128205,0.5093748712517722,0.7543197543197544,0.16055297613948244,0.08008658008658008,0.717948717948718,0.28205128205128205,0.9199134199134199,0.5787999290423675,0.8935718569030108,1,0.8886894842675751
CCE[DEA],10,0.8819338422391858,0.600982350982351,0.2214765100671141,0.18232044198895028,0.28205128205128205,0.5093748712517722,0.7543197543197544,0.16055297613948244,0.08008658008658008,0.717948717948718,0.28205128205128205,0.9199134199134199,0.5787999290423675,0.8935718569030108,1,0.8873048279527933
CCE[DEA],15,0.9083969465648855,0.551004551004551,0.1588785046728972,0.17525773195876287,0.1452991452991453,0.37283929381053577,0.7522847522847523,0.15912764111187003,0.04329004329004329,0.8547008547008547,0.1452991452991453,0.9567099567099567,0.5552196613784292,0.9043629398808597,1,0.8748875017197171
CCE[DEA],15,0.9083969465648855,0.551004551004551,0.1588785046728972,0.17525773195876287,0.1452991452991453,0.37283929381053577,0.7522847522847523,0.15912764111187003,0.04329004329004329,0.8547008547008547,0.1452991452991453,0.9567099567099567,0.5552196613784292,0.9043629398808597,1,1.0
CCE[DEA],15,0.9083969465648855,0.551004551004551,0.1588785046728972,0.17525773195876287,0.1452991452991453,0.37283929381053577,0.7522847522847523,0.15912764111187003,0.04329004329004329,0.8547008547008547,0.1452991452991453,0.9567099567099567,0.5552196613784292,0.9043629398808597,1,0.8886894842675751
CCE[DEA],15,0.9083969465648855,0.551004551004551,0.1588785046728972,0.17525773195876287,0.1452991452991453,0.37283929381053577,0.7522847522847523,0.15912764111187003,0.04329004329004329,0.8547008547008547,0.1452991452991453,0.9567099567099567,0.5552196613784292,0.9043629398808597,1,0.8873048279527933
CCE[DEA],20,0.9221374045801527,0.5503038628038628,0.16393442622950818,0.22727272727272727,0.1282051282051282,0.35308214294551865,0.7503607503607503,0.15879873694443253,0.027597402597402596,0.8717948717948718,0.1282051282051282,0.9724025974025974,0.5615508800483009,0.9118175882214969,1,0.8748875017197171
CCE[DEA],20,0.9221374045801527,0.5503038628038628,0.16393442622950818,0.22727272727272727,0.1282051282051282,0.35308214294551865,0.7503607503607503,0.15879873694443253,0.027597402597402596,0.8717948717948718,0.1282051282051282,0.9724025974025974,0.5615508800483009,0.9118175882214969,1,1.0
CCE[DEA],20,0.9221374045801527,0.5503038628038628,0.16393442622950818,0.22727272727272727,0.1282051282051282,0.35308214294551865,0.7503607503607503,0.15879873694443253,0.027597402597402596,0.8717948717948718,0.1282051282051282,0.9724025974025974,0.5615508800483009,0.9118175882214969,1,0.8886894842675751
CCE[DEA],20,0.9221374045801527,0.5503038628038628,0.16393442622950818,0.22727272727272727,0.1282051282051282,0.35308214294551865,0.7503607503607503,0.15879873694443253,0.027597402597402596,0.8717948717948718,0.1282051282051282,0.9724025974025974,0.5615508800483009,0.9118175882214969,1,0.8873048279527933
CCE[CAR-FDH],5,0.7888040712468194,0.6635517260517261,0.2271880819366853,0.14523809523809525,0.5213675213675214,0.648139294507396,0.7581423206423206,0.17098491795755816,0.19426406926406928,0.47863247863247865,0.5213675213675214,0.8057359307359307,0.5524387211923333,0.8389572232541789,2,1.0
CCE[CAR-FDH],5,0.7888040712468194,0.6635517260517261,0.2271880819366853,0.14523809523809525,0.5213675213675214,0.648139294507396,0.7581423206423206,0.17098491795755816,0.19426406926406928,0.47863247863247865,0.5213675213675214,0.8057359307359307,0.5524387211923333,0.8389572232541789,2,0.895455823888966
CCE[CAR-FDH],5,0.7888040712468194,0.6635517260517261,0.2271880819366853,0.14523809523809525,0.5213675213675214,0.648139294507396,0.7581423206423206,0.17098491795755816,0.19426406926406928,0.47863247863247865,0.5213675213675214,0.8057359307359307,0.5524387211923333,0.8389572232541789,2,1.0
CCE[CAR-FDH],5,0.7888040712468194,0.6635517260517261,0.2271880819366853,0.14523809523809525,0.5213675213675214,0.648139294507396,0.7581423206423206,0.17098491795755816,0.19426406926406928,0.47863247863247865,0.5213675213675214,0.8057359307359307,0.5524387211923333,0.8389572232541789,2,1.0
CCE[CAR-FDH],10,0.8966921119592876,0.5928169053169053,0.2222222222222222,0.2013888888888889,0.24786324786324787,0.4821191319983656,0.7598396973396974,0.16201742788067294,0.06222943722943723,0.7521367521367521,0.24786324786324787,0.9377705627705628,0.5834468974289089,0.9016555044430435,2,1.0
CCE[CAR-FDH],10,0.8966921119592876,0.5928169053169053,0.2222222222222222,0.2013888888888889,0.24786324786324787,0.4821191319983656,0.7598396973396974,0.16201742788067294,0.06222943722943723,0.7521367521367521,0.24786324786324787,0.9377705627705628,0.5834468974289089,0.9016555044430435,2,0.895455823888966
CCE[CAR-FDH],10,0.8966921119592876,0.5928169053169053,0.2222222222222222,0.2013888888888889,0.24786324786324787,0.4821191319983656,0.7598396973396974,0.16201742788067294,0.06222943722943723,0.7521367521367521,0.24786324786324787,0.9377705627705628,0.5834468974289089,0.9016555044430435,2,1.0
CCE[CAR-FDH],10,0.8966921119592876,0.5928169053169053,0.2222222222222222,0.2013888888888889,0.24786324786324787,0.4821191319983656,0.7598396973396974,0.16201742788067294,0.06222943722943723,0.7521367521367521,0.24786324786324787,0.9377705627705628,0.5834468974289089,0.9016555044430435,2,1.0
CCE[CAR-FDH],15,0.878880407124682,0.6353854478854479,0.2608695652173913,0.2048780487804878,0.358974358974359,0.5721115077601371,0.7651353276353277,0.1664830731273491,0.0882034632034632,0.6410256410256411,0.358974358974359,0.9117965367965368,0.5974525209678975,0.8939538422931524,2,1.0
CCE[CAR-FDH],15,0.878880407124682,0.6353854478854479,0.2608695652173913,0.2048780487804878,0.358974358974359,0.5721115077601371,0.7651353276353277,0.1664830731273491,0.0882034632034632,0.6410256410256411,0.358974358974359,0.9117965367965368,0.5974525209678975,0.8939538422931524,2,0.895455823888966
CCE[CAR-FDH],15,0.878880407124682,0.6353854478854479,0.2608695652173913,0.2048780487804878,0.358974358974359,0.5721115077601371,0.7651353276353277,0.1664830731273491,0.0882034632034632,0.6410256410256411,0.358974358974359,0.9117965367965368,0.5974525209678975,0.8939538422931524,2,1.0
CCE[CAR-FDH],15,0.878880407124682,0.6353854478854479,0.2608695652173913,0.2048780487804878,0.358974358974359,0.5721115077601371,0.7651353276353277,0.1664830731273491,0.0882034632034632,0.6410256410256411,0.358974358974359,0.9117965367965368,0.5974525209678975,0.8939538422931524,2,1.0
CCE[CAR-FDH],20,0.8819338422391858,0.625,0.25161290322580643,0.20207253886010362,0.3333333333333333,0.5527707983925666,0.7657458282458283,0.1670665946139817,0.08333333333333333,0.6666666666666666,0.3333333333333333,0.9166666666666666,0.5937622527178756,0.8951670995223396,2,1.0
CCE[CAR-FDH],20,0.8819338422391858,0.625,0.25161290322580643,0.20207253886010362,0.3333333333333333,0.5527707983925666,0.7657458282458283,0.1670665946139817,0.08333333333333333,0.6666666666666666,0.3333333333333333,0.9166666666666666,0.5937622527178756,0.8951670995223396,2,0.895455823888966
CCE[CAR-FDH],20,0.8819338422391858,0.625,0.25161290322580643,0.20207253886010362,0.3333333333333333,0.5527707983925666,0.7657458282458283,0.1670665946139817,0.08333333333333333,0.6666666666666666,0.3333333333333333,0.9166666666666666,0.5937622527178756,0.8951670995223396,2,1.0
CCE[CAR-FDH],20,0.8819338422391858,0.625,0.25161290322580643,0.20207253886010362,0.3333333333333333,0.5527707983925666,0.7657458282458283,0.1670665946139817,0.08333333333333333,0.6666666666666666,0.3333333333333333,0.9166666666666666,0.5937622527178756,0.8951670995223396,2,1.0
CCE[CAR-DEA],5,0.7083969465648855,0.696858696858697,0.21828103683492497,0.12987012987012986,0.6837606837606838,0.6967355922015793,0.7606629481629483,0.1757455089429544,0.29004329004329005,0.3162393162393162,0.6837606837606838,0.70995670995671,0.5195252541071717,0.7848961142080668,2,1.0
CCE[CAR-DEA],5,0.7083969465648855,0.696858696858697,0.21828103683492497,0.12987012987012986,0.6837606837606838,0.6967355922015793,0.7606629481629483,0.1757455089429544,0.29004329004329005,0.3162393162393162,0.6837606837606838,0.70995670995671,0.5195252541071717,0.7848961142080668,2,1.0
CCE[CAR-DEA],5,0.7083969465648855,0.696858696858697,0.21828103683492497,0.12987012987012986,0.6837606837606838,0.6967355922015793,0.7606629481629483,0.1757455089429544,0.29004329004329005,0.3162393162393162,0.6837606837606838,0.70995670995671,0.5195252541071717,0.7848961142080668,2,1.0
CCE[CAR-DEA],5,0.7083969465648855,0.696858696858697,0.21828103683492497,0.12987012987012986,0.6837606837606838,0.6967355922015793,0.7606629481629483,0.1757455089429544,0.29004329004329005,0.3162393162393162,0.6837606837606838,0.70995670995671,0.5195252541071717,0.7848961142080668,2,0.9777629122454814
CCE[CAR-DEA],10,0.7430025445292621,0.6952422577422578,0.22900763358778625,0.13940520446096655,0.6410256410256411,0.6931250647771696,0.7710692085692085,0.18687759444632118,0.25054112554112556,0.358974358974359,0.6410256410256411,0.7494588744588745,0.5374045801526718,0.8090763941495251,2,1.0
CCE[CAR-DEA],10,0.7430025445292621,0.6952422577422578,0.22900763358778625,0.13940520446096655,0.6410256410256411,0.6931250647771696,0.7710692085692085,0.18687759444632118,0.25054112554112556,0.358974358974359,0.6410256410256411,0.7494588744588745,0.5374045801526718,0.8090763941495251,2,1.0
CCE[CAR-DEA],10,0.7430025445292621,0.6952422577422578,0.22900763358778625,0.13940520446096655,0.6410256410256411,0.6931250647771696,0.7710692085692085,0.18687759444632118,0.25054112554112556,0.358974358974359,0.6410256410256411,0.7494588744588745,0.5374045801526718,0.8090763941495251,2,1.0
CCE[CAR-DEA],10,0.7430025445292621,0.6952422577422578,0.22900763358778625,0.13940520446096655,0.6410256410256411,0.6931250647771696,0.7710692085692085,0.18687759444632118,0.25054112554112556,0.358974358974359,0.6410256410256411,0.7494588744588745,0.5374045801526718,0.8090763941495251,2,0.9777629122454814
CCE[CAR-DEA],15,0.751145038167939,0.6955683205683205,0.23233908948194662,0.1423076923076923,0.6324786324786325,0.6927012197441115,0.7687474562474563,0.18167510709675014,0.24134199134199133,0.36752136752136755,0.6324786324786325,0.7586580086580087,0.5419211390318934,0.8146369292461214,2,1.0
CCE[CAR-DEA],15,0.751145038167939,0.6955683205683205,0.23233908948194662,0.1423076923076923,0.6324786324786325,0.6927012197441115,0.7687474562474563,0.18167510709675014,0.24134199134199133,0.36752136752136755,0.6324786324786325,0.7586580086580087,0.5419211390318934,0.8146369292461214,2,1.0
CCE[CAR-DEA],15,0.751145038167939,0.6955683205683205,0.23233908948194662,0.1423076923076923,0.6324786324786325,0.6927012197441115,0.7687474562474563,0.18167510709675014,0.24134199134199133,0.36752136752136755,0.6324786324786325,0.7586580086580087,0.5419211390318934,0.8146369292461214,2,1.0
CCE[CAR-DEA],15,0.751145038167939,0.6955683205683205,0.23233908948194662,0.1423076923076923,0.6324786324786325,0.6927012197441115,0.7687474562474563,0.18167510709675014,0.24134199134199133,0.36752136752136755,0.6324786324786325,0.7586580086580087,0.5419211390318934,0.8146369292461214,2,0.9777629122454814
CCE[CAR-DEA],20,0.7531806615776081,0.6886446886446886,0.2289348171701113,0.140625,0.6153846153846154,0.6847367880174606,0.768553206053206,0.17718469756488958,0.23809523809523808,0.38461538461538464,0.6153846153846154,0.7619047619047619,0.5410048214902359,0.8159122909447579,2,1.0
CCE[CAR-DEA],20,0.7531806615776081,0.6886446886446886,0.2289348171701113,0.140625,0.6153846153846154,0.6847367880174606,0.768553206053206,0.17718469756488958,0.23809523809523808,0.38461538461538464,0.6153846153846154,0.7619047619047619,0.5410048214902359,0.8159122909447579,2,1.0
CCE[CAR-DEA],20,0.7531806615776081,0.6886446886446886,0.2289348171701113,0.140625,0.6153846153846154,0.6847367880174606,0.768553206053206,0.17718469756488958,0.23809523809523808,0.38461538461538464,0.6153846153846154,0.7619047619047619,0.5410048214902359,0.8159122909447579,2,1.0
CCE[CAR-DEA],20,0.7531806615776081,0.6886446886446886,0.2289348171701113,0.140625,0.6153846153846154,0.6847367880174606,0.768553206053206,0.17718469756488958,0.23809523809523808,0.38461538461538464,0.6153846153846154,0.7619047619047619,0.5410048214902359,0.8159122909447579,2,0.9777629122454814
CCE[FDH],5,0.9236641221374046,0.5351037851037851,0.12790697674418605,0.2,0.09401709401709402,0.3029498172611956,0.7416726791726791,0.15425393630840925,0.023809523809523808,0.905982905982906,0.09401709401709402,0.9761904761904762,0.5439960642103048,0.9105356114896186,2,0.7237059527513052
CCE[FDH],5,0.9236641221374046,0.5351037851037851,0.12790697674418605,0.2,0.09401709401709402,0.3029498172611956,0.7416726791726791,0.15425393630840925,0.023809523809523808,0.905982905982906,0.09401709401709402,0.9761904761904762,0.5439960642103048,0.9105356114896186,2,1.0
CCE[FDH],5,0.9236641221374046,0.5351037851037851,0.12790697674418605,0.2,0.09401709401709402,0.3029498172611956,0.7416726791726791,0.15425393630840925,0.023809523809523808,0.905982905982906,0.09401709401709402,0.9761904761904762,0.5439960642103048,0.9105356114896186,2,1.0
CCE[FDH],5,0.9236641221374046,0.5351037851037851,0.12790697674418605,0.2,0.09401709401709402,0.3029498172611956,0.7416726791726791,0.15425393630840925,0.023809523809523808,0.905982905982906,0.09401709401709402,0.9761904761904762,0.5439960642103048,0.9105356114896186,2,0.7787965734771158
CCE[FDH],10,0.9033078880407125,0.5683136308136307,0.18803418803418803,0.18803418803418803,0.18803418803418803,0.4223362740375593,0.7686734561734562,0.16517467373177244,0.05140692640692641,0.811965811965812,0.18803418803418803,0.9485930735930735,0.5683136308136307,0.9033078880407125,2,0.7237059527513052
CCE[FDH],10,0.9033078880407125,0.5683136308136307,0.18803418803418803,0.18803418803418803,0.18803418803418803,0.4223362740375593,0.7686734561734562,0.16517467373177244,0.05140692640692641,0.811965811965812,0.18803418803418803,0.9485930735930735,0.5683136308136307,0.9033078880407125,2,1.0
CCE[FDH],10,0.9033078880407125,0.5683136308136307,0.18803418803418803,0.18803418803418803,0.18803418803418803,0.4223362740375593,0.7686734561734562,0.16517467373177244,0.05140692640692641,0.811965811965812,0.18803418803418803,0.9485930735930735,0.5683136308136307,0.9033078880407125,2,1.0
CCE[FDH],10,0.9033078880407125,0.5683136308136307,0.18803418803418803,0.18803418803418803,0.18803418803418803,0.4223362740375593,0.7686734561734562,0.16517467373177244,0.05140692640692641,0.811965811965812,0.18803418803418803,0.9485930735930735,0.5683136308136307,0.9033078880407125,2,0.7787965734771158
CCE[FDH],15,0.916030534351145,0.5510600510600511,0.16243654822335024,0.2,0.13675213675213677,0.363340242769958,0.769496706996707,0.16679115446267828,0.03463203463203463,0.8632478632478633,0.13675213675213677,0.9653679653679653,0.5591180865949326,0.9085612127634867,2,0.7237059527513052
CCE[FDH],15,0.916030534351145,0.5510600510600511,0.16243654822335024,0.2,0.13675213675213677,0.363340242769958,0.769496706996707,0.16679115446267828,0.03463203463203463,0.8632478632478633,0.13675213675213677,0.9653679653679653,0.5591180865949326,0.9085612127634867,2,1.0
CCE[FDH],15,0.916030534351145,0.5510600510600511,0.16243654822335024,0.2,0.13675213675213677,0.363340242769958,0.769496706996707,0.16679115446267828,0.03463203463203463,0.8632478632478633,0.13675213675213677,0.9653679653679653,0.5591180865949326,0.9085612127634867,2,1.0
CCE[FDH],15,0.916030534351145,0.5510600510600511,0.16243654822335024,0.2,0.13675213675213677,0.363340242769958,0.769496706996707,0.16679115446267828,0.03463203463203463,0.8632478632478633,0.13675213675213677,0.9653679653679653,0.5591180865949326,0.9085612127634867,2,0.7787965734771158
CCE[FDH],20,0.9129770992366413,0.5574425574425574,0.17391304347826086,0.2,0.15384615384615385,0.38451547153807464,0.7642334517334517,0.1644670913000633,0.03896103896103896,0.8461538461538461,0.15384615384615385,0.961038961038961,0.5639911712153594,0.9076172470997956,2,0.7237059527513052
CCE[FDH],20,0.9129770992366413,0.5574425574425574,0.17391304347826086,0.2,0.15384615384615385,0.38451547153807464,0.7642334517334517,0.1644670913000633,0.03896103896103896,0.8461538461538461,0.15384615384615385,0.961038961038961,0.5639911712153594,0.9076172470997956,2,1.0
CCE[FDH],20,0.9129770992366413,0.5574425574425574,0.17391304347826086,0.2,0.15384615384615385,0.38451547153807464,0.7642334517334517,0.1644670913000633,0.03896103896103896,0.8461538461538461,0.15384615384615385,0.961038961038961,0.5639911712153594,0.9076172470997956,2,1.0
CCE[FDH],20,0.9129770992366413,0.5574425574425574,0.17391304347826086,0.2,0.15384615384615385,0.38451547153807464,0.7642334517334517,0.1644670913000633,0.03896103896103896,0.8461538461538461,0.15384615384615385,0.961038961038961,0.5639911712153594,0.9076172470997956,2,0.7787965734771158
CCE[DEA],5,0.833587786259542,0.6553377178377179,0.24480369515011546,0.16772151898734178,0.452991452991453,0.6233165435984461,0.7666615791615792,0.17286320778810432,0.1423160173160173,0.5470085470085471,0.452991452991453,0.8576839826839827,0.5756474866943029,0.8670930862683427,2,1.0
CCE[DEA],5,0.833587786259542,0.6553377178377179,0.24480369515011546,0.16772151898734178,0.452991452991453,0.6233165435984461,0.7666615791615792,0.17286320778810432,0.1423160173160173,0.5470085470085471,0.452991452991453,0.8576839826839827,0.5756474866943029,0.8670930862683427,2,1.0
CCE[DEA],5,0.833587786259542,0.6553377178377179,0.24480369515011546,0.16772151898734178,0.452991452991453,0.6233165435984461,0.7666615791615792,0.17286320778810432,0.1423160173160173,0.5470085470085471,0.452991452991453,0.8576839826839827,0.5756474866943029,0.8670930862683427,2,0.8748853645853191
CCE[DEA],5,0.833587786259542,0.6553377178377179,0.24480369515011546,0.16772151898734178,0.452991452991453,0.6233165435984461,0.7666615791615792,0.17286320778810432,0.1423160173160173,0.5470085470085471,0.452991452991453,0.8576839826839827,0.5756474866943029,0.8670930862683427,2,0.7578634923271723
CCE[DEA],10,0.899236641221374,0.5861638361638362,0.21428571428571427,0.2,0.23076923076923078,0.4661359429208579,0.7678594553594553,0.16449450917554098,0.05844155844155844,0.7692307692307693,0.23076923076923078,0.9415584415584416,0.5802260545327429,0.9025887664755453,2,1.0
CCE[DEA],10,0.899236641221374,0.5861638361638362,0.21428571428571427,0.2,0.23076923076923078,0.4661359429208579,0.7678594553594553,0.16449450917554098,0.05844155844155844,0.7692307692307693,0.23076923076923078,0.9415584415584416,0.5802260545327429,0.9025887664755453,2,1.0
CCE[DEA],10,0.899236641221374,0.5861638361638362,0.21428571428571427,0.2,0.23076923076923078,0.4661359429208579,0.7678594553594553,0.16449450917554098,0.05844155844155844,0.7692307692307693,0.23076923076923078,0.9415584415584416,0.5802260545327429,0.9025887664755453,2,0.8748853645853191
CCE[DEA],10,0.899236641221374,0.5861638361638362,0.21428571428571427,0.2,0.23076923076923078,0.4661359429208579,0.7678594553594553,0.16449450917554098,0.05844155844155844,0.7692307692307693,0.23076923076923078,0.9415584415584416,0.5802260545327429,0.9025887664755453,2,0.7578634923271723
CCE[DEA],15,0.9012722646310433,0.5832431457431457,0.21138211382113822,0.20155038759689922,0.2222222222222222,0.4580790977947584,0.7640947015947016,0.16653305440164745,0.055735930735930736,0.7777777777777778,0.2222222222222222,0.9442640692640693,0.579360980906226,0.9035194638193491,2,1.0
CCE[DEA],15,0.9012722646310433,0.5832431457431457,0.21138211382113822,0.20155038759689922,0.2222222222222222,0.4580790977947584,0.7640947015947016,0.16653305440164745,0.055735930735930736,0.7777777777777778,0.2222222222222222,0.9442640692640693,0.579360980906226,0.9035194638193491,2,1.0
CCE[DEA],15,0.9012722646310433,0.5832431457431457,0.21138211382113822,0.20155038759689922,0.2222222222222222,0.4580790977947584,0.7640947015947016,0.16653305440164745,0.055735930735930736,0.7777777777777778,0.2222222222222222,0.9442640692640693,0.579360980906226,0.9035194638193491,2,0.8748853645853191
CCE[DEA],15,0.9012722646310433,0.5832431457431457,0.21138211382113822,0.20155038759689922,0.2222222222222222,0.4580790977947584,0.7640947015947016,0.16653305440164745,0.055735930735930736,0.7777777777777778,0.2222222222222222,0.9442640692640693,0.579360980906226,0.9035194638193491,2,0.7578634923271723
CCE[DEA],20,0.9201017811704835,0.5452186702186702,0.15135135135135136,0.20588235294117646,0.11965811965811966,0.3408249054303634,0.7622354497354498,0.16460542078708165,0.02922077922077922,0.8803418803418803,0.11965811965811966,0.9707792207792207,0.5547143939667305,0.9100433643317285,2,1.0
CCE[DEA],20,0.9201017811704835,0.5452186702186702,0.15135135135135136,0.20588235294117646,0.11965811965811966,0.3408249054303634,0.7622354497354498,0.16460542078708165,0.02922077922077922,0.8803418803418803,0.11965811965811966,0.9707792207792207,0.5547143939667305,0.9100433643317285,2,1.0
CCE[DEA],20,0.9201017811704835,0.5452186702186702,0.15135135135135136,0.20588235294117646,0.11965811965811966,0.3408249054303634,0.7622354497354498,0.16460542078708165,0.02922077922077922,0.8803418803418803,0.11965811965811966,0.9707792207792207,0.5547143939667305,0.9100433643317285,2,0.8748853645853191
CCE[DEA],20,0.9201017811704835,0.5452186702186702,0.15135135135135136,0.20588235294117646,0.11965811965811966,0.3408249054303634,0.7622354497354498,0.16460542078708165,0.02922077922077922,0.8803418803418803,0.11965811965811966,0.9707792207792207,0.5547143939667305,0.9100433643317285,2,0.7578634923271723
CCE[CAR-FDH],5,0.7811704834605598,0.6995226995226995,0.24825174825174826,0.15604395604395604,0.6068376068376068,0.6933552341631818,0.7621753246753247,0.1596804924360763,0.2077922077922078,0.39316239316239315,0.6068376068376068,0.7922077922077922,0.5600996680508294,0.8348114996906307,3,1.0
CCE[CAR-FDH],5,0.7811704834605598,0.6995226995226995,0.24825174825174826,0.15604395604395604,0.6068376068376068,0.6933552341631818,0.7621753246753247,0.1596804924360763,0.2077922077922078,0.39316239316239315,0.6068376068376068,0.7922077922077922,0.5600996680508294,0.8348114996906307,3,1.0
CCE[CAR-FDH],5,0.7811704834605598,0.6995226995226995,0.24825174825174826,0.15604395604395604,0.6068376068376068,0.6933552341631818,0.7621753246753247,0.1596804924360763,0.2077922077922078,0.39316239316239315,0.6068376068376068,0.7922077922077922,0.5600996680508294,0.8348114996906307,3,1.0
CCE[CAR-FDH],5,0.7811704834605598,0.6995226995226995,0.24825174825174826,0.15604395604395604,0.6068376068376068,0.6933552341631818,0.7621753246753247,0.1596804924360763,0.2077922077922078,0.39316239316239315,0.6068376068376068,0.7922077922077922,0.5600996680508294,0.8348114996906307,3,0.8802906360946751
CCE[CAR-FDH],10,0.8279898218829517,0.6763791763791764,0.25877192982456143,0.17404129793510326,0.5042735042735043,0.6541165246868694,0.7663517038517039,0.16573446413159537,0.15151515151515152,0.49572649572649574,0.5042735042735043,0.8484848484848485,0.5807388722237372,0.8643647130853014,3,1.0
CCE[CAR-FDH],10,0.8279898218829517,0.6763791763791764,0.25877192982456143,0.17404129793510326,0.5042735042735043,0.6541165246868694,0.7663517038517039,0.16573446413159537,0.15151515151515152,0.49572649572649574,0.5042735042735043,0.8484848484848485,0.5807388722237372,0.8643647130853014,3,1.0
CCE[CAR-FDH],10,0.8279898218829517,0.6763791763791764,0.25877192982456143,0.17404129793510326,0.5042735042735043,0.6541165246868694,0.7663517038517039,0.16573446413159537,0.15151515151515152,0.49572649572649574,0.5042735042735043,0.8484848484848485,0.5807388722237372,0.8643647130853014,3,1.0
CCE[CAR-FDH],10,0.8279898218829517,0.6763791763791764,0.25877192982456143,0.17404129793510326,0.5042735042735043,0.6541165246868694,0.7663517038517039,0.16573446413159537,0.15151515151515152,0.49572649572649574,0.5042735042735043,0.8484848484848485,0.5807388722237372,0.8643647130853014,3,0.8802906360946751
CCE[CAR-FDH],15,0.8178117048346056,0.69498556998557,0.26639344262295084,0.1752021563342318,0.5555555555555556,0.6808555012366527,0.7649040774040774,0.16308331576492893,0.16558441558441558,0.4444444444444444,0.5555555555555556,0.8344155844155844,0.5811920728512778,0.8585032326096668,3,1.0
CCE[CAR-FDH],15,0.8178117048346056,0.69498556998557,0.26639344262295084,0.1752021563342318,0.5555555555555556,0.6808555012366527,0.7649040774040774,0.16308331576492893,0.16558441558441558,0.4444444444444444,0.5555555555555556,0.8344155844155844,0.5811920728512778,0.8585032326096668,3,1.0
CCE[CAR-FDH],15,0.8178117048346056,0.69498556998557,0.26639344262295084,0.1752021563342318,0.5555555555555556,0.6808555012366527,0.7649040774040774,0.16308331576492893,0.16558441558441558,0.4444444444444444,0.5555555555555556,0.8344155844155844,0.5811920728512778,0.8585032326096668,3,1.0
CCE[CAR-FDH],15,0.8178117048346056,0.69498556998557,0.26639344262295084,0.1752021563342318,0.5555555555555556,0.6808555012366527,0.7649040774040774,0.16308331576492893,0.16558441558441558,0.4444444444444444,0.5555555555555556,0.8344155844155844,0.5811920728512778,0.8585032326096668,3,0.8802906360946751
CCE[CAR-FDH],20,0.8702290076335878,0.6267829392829393,0.2433234421364985,0.18636363636363637,0.3504273504273504,0.562569499248263,0.7652972027972028,0.1676724026432283,0.09686147186147186,0.6495726495726496,0.3504273504273504,0.9031385281385281,0.5861760544943556,0.8882004168309716,3,1.0
CCE[CAR-FDH],20,0.8702290076335878,0.6267829392829393,0.2433234421364985,0.18636363636363637,0.3504273504273504,0.562569499248263,0.7652972027972028,0.1676724026432283,0.09686147186147186,0.6495726495726496,0.3504273504273504,0.9031385281385281,0.5861760544943556,0.8882004168309716,3,1.0
CCE[CAR-FDH],20,0.8702290076335878,0.6267829392829393,0.2433234421364985,0.18636363636363637,0.3504273504273504,0.562569499248263,0.7652972027972028,0.1676724026432283,0.09686147186147186,0.6495726495726496,0.3504273504273504,0.9031385281385281,0.5861760544943556,0.8882004168309716,3,1.0
CCE[CAR-FDH],20,0.8702290076335878,0.6267829392829393,0.2433234421364985,0.18636363636363637,0.3504273504273504,0.562569499248263,0.7652972027972028,0.1676724026432283,0.09686147186147186,0.6495726495726496,0.3504273504273504,0.9031385281385281,0.5861760544943556,0.8882004168309716,3,0.8802906360946751
CCE[CAR-DEA],5,0.7343511450381679,0.7066544566544567,0.2323529411764706,0.14031971580817051,0.6752136752136753,0.705954671612844,0.7489894364894365,0.1461540283488694,0.2619047619047619,0.3247863247863248,0.6752136752136753,0.7380952380952381,0.535868778280543,0.8032407447065733,3,0.9999993117586436
CCE[CAR-DEA],5,0.7343511450381679,0.7066544566544567,0.2323529411764706,0.14031971580817051,0.6752136752136753,0.705954671612844,0.7489894364894365,0.1461540283488694,0.2619047619047619,0.3247863247863248,0.6752136752136753,0.7380952380952381,0.535868778280543,0.8032407447065733,3,0.9999997331618479
CCE[CAR-DEA],5,0.7343511450381679,0.7066544566544567,0.2323529411764706,0.14031971580817051,0.6752136752136753,0.705954671612844,0.7489894364894365,0.1461540283488694,0.2619047619047619,0.3247863247863248,0.6752136752136753,0.7380952380952381,0.535868778280543,0.8032407447065733,3,0.9743588176727478
CCE[CAR-DEA],5,0.7343511450381679,0.7066544566544567,0.2323529411764706,0.14031971580817051,0.6752136752136753,0.705954671612844,0.7489894364894365,0.1461540283488694,0.2619047619047619,0.3247863247863248,0.6752136752136753,0.7380952380952381,0.535868778280543,0.8032407447065733,3,1.0
CCE[CAR-DEA],10,0.751145038167939,0.7155830280830281,0.24420401854714066,0.1490566037735849,0.6752136752136753,0.7144434095359726,0.761513949013949,0.15675684441152266,0.24404761904761904,0.3247863247863248,0.6752136752136753,0.7559523809523809,0.547627443327789,0.8149180022566961,3,0.9999993117586436
CCE[CAR-DEA],10,0.751145038167939,0.7155830280830281,0.24420401854714066,0.1490566037735849,0.6752136752136753,0.7144434095359726,0.761513949013949,0.15675684441152266,0.24404761904761904,0.3247863247863248,0.6752136752136753,0.7559523809523809,0.547627443327789,0.8149180022566961,3,0.9999997331618479
CCE[CAR-DEA],10,0.751145038167939,0.7155830280830281,0.24420401854714066,0.1490566037735849,0.6752136752136753,0.7144434095359726,0.761513949013949,0.15675684441152266,0.24404761904761904,0.3247863247863248,0.6752136752136753,0.7559523809523809,0.547627443327789,0.8149180022566961,3,0.9743588176727478
CCE[CAR-DEA],10,0.751145038167939,0.7155830280830281,0.24420401854714066,0.1490566037735849,0.6752136752136753,0.7144434095359726,0.761513949013949,0.15675684441152266,0.24404761904761904,0.3247863247863248,0.6752136752136753,0.7559523809523809,0.547627443327789,0.8149180022566961,3,1.0
CCE[CAR-DEA],15,0.7531806615776081,0.7126623376623377,0.24336973478939158,0.14885496183206107,0.6666666666666666,0.7111764941081825,0.7633084508084509,0.15553178663523037,0.24134199134199133,0.3333333333333333,0.6666666666666666,0.7586580086580087,0.5479542501858177,0.8162676324510663,3,0.9999993117586436
CCE[CAR-DEA],15,0.7531806615776081,0.7126623376623377,0.24336973478939158,0.14885496183206107,0.6666666666666666,0.7111764941081825,0.7633084508084509,0.15553178663523037,0.24134199134199133,0.3333333333333333,0.6666666666666666,0.7586580086580087,0.5479542501858177,0.8162676324510663,3,0.9999997331618479
CCE[CAR-DEA],15,0.7531806615776081,0.7126623376623377,0.24336973478939158,0.14885496183206107,0.6666666666666666,0.7111764941081825,0.7633084508084509,0.15553178663523037,0.24134199134199133,0.3333333333333333,0.6666666666666666,0.7586580086580087,0.5479542501858177,0.8162676324510663,3,0.9743588176727478
CCE[CAR-DEA],15,0.7531806615776081,0.7126623376623377,0.24336973478939158,0.14885496183206107,0.6666666666666666,0.7111764941081825,0.7633084508084509,0.15553178663523037,0.24134199134199133,0.3333333333333333,0.6666666666666666,0.7586580086580087,0.5479542501858177,0.8162676324510663,3,1.0
CCE[CAR-DEA],20,0.7633587786259542,0.7220765345765345,0.2536115569823435,0.15612648221343872,0.6752136752136753,0.7205542271046602,0.7663378288378289,0.16403901614869973,0.23106060606060605,0.3247863247863248,0.6752136752136753,0.7689393939393939,0.5565003657303613,0.8233199728259435,3,0.9999993117586436
CCE[CAR-DEA],20,0.7633587786259542,0.7220765345765345,0.2536115569823435,0.15612648221343872,0.6752136752136753,0.7205542271046602,0.7663378288378289,0.16403901614869973,0.23106060606060605,0.3247863247863248,0.6752136752136753,0.7689393939393939,0.5565003657303613,0.8233199728259435,3,0.9999997331618479
CCE[CAR-DEA],20,0.7633587786259542,0.7220765345765345,0.2536115569823435,0.15612648221343872,0.6752136752136753,0.7205542271046602,0.7663378288378289,0.16403901614869973,0.23106060606060605,0.3247863247863248,0.6752136752136753,0.7689393939393939,0.5565003657303613,0.8233199728259435,3,0.9743588176727478
CCE[CAR-DEA],20,0.7633587786259542,0.7220765345765345,0.2536115569823435,0.15612648221343872,0.6752136752136753,0.7205542271046602,0.7663378288378289,0.16403901614869973,0.23106060606060605,0.3247863247863248,0.6752136752136753,0.7689393939393939,0.5565003657303613,0.8233199728259435,3,1.0
CCE[FDH],5,0.9338422391857506,0.5164973914973915,0.07142857142857142,0.21739130434782608,0.042735042735042736,0.2057153186293921,0.7463763088763089,0.161705065402362,0.00974025974025974,0.9572649572649573,0.042735042735042736,0.9902597402597403,0.5185638899359216,0.9124525598271293,3,0.5748121739112477
CCE[FDH],5,0.9338422391857506,0.5164973914973915,0.07142857142857142,0.21739130434782608,0.042735042735042736,0.2057153186293921,0.7463763088763089,0.161705065402362,0.00974025974025974,0.9572649572649573,0.042735042735042736,0.9902597402597403,0.5185638899359216,0.9124525598271293,3,1.0
CCE[FDH],5,0.9338422391857506,0.5164973914973915,0.07142857142857142,0.21739130434782608,0.042735042735042736,0.2057153186293921,0.7463763088763089,0.161705065402362,0.00974025974025974,0.9572649572649573,0.042735042735042736,0.9902597402597403,0.5185638899359216,0.9124525598271293,3,0.9363346632346923
CCE[FDH],5,0.9338422391857506,0.5164973914973915,0.07142857142857142,0.21739130434782608,0.042735042735042736,0.2057153186293921,0.7463763088763089,0.161705065402362,0.00974025974025974,0.9572649572649573,0.042735042735042736,0.9902597402597403,0.5185638899359216,0.9124525598271293,3,1.0
CCE[FDH],10,0.8488549618320611,0.671460483960484,0.2702702702702703,0.1896551724137931,0.4700854700854701,0.6405523283130624,0.7671333296333297,0.16260304374640855,0.12716450216450217,0.5299145299145299,0.4700854700854701,0.8728354978354979,0.5929835597732277,0.8772668697628558,3,0.5748121739112477
CCE[FDH],10,0.8488549618320611,0.671460483960484,0.2702702702702703,0.1896551724137931,0.4700854700854701,0.6405523283130624,0.7671333296333297,0.16260304374640855,0.12716450216450217,0.5299145299145299,0.4700854700854701,0.8728354978354979,0.5929835597732277,0.8772668697628558,3,1.0
CCE[FDH],10,0.8488549618320611,0.671460483960484,0.2702702702702703,0.1896551724137931,0.4700854700854701,0.6405523283130624,0.7671333296333297,0.16260304374640855,0.12716450216450217,0.5299145299145299,0.4700854700854701,0.8728354978354979,0.5929835597732277,0.8772668697628558,3,0.9363346632346923
CCE[FDH],10,0.8488549618320611,0.671460483960484,0.2702702702702703,0.1896551724137931,0.4700854700854701,0.6405523283130624,0.7671333296333297,0.16260304374640855,0.12716450216450217,0.5299145299145299,0.4700854700854701,0.8728354978354979,0.5929835597732277,0.8772668697628558,3,1.0
CCE[FDH],15,0.8595419847328244,0.6491217116217116,0.25806451612903225,0.18823529411764706,0.41025641025641024,0.6035746551192854,0.766434953934954,0.16503682624843416,0.11201298701298701,0.5897435897435898,0.41025641025641024,0.887987012987013,0.5902464233258989,0.882870790429093,3,0.5748121739112477
CCE[FDH],15,0.8595419847328244,0.6491217116217116,0.25806451612903225,0.18823529411764706,0.41025641025641024,0.6035746551192854,0.766434953934954,0.16503682624843416,0.11201298701298701,0.5897435897435898,0.41025641025641024,0.887987012987013,0.5902464233258989,0.882870790429093,3,1.0
CCE[FDH],15,0.8595419847328244,0.6491217116217116,0.25806451612903225,0.18823529411764706,0.41025641025641024,0.6035746551192854,0.766434953934954,0.16503682624843416,0.11201298701298701,0.5897435897435898,0.41025641025641024,0.887987012987013,0.5902464233258989,0.882870790429093,3,0.9363346632346923
CCE[FDH],15,0.8595419847328244,0.6491217116217116,0.25806451612903225,0.18823529411764706,0.41025641025641024,0.6035746551192854,0.766434953934954,0.16503682624843416,0.11201298701298701,0.5897435897435898,0.41025641025641024,0.887987012987013,0.5902464233258989,0.882870790429093,3,1.0
CCE[FDH],20,0.8844783715012723,0.6223498723498724,0.2508250825082508,0.20430107526881722,0.3247863247863248,0.546603420017931,0.7668095793095794,0.16577807283028553,0.08008658008658008,0.6752136752136753,0.3247863247863248,0.9199134199134199,0.5941194615739489,0.8965329832852587,3,0.5748121739112477
CCE[FDH],20,0.8844783715012723,0.6223498723498724,0.2508250825082508,0.20430107526881722,0.3247863247863248,0.546603420017931,0.7668095793095794,0.16577807283028553,0.08008658008658008,0.6752136752136753,0.3247863247863248,0.9199134199134199,0.5941194615739489,0.8965329832852587,3,1.0
CCE[FDH],20,0.8844783715012723,0.6223498723498724,0.2508250825082508,0.20430107526881722,0.3247863247863248,0.546603420017931,0.7668095793095794,0.16577807283028553,0.08008658008658008,0.6752136752136753,0.3247863247863248,0.9199134199134199,0.5941194615739489,0.8965329832852587,3,0.9363346632346923
CCE[FDH],20,0.8844783715012723,0.6223498723498724,0.2508250825082508,0.20430107526881722,0.3247863247863248,0.546603420017931,0.7668095793095794,0.16577807283028553,0.08008658008658008,0.6752136752136753,0.3247863247863248,0.9199134199134199,0.5941194615739489,0.8965329832852587,3,1.0
CCE[DEA],5,0.8188295165394402,0.6675061050061051,0.2457627118644068,0.16338028169014085,0.49572649572649574,0.6450241592810041,0.7657597032597032,0.16256053676668258,0.16071428571428573,0.5042735042735043,0.49572649572649574,0.8392857142857143,0.5714065149836782,0.8582713613956165,3,0.9830506834624162
CCE[DEA],5,0.8188295165394402,0.6675061050061051,0.2457627118644068,0.16338028169014085,0.49572649572649574,0.6450241592810041,0.7657597032597032,0.16256053676668258,0.16071428571428573,0.5042735042735043,0.49572649572649574,0.8392857142857143,0.5714065149836782,0.8582713613956165,3,0.7964914743539466
CCE[DEA],5,0.8188295165394402,0.6675061050061051,0.2457627118644068,0.16338028169014085,0.49572649572649574,0.6450241592810041,0.7657597032597032,0.16256053676668258,0.16071428571428573,0.5042735042735043,0.49572649572649574,0.8392857142857143,0.5714065149836782,0.8582713613956165,3,0.6916588731268636
CCE[DEA],5,0.8188295165394402,0.6675061050061051,0.2457627118644068,0.16338028169014085,0.49572649572649574,0.6450241592810041,0.7657597032597032,0.16256053676668258,0.16071428571428573,0.5042735042735043,0.49572649572649574,0.8392857142857143,0.5714065149836782,0.8582713613956165,3,0.682288480590616
CCE[DEA],10,0.9017811704834605,0.58751665001665,0.21862348178137653,0.2076923076923077,0.23076923076923078,0.46680519802921316,0.7662268287268288,0.17010999885725228,0.055735930735930736,0.7692307692307693,0.23076923076923078,0.9442640692640693,0.5831102746946524,0.9041925334900115,3,0.9830506834624162
CCE[DEA],10,0.9017811704834605,0.58751665001665,0.21862348178137653,0.2076923076923077,0.23076923076923078,0.46680519802921316,0.7662268287268288,0.17010999885725228,0.055735930735930736,0.7692307692307693,0.23076923076923078,0.9442640692640693,0.5831102746946524,0.9041925334900115,3,0.7964914743539466
CCE[DEA],10,0.9017811704834605,0.58751665001665,0.21862348178137653,0.2076923076923077,0.23076923076923078,0.46680519802921316,0.7662268287268288,0.17010999885725228,0.055735930735930736,0.7692307692307693,0.23076923076923078,0.9442640692640693,0.5831102746946524,0.9041925334900115,3,0.6916588731268636
CCE[DEA],10,0.9017811704834605,0.58751665001665,0.21862348178137653,0.2076923076923077,0.23076923076923078,0.46680519802921316,0.7662268287268288,0.17010999885725228,0.055735930735930736,0.7692307692307693,0.23076923076923078,0.9442640692640693,0.5831102746946524,0.9041925334900115,3,0.682288480590616
CCE[DEA],15,0.9083969465648855,0.559010434010434,0.1743119266055046,0.18811881188118812,0.1623931623931624,0.3939383266291885,0.7641964516964518,0.16641742970444126,0.044372294372294376,0.8376068376068376,0.1623931623931624,0.9556277056277056,0.5629102736475798,0.905232786996095,3,0.9830506834624162
CCE[DEA],15,0.9083969465648855,0.559010434010434,0.1743119266055046,0.18811881188118812,0.1623931623931624,0.3939383266291885,0.7641964516964518,0.16641742970444126,0.044372294372294376,0.8376068376068376,0.1623931623931624,0.9556277056277056,0.5629102736475798,0.905232786996095,3,0.7964914743539466
CCE[DEA],15,0.9083969465648855,0.559010434010434,0.1743119266055046,0.18811881188118812,0.1623931623931624,0.3939383266291885,0.7641964516964518,0.16641742970444126,0.044372294372294376,0.8376068376068376,0.1623931623931624,0.9556277056277056,0.5629102736475798,0.905232786996095,3,0.6916588731268636
CCE[DEA],15,0.9083969465648855,0.559010434010434,0.1743119266055046,0.18811881188118812,0.1623931623931624,0.3939383266291885,0.7641964516964518,0.16641742970444126,0.044372294372294376,0.8376068376068376,0.1623931623931624,0.9556277056277056,0.5629102736475798,0.905232786996095,3,0.682288480590616
CCE[DEA],20,0.9195928753180661,0.5529539904539904,0.16842105263157894,0.2191780821917808,0.13675213675213677,0.36405237608637103,0.763456450956451,0.16690047754025944,0.030844155844155844,0.8632478632478633,0.13675213675213677,0.9691558441558441,0.5630875316633831,0.9107555597570487,3,0.9830506834624162
CCE[DEA],20,0.9195928753180661,0.5529539904539904,0.16842105263157894,0.2191780821917808,0.13675213675213677,0.36405237608637103,0.763456450956451,0.16690047754025944,0.030844155844155844,0.8632478632478633,0.13675213675213677,0.9691558441558441,0.5630875316633831,0.9107555597570487,3,0.7964914743539466
CCE[DEA],20,0.9195928753180661,0.5529539904539904,0.16842105263157894,0.2191780821917808,0.13675213675213677,0.36405237608637103,0.763456450956451,0.16690047754025944,0.030844155844155844,0.8632478632478633,0.13675213675213677,0.9691558441558441,0.5630875316633831,0.9107555597570487,3,0.6916588731268636
CCE[DEA],20,0.9195928753180661,0.5529539904539904,0.16842105263157894,0.2191780821917808,0.13675213675213677,0.36405237608637103,0.763456450956451,0.16690047754025944,0.030844155844155844,0.8632478632478633,0.13675213675213677,0.9691558441558441,0.5630875316633831,0.9107555597570487,3,0.682288480590616
CCE[CAR-FDH],5,0.7180661577608143,0.6699758574758574,0.20630372492836677,0.12392426850258176,0.6153846153846154,0.6677480407215328,0.7271362896362896,0.1916157720017528,0.2754329004329004,0.38461538461538464,0.6153846153846154,0.7245670995670995,0.5174464169196289,0.791537002078344,4,0.9999995394352312
CCE[CAR-FDH],5,0.7180661577608143,0.6699758574758574,0.20630372492836677,0.12392426850258176,0.6153846153846154,0.6677480407215328,0.7271362896362896,0.1916157720017528,0.2754329004329004,0.38461538461538464,0.6153846153846154,0.7245670995670995,0.5174464169196289,0.791537002078344,4,0.9801305594089116
CCE[CAR-FDH],5,0.7180661577608143,0.6699758574758574,0.20630372492836677,0.12392426850258176,0.6153846153846154,0.6677480407215328,0.7271362896362896,0.1916157720017528,0.2754329004329004,0.38461538461538464,0.6153846153846154,0.7245670995670995,0.5174464169196289,0.791537002078344,4,0.9691330307698007
CCE[CAR-FDH],5,0.7180661577608143,0.6699758574758574,0.20630372492836677,0.12392426850258176,0.6153846153846154,0.6677480407215328,0.7271362896362896,0.1916157720017528,0.2754329004329004,0.38461538461538464,0.6153846153846154,0.7245670995670995,0.5174464169196289,0.791537002078344,4,0.9762219232871436
CCE[CAR-FDH],10,0.7368956743002545,0.6759837384837384,0.21547799696509864,0.13099630996309963,0.6068376068376068,0.672437972732673,0.7322769822769822,0.20143279186130747,0.25487012987012986,0.39316239316239315,0.6068376068376068,0.7451298701298701,0.5287111782440902,0.8046433089280263,4,0.9999995394352312
CCE[CAR-FDH],10,0.7368956743002545,0.6759837384837384,0.21547799696509864,0.13099630996309963,0.6068376068376068,0.672437972732673,0.7322769822769822,0.20143279186130747,0.25487012987012986,0.39316239316239315,0.6068376068376068,0.7451298701298701,0.5287111782440902,0.8046433089280263,4,0.9801305594089116
CCE[CAR-FDH],10,0.7368956743002545,0.6759837384837384,0.21547799696509864,0.13099630996309963,0.6068376068376068,0.672437972732673,0.7322769822769822,0.20143279186130747,0.25487012987012986,0.39316239316239315,0.6068376068376068,0.7451298701298701,0.5287111782440902,0.8046433089280263,4,0.9691330307698007
CCE[CAR-FDH],10,0.7368956743002545,0.6759837384837384,0.21547799696509864,0.13099630996309963,0.6068376068376068,0.672437972732673,0.7322769822769822,0.20143279186130747,0.25487012987012986,0.39316239316239315,0.6068376068376068,0.7451298701298701,0.5287111782440902,0.8046433089280263,4,0.9762219232871436
CCE[CAR-FDH],15,0.7450381679389313,0.6723068598068598,0.215962441314554,0.13218390804597702,0.5897435897435898,0.6672179705162475,0.7311484811484812,0.20325476262367123,0.24512987012987014,0.41025641025641024,0.5897435897435898,0.7548701298701299,0.5318645387976599,0.8101477605499532,4,0.9999995394352312
CCE[CAR-FDH],15,0.7450381679389313,0.6723068598068598,0.215962441314554,0.13218390804597702,0.5897435897435898,0.6672179705162475,0.7311484811484812,0.20325476262367123,0.24512987012987014,0.41025641025641024,0.5897435897435898,0.7548701298701299,0.5318645387976599,0.8101477605499532,4,0.9801305594089116
CCE[CAR-FDH],15,0.7450381679389313,0.6723068598068598,0.215962441314554,0.13218390804597702,0.5897435897435898,0.6672179705162475,0.7311484811484812,0.20325476262367123,0.24512987012987014,0.41025641025641024,0.5897435897435898,0.7548701298701299,0.5318645387976599,0.8101477605499532,4,0.9691330307698007
CCE[CAR-FDH],15,0.7450381679389313,0.6723068598068598,0.215962441314554,0.13218390804597702,0.5897435897435898,0.6672179705162475,0.7311484811484812,0.20325476262367123,0.24512987012987014,0.41025641025641024,0.5897435897435898,0.7548701298701299,0.5318645387976599,0.8101477605499532,4,0.9762219232871436
CCE[CAR-FDH],20,0.7419847328244275,0.6746864246864247,0.21638330757341576,0.1320754716981132,0.5982905982905983,0.6703472602804083,0.7314167314167315,0.2034579082466925,0.24891774891774893,0.4017094017094017,0.5982905982905983,0.7510822510822511,0.5309756927754377,0.8081051679839364,4,0.9999995394352312
CCE[CAR-FDH],20,0.7419847328244275,0.6746864246864247,0.21638330757341576,0.1320754716981132,0.5982905982905983,0.6703472602804083,0.7314167314167315,0.2034579082466925,0.24891774891774893,0.4017094017094017,0.5982905982905983,0.7510822510822511,0.5309756927754377,0.8081051679839364,4,0.9801305594089116
CCE[CAR-FDH],20,0.7419847328244275,0.6746864246864247,0.21638330757341576,0.1320754716981132,0.5982905982905983,0.6703472602804083,0.7314167314167315,0.2034579082466925,0.24891774891774893,0.4017094017094017,0.5982905982905983,0.7510822510822511,0.5309756927754377,0.8081051679839364,4,0.9691330307698007
CCE[CAR-FDH],20,0.7419847328244275,0.6746864246864247,0.21638330757341576,0.1320754716981132,0.5982905982905983,0.6703472602804083,0.7314167314167315,0.2034579082466925,0.24891774891774893,0.4017094017094017,0.5982905982905983,0.7510822510822511,0.5309756927754377,0.8081051679839364,4,0.9762219232871436
CCE[CAR-DEA],5,0.7256997455470738,0.6700313575313575,0.20851688693098386,0.12588652482269502,0.6068376068376068,0.6670446536391472,0.7321752321752322,0.1855893816223326,0.2667748917748918,0.39316239316239315,0.6068376068376068,0.7332251082251082,0.5213098438963938,0.7968541739254648,4,0.9782606425987721
CCE[CAR-DEA],5,0.7256997455470738,0.6700313575313575,0.20851688693098386,0.12588652482269502,0.6068376068376068,0.6670446536391472,0.7321752321752322,0.1855893816223326,0.2667748917748918,0.39316239316239315,0.6068376068376068,0.7332251082251082,0.5213098438963938,0.7968541739254648,4,1.0
CCE[CAR-DEA],5,0.7256997455470738,0.6700313575313575,0.20851688693098386,0.12588652482269502,0.6068376068376068,0.6670446536391472,0.7321752321752322,0.1855893816223326,0.2667748917748918,0.39316239316239315,0.6068376068376068,0.7332251082251082,0.5213098438963938,0.7968541739254648,4,0.9691330305385506
CCE[CAR-DEA],5,0.7256997455470738,0.6700313575313575,0.20851688693098386,0.12588652482269502,0.6068376068376068,0.6670446536391472,0.7321752321752322,0.1855893816223326,0.2667748917748918,0.39316239316239315,0.6068376068376068,0.7332251082251082,0.5213098438963938,0.7968541739254648,4,1.0
CCE[CAR-DEA],10,0.7343511450381679,0.6706279831279831,0.21148036253776434,0.12844036697247707,0.5982905982905983,0.6667152274466172,0.7329476079476079,0.19963413350322667,0.25703463203463206,0.4017094017094017,0.5982905982905983,0.7429653679653679,0.5258748201917708,0.8028299378503382,4,0.9782606425987721
CCE[CAR-DEA],10,0.7343511450381679,0.6706279831279831,0.21148036253776434,0.12844036697247707,0.5982905982905983,0.6667152274466172,0.7329476079476079,0.19963413350322667,0.25703463203463206,0.4017094017094017,0.5982905982905983,0.7429653679653679,0.5258748201917708,0.8028299378503382,4,1.0
CCE[CAR-DEA],10,0.7343511450381679,0.6706279831279831,0.21148036253776434,0.12844036697247707,0.5982905982905983,0.6667152274466172,0.7329476079476079,0.19963413350322667,0.25703463203463206,0.4017094017094017,0.5982905982905983,0.7429653679653679,0.5258748201917708,0.8028299378503382,4,0.9691330305385506
CCE[CAR-DEA],10,0.7343511450381679,0.6706279831279831,0.21148036253776434,0.12844036697247707,0.5982905982905983,0.6667152274466172,0.7329476079476079,0.19963413350322667,0.25703463203463206,0.4017094017094017,0.5982905982905983,0.7429653679653679,0.5258748201917708,0.8028299378503382,4,1.0
CCE[CAR-DEA],15,0.7450381679389313,0.6723068598068598,0.215962441314554,0.13218390804597702,0.5897435897435898,0.6672179705162475,0.7311253561253561,0.20295141318242704,0.24512987012987014,0.41025641025641024,0.5897435897435898,0.7548701298701299,0.5318645387976599,0.8101477605499532,4,0.9782606425987721
CCE[CAR-DEA],15,0.7450381679389313,0.6723068598068598,0.215962441314554,0.13218390804597702,0.5897435897435898,0.6672179705162475,0.7311253561253561,0.20295141318242704,0.24512987012987014,0.41025641025641024,0.5897435897435898,0.7548701298701299,0.5318645387976599,0.8101477605499532,4,1.0
CCE[CAR-DEA],15,0.7450381679389313,0.6723068598068598,0.215962441314554,0.13218390804597702,0.5897435897435898,0.6672179705162475,0.7311253561253561,0.20295141318242704,0.24512987012987014,0.41025641025641024,0.5897435897435898,0.7548701298701299,0.5318645387976599,0.8101477605499532,4,0.9691330305385506
CCE[CAR-DEA],15,0.7450381679389313,0.6723068598068598,0.215962441314554,0.13218390804597702,0.5897435897435898,0.6672179705162475,0.7311253561253561,0.20295141318242704,0.24512987012987014,0.41025641025641024,0.5897435897435898,0.7548701298701299,0.5318645387976599,0.8101477605499532,4,1.0
CCE[CAR-DEA],20,0.7414758269720102,0.6824217449217449,0.22085889570552147,0.13457943925233645,0.6153846153846154,0.6791210946550411,0.7328042328042329,0.2042373106605651,0.25054112554112556,0.38461538461538464,0.6153846153846154,0.7494588744588745,0.5329431757356161,0.807863220891898,4,0.9782606425987721
CCE[CAR-DEA],20,0.7414758269720102,0.6824217449217449,0.22085889570552147,0.13457943925233645,0.6153846153846154,0.6791210946550411,0.7328042328042329,0.2042373106605651,0.25054112554112556,0.38461538461538464,0.6153846153846154,0.7494588744588745,0.5329431757356161,0.807863220891898,4,1.0
CCE[CAR-DEA],20,0.7414758269720102,0.6824217449217449,0.22085889570552147,0.13457943925233645,0.6153846153846154,0.6791210946550411,0.7328042328042329,0.2042373106605651,0.25054112554112556,0.38461538461538464,0.6153846153846154,0.7494588744588745,0.5329431757356161,0.807863220891898,4,0.9691330305385506
CCE[CAR-DEA],20,0.7414758269720102,0.6824217449217449,0.22085889570552147,0.13457943925233645,0.6153846153846154,0.6791210946550411,0.7328042328042329,0.2042373106605651,0.25054112554112556,0.38461538461538464,0.6153846153846154,0.7494588744588745,0.5329431757356161,0.807863220891898,4,1.0
CCE[FDH],5,0.9246819338422392,0.5556596181596182,0.17777777777777778,0.25396825396825395,0.13675213675213677,0.3650672996505347,0.7385415510415511,0.19920475294608536,0.025432900432900432,0.8632478632478633,0.13675213675213677,0.9745670995670995,0.5691555555555555,0.913926513994911,4,0.9205138194889244
CCE[FDH],5,0.9246819338422392,0.5556596181596182,0.17777777777777778,0.25396825396825395,0.13675213675213677,0.3650672996505347,0.7385415510415511,0.19920475294608536,0.025432900432900432,0.8632478632478633,0.13675213675213677,0.9745670995670995,0.5691555555555555,0.913926513994911,4,1.0
CCE[FDH],5,0.9246819338422392,0.5556596181596182,0.17777777777777778,0.25396825396825395,0.13675213675213677,0.3650672996505347,0.7385415510415511,0.19920475294608536,0.025432900432900432,0.8632478632478633,0.13675213675213677,0.9745670995670995,0.5691555555555555,0.913926513994911,4,1.0
CCE[FDH],5,0.9246819338422392,0.5556596181596182,0.17777777777777778,0.25396825396825395,0.13675213675213677,0.3650672996505347,0.7385415510415511,0.19920475294608536,0.025432900432900432,0.8632478632478633,0.13675213675213677,0.9745670995670995,0.5691555555555555,0.913926513994911,4,1.0
CCE[FDH],10,0.8539440203562341,0.6341366966366967,0.23872679045092837,0.17307692307692307,0.38461538461538464,0.582982388128891,0.7294881044881045,0.20332233927477913,0.11634199134199134,0.6153846153846154,0.38461538461538464,0.8836580086580087,0.5789749910599702,0.878705085336943,4,0.9205138194889244
CCE[FDH],10,0.8539440203562341,0.6341366966366967,0.23872679045092837,0.17307692307692307,0.38461538461538464,0.582982388128891,0.7294881044881045,0.20332233927477913,0.11634199134199134,0.6153846153846154,0.38461538461538464,0.8836580086580087,0.5789749910599702,0.878705085336943,4,1.0
CCE[FDH],10,0.8539440203562341,0.6341366966366967,0.23872679045092837,0.17307692307692307,0.38461538461538464,0.582982388128891,0.7294881044881045,0.20332233927477913,0.11634199134199134,0.6153846153846154,0.38461538461538464,0.8836580086580087,0.5789749910599702,0.878705085336943,4,1.0
CCE[FDH],10,0.8539440203562341,0.6341366966366967,0.23872679045092837,0.17307692307692307,0.38461538461538464,0.582982388128891,0.7294881044881045,0.20332233927477913,0.11634199134199134,0.6153846153846154,0.38461538461538464,0.8836580086580087,0.5789749910599702,0.878705085336943,4,1.0
CCE[FDH],15,0.8834605597964377,0.6138028638028639,0.23920265780730898,0.1956521739130435,0.3076923076923077,0.5320247015414633,0.732818107818108,0.1989312395870531,0.08008658008658008,0.6923076923076923,0.3076923076923077,0.9199134199134199,0.5880499373357295,0.8953550980806129,4,0.9205138194889244
CCE[FDH],15,0.8834605597964377,0.6138028638028639,0.23920265780730898,0.1956521739130435,0.3076923076923077,0.5320247015414633,0.732818107818108,0.1989312395870531,0.08008658008658008,0.6923076923076923,0.3076923076923077,0.9199134199134199,0.5880499373357295,0.8953550980806129,4,1.0
CCE[FDH],15,0.8834605597964377,0.6138028638028639,0.23920265780730898,0.1956521739130435,0.3076923076923077,0.5320247015414633,0.732818107818108,0.1989312395870531,0.08008658008658008,0.6923076923076923,0.3076923076923077,0.9199134199134199,0.5880499373357295,0.8953550980806129,4,1.0
CCE[FDH],15,0.8834605597964377,0.6138028638028639,0.23920265780730898,0.1956521739130435,0.3076923076923077,0.5320247015414633,0.732818107818108,0.1989312395870531,0.08008658008658008,0.6923076923076923,0.3076923076923077,0.9199134199134199,0.5880499373357295,0.8953550980806129,4,1.0
CCE[FDH],20,0.8921119592875318,0.6143994893994894,0.24822695035460993,0.21212121212121213,0.29914529914529914,0.5273533237797294,0.7368233618233618,0.20124510242624696,0.07034632034632035,0.7008547008547008,0.29914529914529914,0.9296536796536796,0.5950564576334453,0.9005841304577018,4,0.9205138194889244
CCE[FDH],20,0.8921119592875318,0.6143994893994894,0.24822695035460993,0.21212121212121213,0.29914529914529914,0.5273533237797294,0.7368233618233618,0.20124510242624696,0.07034632034632035,0.7008547008547008,0.29914529914529914,0.9296536796536796,0.5950564576334453,0.9005841304577018,4,1.0
CCE[FDH],20,0.8921119592875318,0.6143994893994894,0.24822695035460993,0.21212121212121213,0.29914529914529914,0.5273533237797294,0.7368233618233618,0.20124510242624696,0.07034632034632035,0.7008547008547008,0.29914529914529914,0.9296536796536796,0.5950564576334453,0.9005841304577018,4,1.0
CCE[FDH],20,0.8921119592875318,0.6143994893994894,0.24822695035460993,0.21212121212121213,0.29914529914529914,0.5273533237797294,0.7368233618233618,0.20124510242624696,0.07034632034632035,0.7008547008547008,0.29914529914529914,0.9296536796536796,0.5950564576334453,0.9005841304577018,4,1.0
CCE[DEA],5,0.7460559796437659,0.6768509268509268,0.2190923317683881,0.13409961685823754,0.5982905982905983,0.6722763211325027,0.7276936026936027,0.1912827508788192,0.24458874458874458,0.4017094017094017,0.5982905982905983,0.7554112554112554,0.5337333430339966,0.8109056537214103,4,1.0
CCE[DEA],5,0.7460559796437659,0.6768509268509268,0.2190923317683881,0.13409961685823754,0.5982905982905983,0.6722763211325027,0.7276936026936027,0.1912827508788192,0.24458874458874458,0.4017094017094017,0.5982905982905983,0.7554112554112554,0.5337333430339966,0.8109056537214103,4,1.0
CCE[DEA],5,0.7460559796437659,0.6768509268509268,0.2190923317683881,0.13409961685823754,0.5982905982905983,0.6722763211325027,0.7276936026936027,0.1912827508788192,0.24458874458874458,0.4017094017094017,0.5982905982905983,0.7554112554112554,0.5337333430339966,0.8109056537214103,4,0.9999999999999999
CCE[DEA],5,0.7460559796437659,0.6768509268509268,0.2190923317683881,0.13409961685823754,0.5982905982905983,0.6722763211325027,0.7276936026936027,0.1912827508788192,0.24458874458874458,0.4017094017094017,0.5982905982905983,0.7554112554112554,0.5337333430339966,0.8109056537214103,4,0.9345061508208672
CCE[DEA],10,0.8407124681933842,0.6471167721167721,0.24213075060532688,0.16891891891891891,0.42735042735042733,0.6086566112865862,0.7374153624153624,0.2036352799406093,0.1331168831168831,0.5726495726495726,0.42735042735042733,0.8668831168831169,0.576567223468714,0.8711776736094383,4,1.0
CCE[DEA],10,0.8407124681933842,0.6471167721167721,0.24213075060532688,0.16891891891891891,0.42735042735042733,0.6086566112865862,0.7374153624153624,0.2036352799406093,0.1331168831168831,0.5726495726495726,0.42735042735042733,0.8668831168831169,0.576567223468714,0.8711776736094383,4,1.0
CCE[DEA],10,0.8407124681933842,0.6471167721167721,0.24213075060532688,0.16891891891891891,0.42735042735042733,0.6086566112865862,0.7374153624153624,0.2036352799406093,0.1331168831168831,0.5726495726495726,0.42735042735042733,0.8668831168831169,0.576567223468714,0.8711776736094383,4,0.9999999999999999
CCE[DEA],10,0.8407124681933842,0.6471167721167721,0.24213075060532688,0.16891891891891891,0.42735042735042733,0.6086566112865862,0.7374153624153624,0.2036352799406093,0.1331168831168831,0.5726495726495726,0.42735042735042733,0.8668831168831169,0.576567223468714,0.8711776736094383,4,0.9345061508208672
CCE[DEA],15,0.9007633587786259,0.5909784659784659,0.22310756972111553,0.208955223880597,0.23931623931623933,0.47496234123267667,0.7388444888444888,0.20198299019827579,0.05735930735930736,0.7606837606837606,0.23931623931623933,0.9426406926406926,0.5850520180761054,0.9038946847949286,4,1.0
CCE[DEA],15,0.9007633587786259,0.5909784659784659,0.22310756972111553,0.208955223880597,0.23931623931623933,0.47496234123267667,0.7388444888444888,0.20198299019827579,0.05735930735930736,0.7606837606837606,0.23931623931623933,0.9426406926406926,0.5850520180761054,0.9038946847949286,4,1.0
CCE[DEA],15,0.9007633587786259,0.5909784659784659,0.22310756972111553,0.208955223880597,0.23931623931623933,0.47496234123267667,0.7388444888444888,0.20198299019827579,0.05735930735930736,0.7606837606837606,0.23931623931623933,0.9426406926406926,0.5850520180761054,0.9038946847949286,4,0.9999999999999999
CCE[DEA],15,0.9007633587786259,0.5909784659784659,0.22310756972111553,0.208955223880597,0.23931623931623933,0.47496234123267667,0.7388444888444888,0.20198299019827579,0.05735930735930736,0.7606837606837606,0.23931623931623933,0.9426406926406926,0.5850520180761054,0.9038946847949286,4,0.9345061508208672
CCE[DEA],20,0.9221374045801527,0.5623126873126874,0.19047619047619047,0.25,0.15384615384615385,0.386459117308221,0.7380998630998631,0.19112230121515844,0.02922077922077922,0.8461538461538461,0.15384615384615385,0.9707792207792207,0.5747890174514072,0.91333634747385,4,1.0
CCE[DEA],20,0.9221374045801527,0.5623126873126874,0.19047619047619047,0.25,0.15384615384615385,0.386459117308221,0.7380998630998631,0.19112230121515844,0.02922077922077922,0.8461538461538461,0.15384615384615385,0.9707792207792207,0.5747890174514072,0.91333634747385,4,1.0
CCE[DEA],20,0.9221374045801527,0.5623126873126874,0.19047619047619047,0.25,0.15384615384615385,0.386459117308221,0.7380998630998631,0.19112230121515844,0.02922077922077922,0.8461538461538461,0.15384615384615385,0.9707792207792207,0.5747890174514072,0.91333634747385,4,0.9999999999999999
CCE[DEA],20,0.9221374045801527,0.5623126873126874,0.19047619047619047,0.25,0.15384615384615385,0.386459117308221,0.7380998630998631,0.19112230121515844,0.02922077922077922,0.8461538461538461,0.15384615384615385,0.9707792207792207,0.5747890174514072,0.91333634747385,4,0.9345061508208672
CCE[CAR-FDH],5,0.8142493638676844,0.6170357420357421,0.2013129102844639,0.13529411764705881,0.39316239316239315,0.5749902874082575,0.7057271432271432,0.15024791400963589,0.1590909090909091,0.6068376068376068,0.39316239316239315,0.8409090909090909,0.548108225945572,0.8536057788256626,5,1.0
CCE[CAR-FDH],5,0.8142493638676844,0.6170357420357421,0.2013129102844639,0.13529411764705881,0.39316239316239315,0.5749902874082575,0.7057271432271432,0.15024791400963589,0.1590909090909091,0.6068376068376068,0.39316239316239315,0.8409090909090909,0.548108225945572,0.8536057788256626,5,0.9999999999999999
CCE[CAR-FDH],5,0.8142493638676844,0.6170357420357421,0.2013129102844639,0.13529411764705881,0.39316239316239315,0.5749902874082575,0.7057271432271432,0.15024791400963589,0.1590909090909091,0.6068376068376068,0.39316239316239315,0.8409090909090909,0.548108225945572,0.8536057788256626,5,0.8311049914627673
CCE[CAR-FDH],5,0.8142493638676844,0.6170357420357421,0.2013129102844639,0.13529411764705881,0.39316239316239315,0.5749902874082575,0.7057271432271432,0.15024791400963589,0.1590909090909091,0.6068376068376068,0.39316239316239315,0.8409090909090909,0.548108225945572,0.8536057788256626,5,0.8297433211633471
CCE[CAR-FDH],10,0.8656488549618321,0.6083361083361083,0.21893491124260356,0.167420814479638,0.3162393162393162,0.5336218555796649,0.7169335294335294,0.15734055644433687,0.09956709956709957,0.6837606837606838,0.3162393162393162,0.9004329004329005,0.5727191259999209,0.8843733121296493,5,1.0
CCE[CAR-FDH],10,0.8656488549618321,0.6083361083361083,0.21893491124260356,0.167420814479638,0.3162393162393162,0.5336218555796649,0.7169335294335294,0.15734055644433687,0.09956709956709957,0.6837606837606838,0.3162393162393162,0.9004329004329005,0.5727191259999209,0.8843733121296493,5,0.9999999999999999
CCE[CAR-FDH],10,0.8656488549618321,0.6083361083361083,0.21893491124260356,0.167420814479638,0.3162393162393162,0.5336218555796649,0.7169335294335294,0.15734055644433687,0.09956709956709957,0.6837606837606838,0.3162393162393162,0.9004329004329005,0.5727191259999209,0.8843733121296493,5,0.8311049914627673
CCE[CAR-FDH],10,0.8656488549618321,0.6083361083361083,0.21893491124260356,0.167420814479638,0.3162393162393162,0.5336218555796649,0.7169335294335294,0.15734055644433687,0.09956709956709957,0.6837606837606838,0.3162393162393162,0.9004329004329005,0.5727191259999209,0.8843733121296493,5,0.8297433211633471
CCE[CAR-FDH],15,0.9012722646310433,0.5392107892107891,0.13392857142857142,0.14018691588785046,0.1282051282051282,0.3490309754486295,0.7033082658082659,0.14835317584898874,0.049783549783549784,0.8717948717948718,0.1282051282051282,0.9502164502164502,0.5407905134530877,0.8992017203968218,5,1.0
CCE[CAR-FDH],15,0.9012722646310433,0.5392107892107891,0.13392857142857142,0.14018691588785046,0.1282051282051282,0.3490309754486295,0.7033082658082659,0.14835317584898874,0.049783549783549784,0.8717948717948718,0.1282051282051282,0.9502164502164502,0.5407905134530877,0.8992017203968218,5,0.9999999999999999
CCE[CAR-FDH],15,0.9012722646310433,0.5392107892107891,0.13392857142857142,0.14018691588785046,0.1282051282051282,0.3490309754486295,0.7033082658082659,0.14835317584898874,0.049783549783549784,0.8717948717948718,0.1282051282051282,0.9502164502164502,0.5407905134530877,0.8992017203968218,5,0.8311049914627673
CCE[CAR-FDH],15,0.9012722646310433,0.5392107892107891,0.13392857142857142,0.14018691588785046,0.1282051282051282,0.3490309754486295,0.7033082658082659,0.14835317584898874,0.049783549783549784,0.8717948717948718,0.1282051282051282,0.9502164502164502,0.5407905134530877,0.8992017203968218,5,0.8297433211633471
CCE[CAR-FDH],20,0.9073791348600508,0.538454600954601,0.13333333333333333,0.15053763440860216,0.11965811965811966,0.338441818549163,0.7017311392311392,0.14640333024621968,0.04274891774891775,0.8803418803418803,0.11965811965811966,0.9572510822510822,0.5422043010752688,0.9023852909792333,5,1.0
CCE[CAR-FDH],20,0.9073791348600508,0.538454600954601,0.13333333333333333,0.15053763440860216,0.11965811965811966,0.338441818549163,0.7017311392311392,0.14640333024621968,0.04274891774891775,0.8803418803418803,0.11965811965811966,0.9572510822510822,0.5422043010752688,0.9023852909792333,5,0.9999999999999999
CCE[CAR-FDH],20,0.9073791348600508,0.538454600954601,0.13333333333333333,0.15053763440860216,0.11965811965811966,0.338441818549163,0.7017311392311392,0.14640333024621968,0.04274891774891775,0.8803418803418803,0.11965811965811966,0.9572510822510822,0.5422043010752688,0.9023852909792333,5,0.8311049914627673
CCE[CAR-FDH],20,0.9073791348600508,0.538454600954601,0.13333333333333333,0.15053763440860216,0.11965811965811966,0.338441818549163,0.7017311392311392,0.14640333024621968,0.04274891774891775,0.8803418803418803,0.11965811965811966,0.9572510822510822,0.5422043010752688,0.9023852909792333,5,0.8297433211633471
CCE[CAR-DEA],5,0.6987277353689567,0.6356768231768232,0.18232044198895028,0.10873146622734761,0.5641025641025641,0.6316345058355733,0.7110135235135235,0.14535418348724372,0.29274891774891776,0.4358974358974359,0.5641025641025641,0.7072510822510822,0.4988333339077627,0.7776546142698311,5,1.0
CCE[CAR-DEA],5,0.6987277353689567,0.6356768231768232,0.18232044198895028,0.10873146622734761,0.5641025641025641,0.6316345058355733,0.7110135235135235,0.14535418348724372,0.29274891774891776,0.4358974358974359,0.5641025641025641,0.7072510822510822,0.4988333339077627,0.7776546142698311,5,0.9999999999999999
CCE[CAR-DEA],5,0.6987277353689567,0.6356768231768232,0.18232044198895028,0.10873146622734761,0.5641025641025641,0.6316345058355733,0.7110135235135235,0.14535418348724372,0.29274891774891776,0.4358974358974359,0.5641025641025641,0.7072510822510822,0.4988333339077627,0.7776546142698311,5,0.9814813060052405
CCE[CAR-DEA],5,0.6987277353689567,0.6356768231768232,0.18232044198895028,0.10873146622734761,0.5641025641025641,0.6316345058355733,0.7110135235135235,0.14535418348724372,0.29274891774891776,0.4358974358974359,0.5641025641025641,0.7072510822510822,0.4988333339077627,0.7776546142698311,5,0.965371956439804
CCE[CAR-DEA],10,0.7409669211195928,0.6501276501276502,0.20094191522762953,0.12307692307692308,0.5470085470085471,0.6418975089781951,0.7329406704406706,0.1698267476314415,0.24675324675324675,0.452991452991453,0.5470085470085471,0.7532467532467533,0.5231858072949566,0.8070556175588462,5,1.0
CCE[CAR-DEA],10,0.7409669211195928,0.6501276501276502,0.20094191522762953,0.12307692307692308,0.5470085470085471,0.6418975089781951,0.7329406704406706,0.1698267476314415,0.24675324675324675,0.452991452991453,0.5470085470085471,0.7532467532467533,0.5231858072949566,0.8070556175588462,5,0.9999999999999999
CCE[CAR-DEA],10,0.7409669211195928,0.6501276501276502,0.20094191522762953,0.12307692307692308,0.5470085470085471,0.6418975089781951,0.7329406704406706,0.1698267476314415,0.24675324675324675,0.452991452991453,0.5470085470085471,0.7532467532467533,0.5231858072949566,0.8070556175588462,5,0.9814813060052405
CCE[CAR-DEA],10,0.7409669211195928,0.6501276501276502,0.20094191522762953,0.12307692307692308,0.5470085470085471,0.6418975089781951,0.7329406704406706,0.1698267476314415,0.24675324675324675,0.452991452991453,0.5470085470085471,0.7532467532467533,0.5231858072949566,0.8070556175588462,5,0.965371956439804
CCE[CAR-DEA],15,0.7287531806615776,0.6396312021312021,0.19119878603945373,0.11623616236162361,0.5384615384615384,0.6315795863489999,0.7320989195989196,0.16807822158950964,0.2591991341991342,0.46153846153846156,0.5384615384615384,0.7408008658008658,0.5141258375321084,0.7985974538851797,5,1.0
CCE[CAR-DEA],15,0.7287531806615776,0.6396312021312021,0.19119878603945373,0.11623616236162361,0.5384615384615384,0.6315795863489999,0.7320989195989196,0.16807822158950964,0.2591991341991342,0.46153846153846156,0.5384615384615384,0.7408008658008658,0.5141258375321084,0.7985974538851797,5,0.9999999999999999
CCE[CAR-DEA],15,0.7287531806615776,0.6396312021312021,0.19119878603945373,0.11623616236162361,0.5384615384615384,0.6315795863489999,0.7320989195989196,0.16807822158950964,0.2591991341991342,0.46153846153846156,0.5384615384615384,0.7408008658008658,0.5141258375321084,0.7985974538851797,5,0.9814813060052405
CCE[CAR-DEA],15,0.7287531806615776,0.6396312021312021,0.19119878603945373,0.11623616236162361,0.5384615384615384,0.6315795863489999,0.7320989195989196,0.16807822158950964,0.2591991341991342,0.46153846153846156,0.5384615384615384,0.7408008658008658,0.5141258375321084,0.7985974538851797,5,0.965371956439804
CCE[CAR-DEA],20,0.7399491094147582,0.6375777000777001,0.19273301737756715,0.1182170542635659,0.5213675213675214,0.6268975338925158,0.7303182928182929,0.16575668317533102,0.24621212121212122,0.47863247863247865,0.5213675213675214,0.7537878787878788,0.51887181654441,0.8061727129097049,5,1.0
CCE[CAR-DEA],20,0.7399491094147582,0.6375777000777001,0.19273301737756715,0.1182170542635659,0.5213675213675214,0.6268975338925158,0.7303182928182929,0.16575668317533102,0.24621212121212122,0.47863247863247865,0.5213675213675214,0.7537878787878788,0.51887181654441,0.8061727129097049,5,0.9999999999999999
CCE[CAR-DEA],20,0.7399491094147582,0.6375777000777001,0.19273301737756715,0.1182170542635659,0.5213675213675214,0.6268975338925158,0.7303182928182929,0.16575668317533102,0.24621212121212122,0.47863247863247865,0.5213675213675214,0.7537878787878788,0.51887181654441,0.8061727129097049,5,0.9814813060052405
CCE[CAR-DEA],20,0.7399491094147582,0.6375777000777001,0.19273301737756715,0.1182170542635659,0.5213675213675214,0.6268975338925158,0.7303182928182929,0.16575668317533102,0.24621212121212122,0.47863247863247865,0.5213675213675214,0.7537878787878788,0.51887181654441,0.8061727129097049,5,0.965371956439804
CCE[FDH],5,0.932824427480916,0.5199592074592074,0.08333333333333333,0.2222222222222222,0.05128205128205128,0.22516505212688023,0.7008570133570133,0.14866203792598215,0.011363636363636364,0.9487179487179487,0.05128205128205128,0.9886363636363636,0.5242340200739567,0.912630502897376,5,0.7977741182217919
CCE[FDH],5,0.932824427480916,0.5199592074592074,0.08333333333333333,0.2222222222222222,0.05128205128205128,0.22516505212688023,0.7008570133570133,0.14866203792598215,0.011363636363636364,0.9487179487179487,0.05128205128205128,0.9886363636363636,0.5242340200739567,0.912630502897376,5,0.8363476990238263
CCE[FDH],5,0.932824427480916,0.5199592074592074,0.08333333333333333,0.2222222222222222,0.05128205128205128,0.22516505212688023,0.7008570133570133,0.14866203792598215,0.011363636363636364,0.9487179487179487,0.05128205128205128,0.9886363636363636,0.5242340200739567,0.912630502897376,5,0.859273352896381
CCE[FDH],5,0.932824427480916,0.5199592074592074,0.08333333333333333,0.2222222222222222,0.05128205128205128,0.22516505212688023,0.7008570133570133,0.14866203792598215,0.011363636363636364,0.9487179487179487,0.05128205128205128,0.9886363636363636,0.5242340200739567,0.912630502897376,5,0.8597838696952147
CCE[FDH],10,0.9323155216284987,0.5316974691974692,0.11920529801324503,0.2647058823529412,0.07692307692307693,0.27546769480730565,0.7161334036334036,0.1546752434015285,0.013528138528138528,0.9230769230769231,0.07692307692307693,0.9864718614718615,0.5420054010574296,0.9144567895406273,5,0.7977741182217919
CCE[FDH],10,0.9323155216284987,0.5316974691974692,0.11920529801324503,0.2647058823529412,0.07692307692307693,0.27546769480730565,0.7161334036334036,0.1546752434015285,0.013528138528138528,0.9230769230769231,0.07692307692307693,0.9864718614718615,0.5420054010574296,0.9144567895406273,5,0.8363476990238263
CCE[FDH],10,0.9323155216284987,0.5316974691974692,0.11920529801324503,0.2647058823529412,0.07692307692307693,0.27546769480730565,0.7161334036334036,0.1546752434015285,0.013528138528138528,0.9230769230769231,0.07692307692307693,0.9864718614718615,0.5420054010574296,0.9144567895406273,5,0.859273352896381
CCE[FDH],10,0.9323155216284987,0.5316974691974692,0.11920529801324503,0.2647058823529412,0.07692307692307693,0.27546769480730565,0.7161334036334036,0.1546752434015285,0.013528138528138528,0.9230769230769231,0.07692307692307693,0.9864718614718615,0.5420054010574296,0.9144567895406273,5,0.8597838696952147
CCE[FDH],15,0.9256997455470738,0.5441919191919192,0.1511627906976744,0.23636363636363636,0.1111111111111111,0.3295236844080537,0.6997562622562623,0.14547525836864583,0.022727272727272728,0.8888888888888888,0.1111111111111111,0.9772727272727273,0.5561561691646967,0.9129213285165622,5,0.7977741182217919
CCE[FDH],15,0.9256997455470738,0.5441919191919192,0.1511627906976744,0.23636363636363636,0.1111111111111111,0.3295236844080537,0.6997562622562623,0.14547525836864583,0.022727272727272728,0.8888888888888888,0.1111111111111111,0.9772727272727273,0.5561561691646967,0.9129213285165622,5,0.8363476990238263
CCE[FDH],15,0.9256997455470738,0.5441919191919192,0.1511627906976744,0.23636363636363636,0.1111111111111111,0.3295236844080537,0.6997562622562623,0.14547525836864583,0.022727272727272728,0.8888888888888888,0.1111111111111111,0.9772727272727273,0.5561561691646967,0.9129213285165622,5,0.859273352896381
CCE[FDH],15,0.9256997455470738,0.5441919191919192,0.1511627906976744,0.23636363636363636,0.1111111111111111,0.3295236844080537,0.6997562622562623,0.14547525836864583,0.022727272727272728,0.8888888888888888,0.1111111111111111,0.9772727272727273,0.5561561691646967,0.9129213285165622,5,0.8597838696952147
CCE[FDH],20,0.926208651399491,0.5444624819624819,0.15204678362573099,0.24074074074074073,0.1111111111111111,0.3296149020387028,0.7150002775002776,0.15235597856105926,0.022186147186147188,0.8888888888888888,0.1111111111111111,0.9778138528138528,0.5567363473861562,0.9132338714926683,5,0.7977741182217919
CCE[FDH],20,0.926208651399491,0.5444624819624819,0.15204678362573099,0.24074074074074073,0.1111111111111111,0.3296149020387028,0.7150002775002776,0.15235597856105926,0.022186147186147188,0.8888888888888888,0.1111111111111111,0.9778138528138528,0.5567363473861562,0.9132338714926683,5,0.8363476990238263
CCE[FDH],20,0.926208651399491,0.5444624819624819,0.15204678362573099,0.24074074074074073,0.1111111111111111,0.3296149020387028,0.7150002775002776,0.15235597856105926,0.022186147186147188,0.8888888888888888,0.1111111111111111,0.9778138528138528,0.5567363473861562,0.9132338714926683,5,0.859273352896381
CCE[FDH],20,0.926208651399491,0.5444624819624819,0.15204678362573099,0.24074074074074073,0.1111111111111111,0.3296149020387028,0.7150002775002776,0.15235597856105926,0.022186147186147188,0.8888888888888888,0.1111111111111111,0.9778138528138528,0.5567363473861562,0.9132338714926683,5,0.8597838696952147
CCE[DEA],5,0.9251908396946565,0.5439213564213564,0.15028901734104047,0.23214285714285715,0.1111111111111111,0.3294324415198563,0.6837537462537462,0.14181122334406712,0.023268398268398268,0.8888888888888888,0.1111111111111111,0.9767316017316018,0.5555810271693225,0.9126092556745419,5,0.8587634340901587
CCE[DEA],5,0.9251908396946565,0.5439213564213564,0.15028901734104047,0.23214285714285715,0.1111111111111111,0.3294324415198563,0.6837537462537462,0.14181122334406712,0.023268398268398268,0.8888888888888888,0.1111111111111111,0.9767316017316018,0.5555810271693225,0.9126092556745419,5,0.8724191337225369
CCE[DEA],5,0.9251908396946565,0.5439213564213564,0.15028901734104047,0.23214285714285715,0.1111111111111111,0.3294324415198563,0.6837537462537462,0.14181122334406712,0.023268398268398268,0.8888888888888888,0.1111111111111111,0.9767316017316018,0.5555810271693225,0.9126092556745419,5,0.8592734588089868
CCE[DEA],5,0.9251908396946565,0.5439213564213564,0.15028901734104047,0.23214285714285715,0.1111111111111111,0.3294324415198563,0.6837537462537462,0.14181122334406712,0.023268398268398268,0.8888888888888888,0.1111111111111111,0.9767316017316018,0.5555810271693225,0.9126092556745419,5,0.8532992269747925
CCE[DEA],10,0.916030534351145,0.5510600510600511,0.16243654822335024,0.2,0.13675213675213677,0.363340242769958,0.710416897916898,0.14963647023163598,0.03463203463203463,0.8632478632478633,0.13675213675213677,0.9653679653679653,0.5591180865949326,0.9085612127634867,5,0.8587634340901587
CCE[DEA],10,0.916030534351145,0.5510600510600511,0.16243654822335024,0.2,0.13675213675213677,0.363340242769958,0.710416897916898,0.14963647023163598,0.03463203463203463,0.8632478632478633,0.13675213675213677,0.9653679653679653,0.5591180865949326,0.9085612127634867,5,0.8724191337225369
CCE[DEA],10,0.916030534351145,0.5510600510600511,0.16243654822335024,0.2,0.13675213675213677,0.363340242769958,0.710416897916898,0.14963647023163598,0.03463203463203463,0.8632478632478633,0.13675213675213677,0.9653679653679653,0.5591180865949326,0.9085612127634867,5,0.8592734588089868
CCE[DEA],10,0.916030534351145,0.5510600510600511,0.16243654822335024,0.2,0.13675213675213677,0.363340242769958,0.710416897916898,0.14963647023163598,0.03463203463203463,0.8632478632478633,0.13675213675213677,0.9653679653679653,0.5591180865949326,0.9085612127634867,5,0.8532992269747925
CCE[DEA],15,0.9256997455470738,0.5441919191919192,0.1511627906976744,0.23636363636363636,0.1111111111111111,0.3295236844080537,0.7103475228475229,0.14896364077764612,0.022727272727272728,0.8888888888888888,0.1111111111111111,0.9772727272727273,0.5561561691646967,0.9129213285165622,5,0.8587634340901587
CCE[DEA],15,0.9256997455470738,0.5441919191919192,0.1511627906976744,0.23636363636363636,0.1111111111111111,0.3295236844080537,0.7103475228475229,0.14896364077764612,0.022727272727272728,0.8888888888888888,0.1111111111111111,0.9772727272727273,0.5561561691646967,0.9129213285165622,5,0.8724191337225369
CCE[DEA],15,0.9256997455470738,0.5441919191919192,0.1511627906976744,0.23636363636363636,0.1111111111111111,0.3295236844080537,0.7103475228475229,0.14896364077764612,0.022727272727272728,0.8888888888888888,0.1111111111111111,0.9772727272727273,0.5561561691646967,0.9129213285165622,5,0.8592734588089868
CCE[DEA],15,0.9256997455470738,0.5441919191919192,0.1511627906976744,0.23636363636363636,0.1111111111111111,0.3295236844080537,0.7103475228475229,0.14896364077764612,0.022727272727272728,0.8888888888888888,0.1111111111111111,0.9772727272727273,0.5561561691646967,0.9129213285165622,5,0.8532992269747925
CCE[DEA],20,0.9272264631043257,0.541000666000666,0.1437125748502994,0.24,0.10256410256410256,0.3169465261761051,0.7117905242905244,0.15073224520287434,0.020562770562770564,0.8974358974358975,0.10256410256410256,0.9794372294372294,0.552855490188902,0.9132760430902358,5,0.8587634340901587
CCE[DEA],20,0.9272264631043257,0.541000666000666,0.1437125748502994,0.24,0.10256410256410256,0.3169465261761051,0.7117905242905244,0.15073224520287434,0.020562770562770564,0.8974358974358975,0.10256410256410256,0.9794372294372294,0.552855490188902,0.9132760430902358,5,0.8724191337225369
CCE[DEA],20,0.9272264631043257,0.541000666000666,0.1437125748502994,0.24,0.10256410256410256,0.3169465261761051,0.7117905242905244,0.15073224520287434,0.020562770562770564,0.8974358974358975,0.10256410256410256,0.9794372294372294,0.552855490188902,0.9132760430902358,5,0.8592734588089868
CCE[DEA],20,0.9272264631043257,0.541000666000666,0.1437125748502994,0.24,0.10256410256410256,0.3169465261761051,0.7117905242905244,0.15073224520287434,0.020562770562770564,0.8974358974358975,0.10256410256410256,0.9794372294372294,0.552855490188902,0.9132760430902358,5,0.8532992269747925
CCE[CAR-FDH],5,0.7862595419847328,0.7222430347430348,0.26573426573426573,0.16703296703296702,0.6495726495726496,0.718577773350955,0.7841834091834092,0.19851543462420196,0.2050865800865801,0.3504273504273504,0.6495726495726496,0.7949134199134199,0.5703299083287172,0.8386530927210812,6,0.9999999999999999
CCE[CAR-FDH],5,0.7862595419847328,0.7222430347430348,0.26573426573426573,0.16703296703296702,0.6495726495726496,0.718577773350955,0.7841834091834092,0.19851543462420196,0.2050865800865801,0.3504273504273504,0.6495726495726496,0.7949134199134199,0.5703299083287172,0.8386530927210812,6,0.9687414495409514
CCE[CAR-FDH],5,0.7862595419847328,0.7222430347430348,0.26573426573426573,0.16703296703296702,0.6495726495726496,0.718577773350955,0.7841834091834092,0.19851543462420196,0.2050865800865801,0.3504273504273504,0.6495726495726496,0.7949134199134199,0.5703299083287172,0.8386530927210812,6,1.0
CCE[CAR-FDH],5,0.7862595419847328,0.7222430347430348,0.26573426573426573,0.16703296703296702,0.6495726495726496,0.718577773350955,0.7841834091834092,0.19851543462420196,0.2050865800865801,0.3504273504273504,0.6495726495726496,0.7949134199134199,0.5703299083287172,0.8386530927210812,6,1.0
CCE[CAR-FDH],10,0.778117048346056,0.7179140304140303,0.2585034013605442,0.1613588110403397,0.6495726495726496,0.7146537698284469,0.7895715395715397,0.20499387377136868,0.21374458874458874,0.3504273504273504,0.6495726495726496,0.7862554112554112,0.5640212997227616,0.8331569140052035,6,0.9999999999999999
CCE[CAR-FDH],10,0.778117048346056,0.7179140304140303,0.2585034013605442,0.1613588110403397,0.6495726495726496,0.7146537698284469,0.7895715395715397,0.20499387377136868,0.21374458874458874,0.3504273504273504,0.6495726495726496,0.7862554112554112,0.5640212997227616,0.8331569140052035,6,0.9687414495409514
CCE[CAR-FDH],10,0.778117048346056,0.7179140304140303,0.2585034013605442,0.1613588110403397,0.6495726495726496,0.7146537698284469,0.7895715395715397,0.20499387377136868,0.21374458874458874,0.3504273504273504,0.6495726495726496,0.7862554112554112,0.5640212997227616,0.8331569140052035,6,1.0
CCE[CAR-FDH],10,0.778117048346056,0.7179140304140303,0.2585034013605442,0.1613588110403397,0.6495726495726496,0.7146537698284469,0.7895715395715397,0.20499387377136868,0.21374458874458874,0.3504273504273504,0.6495726495726496,0.7862554112554112,0.5640212997227616,0.8331569140052035,6,1.0
CCE[CAR-FDH],15,0.7801526717557252,0.731005106005106,0.2677966101694915,0.16701902748414377,0.6752136752136753,0.7288729527536204,0.7890720390720392,0.2063080126687532,0.2132034632034632,0.3247863247863248,0.6752136752136753,0.7867965367965368,0.5692276464021111,0.8347630783200064,6,0.9999999999999999
CCE[CAR-FDH],15,0.7801526717557252,0.731005106005106,0.2677966101694915,0.16701902748414377,0.6752136752136753,0.7288729527536204,0.7890720390720392,0.2063080126687532,0.2132034632034632,0.3247863247863248,0.6752136752136753,0.7867965367965368,0.5692276464021111,0.8347630783200064,6,0.9687414495409514
CCE[CAR-FDH],15,0.7801526717557252,0.731005106005106,0.2677966101694915,0.16701902748414377,0.6752136752136753,0.7288729527536204,0.7890720390720392,0.2063080126687532,0.2132034632034632,0.3247863247863248,0.6752136752136753,0.7867965367965368,0.5692276464021111,0.8347630783200064,6,1.0
CCE[CAR-FDH],15,0.7801526717557252,0.731005106005106,0.2677966101694915,0.16701902748414377,0.6752136752136753,0.7288729527536204,0.7890720390720392,0.2063080126687532,0.2132034632034632,0.3247863247863248,0.6752136752136753,0.7867965367965368,0.5692276464021111,0.8347630783200064,6,1.0
CCE[CAR-FDH],20,0.783206106870229,0.7246225996225997,0.2655172413793103,0.16630669546436286,0.6581196581196581,0.72156446049904,0.7924436674436675,0.21065477023802145,0.20887445887445888,0.3418803418803419,0.6581196581196581,0.7911255411255411,0.5691765311374164,0.8366748673060074,6,0.9999999999999999
CCE[CAR-FDH],20,0.783206106870229,0.7246225996225997,0.2655172413793103,0.16630669546436286,0.6581196581196581,0.72156446049904,0.7924436674436675,0.21065477023802145,0.20887445887445888,0.3418803418803419,0.6581196581196581,0.7911255411255411,0.5691765311374164,0.8366748673060074,6,0.9687414495409514
CCE[CAR-FDH],20,0.783206106870229,0.7246225996225997,0.2655172413793103,0.16630669546436286,0.6581196581196581,0.72156446049904,0.7924436674436675,0.21065477023802145,0.20887445887445888,0.3418803418803419,0.6581196581196581,0.7911255411255411,0.5691765311374164,0.8366748673060074,6,1.0
CCE[CAR-FDH],20,0.783206106870229,0.7246225996225997,0.2655172413793103,0.16630669546436286,0.6581196581196581,0.72156446049904,0.7924436674436675,0.21065477023802145,0.20887445887445888,0.3418803418803419,0.6581196581196581,0.7911255411255411,0.5691765311374164,0.8366748673060074,6,1.0
CCE[CAR-DEA],5,0.7653944020356234,0.7071470196470196,0.24549918166939444,0.15182186234817813,0.6410256410256411,0.7040489121395407,0.7812419062419063,0.19496824126645326,0.22673160173160173,0.358974358974359,0.6410256410256411,0.7732683982683982,0.553300961729545,0.8244484840115404,6,0.9185319681504425
CCE[CAR-DEA],5,0.7653944020356234,0.7071470196470196,0.24549918166939444,0.15182186234817813,0.6410256410256411,0.7040489121395407,0.7812419062419063,0.19496824126645326,0.22673160173160173,0.358974358974359,0.6410256410256411,0.7732683982683982,0.553300961729545,0.8244484840115404,6,0.9736840364074238
CCE[CAR-DEA],5,0.7653944020356234,0.7071470196470196,0.24549918166939444,0.15182186234817813,0.6410256410256411,0.7040489121395407,0.7812419062419063,0.19496824126645326,0.22673160173160173,0.358974358974359,0.6410256410256411,0.7732683982683982,0.553300961729545,0.8244484840115404,6,0.9999999999999999
CCE[CAR-DEA],5,0.7653944020356234,0.7071470196470196,0.24549918166939444,0.15182186234817813,0.6410256410256411,0.7040489121395407,0.7812419062419063,0.19496824126645326,0.22673160173160173,0.358974358974359,0.6410256410256411,0.7732683982683982,0.553300961729545,0.8244484840115404,6,1.0
CCE[CAR-DEA],10,0.7547073791348601,0.7174769674769674,0.246875,0.15105162523900573,0.6752136752136753,0.7162311170195086,0.7891182891182891,0.2043249749466416,0.24025974025974026,0.3247863247863248,0.6752136752136753,0.7597402597402597,0.5501852203647416,0.8173760557089491,6,0.9185319681504425
CCE[CAR-DEA],10,0.7547073791348601,0.7174769674769674,0.246875,0.15105162523900573,0.6752136752136753,0.7162311170195086,0.7891182891182891,0.2043249749466416,0.24025974025974026,0.3247863247863248,0.6752136752136753,0.7597402597402597,0.5501852203647416,0.8173760557089491,6,0.9736840364074238
CCE[CAR-DEA],10,0.7547073791348601,0.7174769674769674,0.246875,0.15105162523900573,0.6752136752136753,0.7162311170195086,0.7891182891182891,0.2043249749466416,0.24025974025974026,0.3247863247863248,0.6752136752136753,0.7597402597402597,0.5501852203647416,0.8173760557089491,6,0.9999999999999999
CCE[CAR-DEA],10,0.7547073791348601,0.7174769674769674,0.246875,0.15105162523900573,0.6752136752136753,0.7162311170195086,0.7891182891182891,0.2043249749466416,0.24025974025974026,0.3247863247863248,0.6752136752136753,0.7597402597402597,0.5501852203647416,0.8173760557089491,6,1.0
CCE[CAR-DEA],15,0.7653944020356234,0.7271617271617272,0.2576489533011272,0.15873015873015872,0.6837606837606838,0.725865364155452,0.793049543049543,0.21059656596301912,0.22943722943722944,0.3162393162393162,0.6837606837606838,0.7705627705627706,0.5591659695487201,0.8247771426401111,6,0.9185319681504425
CCE[CAR-DEA],15,0.7653944020356234,0.7271617271617272,0.2576489533011272,0.15873015873015872,0.6837606837606838,0.725865364155452,0.793049543049543,0.21059656596301912,0.22943722943722944,0.3162393162393162,0.6837606837606838,0.7705627705627706,0.5591659695487201,0.8247771426401111,6,0.9736840364074238
CCE[CAR-DEA],15,0.7653944020356234,0.7271617271617272,0.2576489533011272,0.15873015873015872,0.6837606837606838,0.725865364155452,0.793049543049543,0.21059656596301912,0.22943722943722944,0.3162393162393162,0.6837606837606838,0.7705627705627706,0.5591659695487201,0.8247771426401111,6,0.9999999999999999
CCE[CAR-DEA],15,0.7653944020356234,0.7271617271617272,0.2576489533011272,0.15873015873015872,0.6837606837606838,0.725865364155452,0.793049543049543,0.21059656596301912,0.22943722943722944,0.3162393162393162,0.6837606837606838,0.7705627705627706,0.5591659695487201,0.8247771426401111,6,1.0
CCE[CAR-DEA],20,0.7796437659033079,0.7267316017316017,0.26485568760611206,0.1652542372881356,0.6666666666666666,0.7242451411856516,0.7956071706071707,0.21372313156779352,0.2132034632034632,0.3333333333333333,0.6666666666666666,0.7867965367965368,0.5676268860059893,0.8343428882605376,6,0.9185319681504425
CCE[CAR-DEA],20,0.7796437659033079,0.7267316017316017,0.26485568760611206,0.1652542372881356,0.6666666666666666,0.7242451411856516,0.7956071706071707,0.21372313156779352,0.2132034632034632,0.3333333333333333,0.6666666666666666,0.7867965367965368,0.5676268860059893,0.8343428882605376,6,0.9736840364074238
CCE[CAR-DEA],20,0.7796437659033079,0.7267316017316017,0.26485568760611206,0.1652542372881356,0.6666666666666666,0.7242451411856516,0.7956071706071707,0.21372313156779352,0.2132034632034632,0.3333333333333333,0.6666666666666666,0.7867965367965368,0.5676268860059893,0.8343428882605376,6,0.9999999999999999
CCE[CAR-DEA],20,0.7796437659033079,0.7267316017316017,0.26485568760611206,0.1652542372881356,0.6666666666666666,0.7242451411856516,0.7956071706071707,0.21372313156779352,0.2132034632034632,0.3333333333333333,0.6666666666666666,0.7867965367965368,0.5676268860059893,0.8343428882605376,6,1.0
CCE[FDH],5,0.9409669211195929,0.5362970362970363,0.13432835820895522,0.5294117647058824,0.07692307692307693,0.27674912211256714,0.7861143486143486,0.2061504512136599,0.004329004329004329,0.9230769230769231,0.07692307692307693,0.9956709956709957,0.5518849377978391,0.9197172224127794,6,0.5801015324837451
CCE[FDH],5,0.9409669211195929,0.5362970362970363,0.13432835820895522,0.5294117647058824,0.07692307692307693,0.27674912211256714,0.7861143486143486,0.2061504512136599,0.004329004329004329,0.9230769230769231,0.07692307692307693,0.9956709956709957,0.5518849377978391,0.9197172224127794,6,1.0
CCE[FDH],5,0.9409669211195929,0.5362970362970363,0.13432835820895522,0.5294117647058824,0.07692307692307693,0.27674912211256714,0.7861143486143486,0.2061504512136599,0.004329004329004329,0.9230769230769231,0.07692307692307693,0.9956709956709957,0.5518849377978391,0.9197172224127794,6,0.6105366958512963
CCE[FDH],5,0.9409669211195929,0.5362970362970363,0.13432835820895522,0.5294117647058824,0.07692307692307693,0.27674912211256714,0.7861143486143486,0.2061504512136599,0.004329004329004329,0.9230769230769231,0.07692307692307693,0.9956709956709957,0.5518849377978391,0.9197172224127794,6,0.6055620555664483
CCE[FDH],10,0.8905852417302799,0.6336025086025086,0.2711864406779661,0.2247191011235955,0.3418803418803419,0.56245027900279,0.79009879009879,0.21423671170202233,0.07467532467532467,0.6581196581196581,0.3418803418803419,0.9253246753246753,0.6060196302426969,0.9009795544852155,6,0.5801015324837451
CCE[FDH],10,0.8905852417302799,0.6336025086025086,0.2711864406779661,0.2247191011235955,0.3418803418803419,0.56245027900279,0.79009879009879,0.21423671170202233,0.07467532467532467,0.6581196581196581,0.3418803418803419,0.9253246753246753,0.6060196302426969,0.9009795544852155,6,1.0
CCE[FDH],10,0.8905852417302799,0.6336025086025086,0.2711864406779661,0.2247191011235955,0.3418803418803419,0.56245027900279,0.79009879009879,0.21423671170202233,0.07467532467532467,0.6581196581196581,0.3418803418803419,0.9253246753246753,0.6060196302426969,0.9009795544852155,6,0.6105366958512963
CCE[FDH],10,0.8905852417302799,0.6336025086025086,0.2711864406779661,0.2247191011235955,0.3418803418803419,0.56245027900279,0.79009879009879,0.21423671170202233,0.07467532467532467,0.6581196581196581,0.3418803418803419,0.9253246753246753,0.6060196302426969,0.9009795544852155,6,0.6055620555664483
CCE[FDH],15,0.9185750636132316,0.5524128649128649,0.16666666666666666,0.21333333333333335,0.13675213675213677,0.36384905164935144,0.7951122951122951,0.2155294102700021,0.03192640692640693,0.8632478632478633,0.13675213675213677,0.9680735930735931,0.5619315141787052,0.9101266546587757,6,0.5801015324837451
CCE[FDH],15,0.9185750636132316,0.5524128649128649,0.16666666666666666,0.21333333333333335,0.13675213675213677,0.36384905164935144,0.7951122951122951,0.2155294102700021,0.03192640692640693,0.8632478632478633,0.13675213675213677,0.9680735930735931,0.5619315141787052,0.9101266546587757,6,1.0
CCE[FDH],15,0.9185750636132316,0.5524128649128649,0.16666666666666666,0.21333333333333335,0.13675213675213677,0.36384905164935144,0.7951122951122951,0.2155294102700021,0.03192640692640693,0.8632478632478633,0.13675213675213677,0.9680735930735931,0.5619315141787052,0.9101266546587757,6,0.6105366958512963
CCE[FDH],15,0.9185750636132316,0.5524128649128649,0.16666666666666666,0.21333333333333335,0.13675213675213677,0.36384905164935144,0.7951122951122951,0.2155294102700021,0.03192640692640693,0.8632478632478633,0.13675213675213677,0.9680735930735931,0.5619315141787052,0.9101266546587757,6,0.6055620555664483
CCE[FDH],20,0.9267175572519084,0.5487359862359862,0.16279069767441862,0.2545454545454545,0.11965811965811966,0.342057549256506,0.7933547933547933,0.21206247191734728,0.022186147186147188,0.8803418803418803,0.11965811965811966,0.9778138528138528,0.5622362216418927,0.9141141870300339,6,0.5801015324837451
CCE[FDH],20,0.9267175572519084,0.5487359862359862,0.16279069767441862,0.2545454545454545,0.11965811965811966,0.342057549256506,0.7933547933547933,0.21206247191734728,0.022186147186147188,0.8803418803418803,0.11965811965811966,0.9778138528138528,0.5622362216418927,0.9141141870300339,6,1.0
CCE[FDH],20,0.9267175572519084,0.5487359862359862,0.16279069767441862,0.2545454545454545,0.11965811965811966,0.342057549256506,0.7933547933547933,0.21206247191734728,0.022186147186147188,0.8803418803418803,0.11965811965811966,0.9778138528138528,0.5622362216418927,0.9141141870300339,6,0.6105366958512963
CCE[FDH],20,0.9267175572519084,0.5487359862359862,0.16279069767441862,0.2545454545454545,0.11965811965811966,0.342057549256506,0.7933547933547933,0.21206247191734728,0.022186147186147188,0.8803418803418803,0.11965811965811966,0.9778138528138528,0.5622362216418927,0.9141141870300339,6,0.6055620555664483
CCE[DEA],5,0.9165394402035624,0.5593364968364969,0.18,0.21686746987951808,0.15384615384615385,0.3852724989340641,0.7922077922077921,0.21081829452823267,0.035173160173160176,0.8461538461538461,0.15384615384615385,0.9648268398268398,0.5680160857908847,0.9098256758692672,6,0.6249153656869773
CCE[DEA],5,0.9165394402035624,0.5593364968364969,0.18,0.21686746987951808,0.15384615384615385,0.3852724989340641,0.7922077922077921,0.21081829452823267,0.035173160173160176,0.8461538461538461,0.15384615384615385,0.9648268398268398,0.5680160857908847,0.9098256758692672,6,1.0
CCE[DEA],5,0.9165394402035624,0.5593364968364969,0.18,0.21686746987951808,0.15384615384615385,0.3852724989340641,0.7922077922077921,0.21081829452823267,0.035173160173160176,0.8461538461538461,0.15384615384615385,0.9648268398268398,0.5680160857908847,0.9098256758692672,6,0.5913169825118345
CCE[DEA],5,0.9165394402035624,0.5593364968364969,0.18,0.21686746987951808,0.15384615384615385,0.3852724989340641,0.7922077922077921,0.21081829452823267,0.035173160173160176,0.8461538461538461,0.15384615384615385,0.9648268398268398,0.5680160857908847,0.9098256758692672,6,0.5876032811096863
CCE[DEA],10,0.9297709923664123,0.5463564213564214,0.15853658536585366,0.2765957446808511,0.1111111111111111,0.33025271999918343,0.7956904206904207,0.21370714679689223,0.0183982683982684,0.8888888888888888,0.1111111111111111,0.9816017316017316,0.5609464658109141,0.9154357803403795,6,0.6249153656869773
CCE[DEA],10,0.9297709923664123,0.5463564213564214,0.15853658536585366,0.2765957446808511,0.1111111111111111,0.33025271999918343,0.7956904206904207,0.21370714679689223,0.0183982683982684,0.8888888888888888,0.1111111111111111,0.9816017316017316,0.5609464658109141,0.9154357803403795,6,1.0
CCE[DEA],10,0.9297709923664123,0.5463564213564214,0.15853658536585366,0.2765957446808511,0.1111111111111111,0.33025271999918343,0.7956904206904207,0.21370714679689223,0.0183982683982684,0.8888888888888888,0.1111111111111111,0.9816017316017316,0.5609464658109141,0.9154357803403795,6,0.5913169825118345
CCE[DEA],10,0.9297709923664123,0.5463564213564214,0.15853658536585366,0.2765957446808511,0.1111111111111111,0.33025271999918343,0.7956904206904207,0.21370714679689223,0.0183982683982684,0.8888888888888888,0.1111111111111111,0.9816017316017316,0.5609464658109141,0.9154357803403795,6,0.5876032811096863
CCE[DEA],15,0.9363867684478372,0.5378649128649129,0.13793103448275862,0.35714285714285715,0.08547008547008547,0.29092539359358893,0.79497816997817,0.21020024921020677,0.00974025974025974,0.9145299145299145,0.08547008547008547,0.9902597402597403,0.5524529677037306,0.9176119836861748,6,0.6249153656869773
CCE[DEA],15,0.9363867684478372,0.5378649128649129,0.13793103448275862,0.35714285714285715,0.08547008547008547,0.29092539359358893,0.79497816997817,0.21020024921020677,0.00974025974025974,0.9145299145299145,0.08547008547008547,0.9902597402597403,0.5524529677037306,0.9176119836861748,6,1.0
CCE[DEA],15,0.9363867684478372,0.5378649128649129,0.13793103448275862,0.35714285714285715,0.08547008547008547,0.29092539359358893,0.79497816997817,0.21020024921020677,0.00974025974025974,0.9145299145299145,0.08547008547008547,0.9902597402597403,0.5524529677037306,0.9176119836861748,6,0.5913169825118345
CCE[DEA],15,0.9363867684478372,0.5378649128649129,0.13793103448275862,0.35714285714285715,0.08547008547008547,0.29092539359358893,0.79497816997817,0.21020024921020677,0.00974025974025974,0.9145299145299145,0.08547008547008547,0.9902597402597403,0.5524529677037306,0.9176119836861748,6,0.5876032811096863
CCE[DEA],20,0.9384223918575063,0.5349442224442225,0.12949640287769784,0.4090909090909091,0.07692307692307693,0.27637284848905,0.7934842934842935,0.21133336422625418,0.007034632034632035,0.9230769230769231,0.07692307692307693,0.9929653679653679,0.5487893515311728,0.9181512314900355,6,0.6249153656869773
CCE[DEA],20,0.9384223918575063,0.5349442224442225,0.12949640287769784,0.4090909090909091,0.07692307692307693,0.27637284848905,0.7934842934842935,0.21133336422625418,0.007034632034632035,0.9230769230769231,0.07692307692307693,0.9929653679653679,0.5487893515311728,0.9181512314900355,6,1.0
CCE[DEA],20,0.9384223918575063,0.5349442224442225,0.12949640287769784,0.4090909090909091,0.07692307692307693,0.27637284848905,0.7934842934842935,0.21133336422625418,0.007034632034632035,0.9230769230769231,0.07692307692307693,0.9929653679653679,0.5487893515311728,0.9181512314900355,6,0.5913169825118345
CCE[DEA],20,0.9384223918575063,0.5349442224442225,0.12949640287769784,0.4090909090909091,0.07692307692307693,0.27637284848905,0.7934842934842935,0.21133336422625418,0.007034632034632035,0.9230769230769231,0.07692307692307693,0.9929653679653679,0.5487893515311728,0.9181512314900355,6,0.5876032811096863
CCE[CAR-FDH],5,0.8005089058524173,0.6897893772893773,0.25190839694656486,0.16216216216216217,0.5641025641025641,0.6782419995932204,0.7739297739297739,0.19004858423060006,0.18452380952380953,0.4358974358974359,0.5641025641025641,0.8154761904761905,0.5684086905460951,0.84721887284675,7,1.0
CCE[CAR-FDH],5,0.8005089058524173,0.6897893772893773,0.25190839694656486,0.16216216216216217,0.5641025641025641,0.6782419995932204,0.7739297739297739,0.19004858423060006,0.18452380952380953,0.4358974358974359,0.5641025641025641,0.8154761904761905,0.5684086905460951,0.84721887284675,7,1.0
CCE[CAR-FDH],5,0.8005089058524173,0.6897893772893773,0.25190839694656486,0.16216216216216217,0.5641025641025641,0.6782419995932204,0.7739297739297739,0.19004858423060006,0.18452380952380953,0.4358974358974359,0.5641025641025641,0.8154761904761905,0.5684086905460951,0.84721887284675,7,1.0
CCE[CAR-FDH],5,0.8005089058524173,0.6897893772893773,0.25190839694656486,0.16216216216216217,0.5641025641025641,0.6782419995932204,0.7739297739297739,0.19004858423060006,0.18452380952380953,0.4358974358974359,0.5641025641025641,0.8154761904761905,0.5684086905460951,0.84721887284675,7,0.8887495992947455
CCE[CAR-FDH],10,0.8656488549618321,0.6603743478743479,0.27472527472527475,0.20242914979757085,0.42735042735042733,0.617894919702478,0.7763856513856513,0.20560425174563268,0.1066017316017316,0.5726495726495726,0.42735042735042733,0.8933982683982684,0.6003463726402594,0.887191217673765,7,1.0
CCE[CAR-FDH],10,0.8656488549618321,0.6603743478743479,0.27472527472527475,0.20242914979757085,0.42735042735042733,0.617894919702478,0.7763856513856513,0.20560425174563268,0.1066017316017316,0.5726495726495726,0.42735042735042733,0.8933982683982684,0.6003463726402594,0.887191217673765,7,1.0
CCE[CAR-FDH],10,0.8656488549618321,0.6603743478743479,0.27472527472527475,0.20242914979757085,0.42735042735042733,0.617894919702478,0.7763856513856513,0.20560425174563268,0.1066017316017316,0.5726495726495726,0.42735042735042733,0.8933982683982684,0.6003463726402594,0.887191217673765,7,1.0
CCE[CAR-FDH],10,0.8656488549618321,0.6603743478743479,0.27472527472527475,0.20242914979757085,0.42735042735042733,0.617894919702478,0.7763856513856513,0.20560425174563268,0.1066017316017316,0.5726495726495726,0.42735042735042733,0.8933982683982684,0.6003463726402594,0.887191217673765,7,0.8887495992947455
CCE[CAR-FDH],15,0.8931297709923665,0.6309523809523809,0.2708333333333333,0.22807017543859648,0.3333333333333333,0.5563486402641868,0.7732637732637733,0.19365931377178758,0.07142857142857142,0.6666666666666666,0.3333333333333333,0.9285714285714286,0.6065863536518397,0.9023565715507376,7,1.0
CCE[CAR-FDH],15,0.8931297709923665,0.6309523809523809,0.2708333333333333,0.22807017543859648,0.3333333333333333,0.5563486402641868,0.7732637732637733,0.19365931377178758,0.07142857142857142,0.6666666666666666,0.3333333333333333,0.9285714285714286,0.6065863536518397,0.9023565715507376,7,1.0
CCE[CAR-FDH],15,0.8931297709923665,0.6309523809523809,0.2708333333333333,0.22807017543859648,0.3333333333333333,0.5563486402641868,0.7732637732637733,0.19365931377178758,0.07142857142857142,0.6666666666666666,0.3333333333333333,0.9285714285714286,0.6065863536518397,0.9023565715507376,7,1.0
CCE[CAR-FDH],15,0.8931297709923665,0.6309523809523809,0.2708333333333333,0.22807017543859648,0.3333333333333333,0.5563486402641868,0.7732637732637733,0.19365931377178758,0.07142857142857142,0.6666666666666666,0.3333333333333333,0.9285714285714286,0.6065863536518397,0.9023565715507376,7,0.8887495992947455
CCE[CAR-FDH],20,0.8910941475826972,0.6178613053613053,0.2517482517482518,0.21301775147928995,0.3076923076923077,0.5343667144834019,0.7696516446516446,0.18586451770244727,0.07196969696969698,0.6923076923076923,0.3076923076923077,0.928030303030303,0.5965107888818098,0.9002176345704556,7,1.0
CCE[CAR-FDH],20,0.8910941475826972,0.6178613053613053,0.2517482517482518,0.21301775147928995,0.3076923076923077,0.5343667144834019,0.7696516446516446,0.18586451770244727,0.07196969696969698,0.6923076923076923,0.3076923076923077,0.928030303030303,0.5965107888818098,0.9002176345704556,7,1.0
CCE[CAR-FDH],20,0.8910941475826972,0.6178613053613053,0.2517482517482518,0.21301775147928995,0.3076923076923077,0.5343667144834019,0.7696516446516446,0.18586451770244727,0.07196969696969698,0.6923076923076923,0.3076923076923077,0.928030303030303,0.5965107888818098,0.9002176345704556,7,1.0
CCE[CAR-FDH],20,0.8910941475826972,0.6178613053613053,0.2517482517482518,0.21301775147928995,0.3076923076923077,0.5343667144834019,0.7696516446516446,0.18586451770244727,0.07196969696969698,0.6923076923076923,0.3076923076923077,0.928030303030303,0.5965107888818098,0.9002176345704556,7,0.8887495992947455
CCE[CAR-DEA],5,0.761323155216285,0.6929736929736929,0.23491027732463296,0.14516129032258066,0.6153846153846154,0.6886163476076314,0.7703777703777704,0.193307217926194,0.22943722943722944,0.38461538461538464,0.6153846153846154,0.7705627705627706,0.5467587262414543,0.8214710239895548,7,0.9376354989790672
CCE[CAR-DEA],5,0.761323155216285,0.6929736929736929,0.23491027732463296,0.14516129032258066,0.6153846153846154,0.6886163476076314,0.7703777703777704,0.193307217926194,0.22943722943722944,0.38461538461538464,0.6153846153846154,0.7705627705627706,0.5467587262414543,0.8214710239895548,7,0.9999999999999999
CCE[CAR-DEA],5,0.761323155216285,0.6929736929736929,0.23491027732463296,0.14516129032258066,0.6153846153846154,0.6886163476076314,0.7703777703777704,0.193307217926194,0.22943722943722944,0.38461538461538464,0.6153846153846154,0.7705627705627706,0.5467587262414543,0.8214710239895548,7,1.0
CCE[CAR-DEA],5,0.761323155216285,0.6929736929736929,0.23491027732463296,0.14516129032258066,0.6153846153846154,0.6886163476076314,0.7703777703777704,0.193307217926194,0.22943722943722944,0.38461538461538464,0.6153846153846154,0.7705627705627706,0.5467587262414543,0.8214710239895548,7,1.0
CCE[CAR-DEA],10,0.751145038167939,0.7075771450771451,0.23950233281493002,0.14638783269961977,0.6581196581196581,0.7058465649270904,0.7776251526251526,0.19814999772486172,0.24296536796536797,0.3418803418803419,0.6581196581196581,0.7570346320346321,0.5453672296870512,0.814808520519439,7,0.9376354989790672
CCE[CAR-DEA],10,0.751145038167939,0.7075771450771451,0.23950233281493002,0.14638783269961977,0.6581196581196581,0.7058465649270904,0.7776251526251526,0.19814999772486172,0.24296536796536797,0.3418803418803419,0.6581196581196581,0.7570346320346321,0.5453672296870512,0.814808520519439,7,0.9999999999999999
CCE[CAR-DEA],10,0.751145038167939,0.7075771450771451,0.23950233281493002,0.14638783269961977,0.6581196581196581,0.7058465649270904,0.7776251526251526,0.19814999772486172,0.24296536796536797,0.3418803418803419,0.6581196581196581,0.7570346320346321,0.5453672296870512,0.814808520519439,7,1.0
CCE[CAR-DEA],10,0.751145038167939,0.7075771450771451,0.23950233281493002,0.14638783269961977,0.6581196581196581,0.7058465649270904,0.7776251526251526,0.19814999772486172,0.24296536796536797,0.3418803418803419,0.6581196581196581,0.7570346320346321,0.5453672296870512,0.814808520519439,7,1.0
CCE[CAR-DEA],15,0.7501272264631044,0.7070360195360195,0.23875968992248062,0.14583333333333334,0.6581196581196581,0.7053418479766549,0.7778934028934029,0.20086224515039772,0.24404761904761904,0.3418803418803419,0.6581196581196581,0.7559523809523809,0.5446462072139039,0.8141065438202417,7,0.9376354989790672
CCE[CAR-DEA],15,0.7501272264631044,0.7070360195360195,0.23875968992248062,0.14583333333333334,0.6581196581196581,0.7053418479766549,0.7778934028934029,0.20086224515039772,0.24404761904761904,0.3418803418803419,0.6581196581196581,0.7559523809523809,0.5446462072139039,0.8141065438202417,7,0.9999999999999999
CCE[CAR-DEA],15,0.7501272264631044,0.7070360195360195,0.23875968992248062,0.14583333333333334,0.6581196581196581,0.7053418479766549,0.7778934028934029,0.20086224515039772,0.24404761904761904,0.3418803418803419,0.6581196581196581,0.7559523809523809,0.5446462072139039,0.8141065438202417,7,1.0
CCE[CAR-DEA],15,0.7501272264631044,0.7070360195360195,0.23875968992248062,0.14583333333333334,0.6581196581196581,0.7053418479766549,0.7778934028934029,0.20086224515039772,0.24404761904761904,0.3418803418803419,0.6581196581196581,0.7559523809523809,0.5446462072139039,0.8141065438202417,7,1.0
CCE[CAR-DEA],20,0.7521628498727735,0.7121212121212122,0.24261275272161742,0.1482889733840304,0.6666666666666666,0.7106690545187014,0.7774956524956524,0.1993259981060811,0.24242424242424243,0.3333333333333333,0.6666666666666666,0.7575757575757576,0.5472266684204375,0.8155659498833676,7,0.9376354989790672
CCE[CAR-DEA],20,0.7521628498727735,0.7121212121212122,0.24261275272161742,0.1482889733840304,0.6666666666666666,0.7106690545187014,0.7774956524956524,0.1993259981060811,0.24242424242424243,0.3333333333333333,0.6666666666666666,0.7575757575757576,0.5472266684204375,0.8155659498833676,7,0.9999999999999999
CCE[CAR-DEA],20,0.7521628498727735,0.7121212121212122,0.24261275272161742,0.1482889733840304,0.6666666666666666,0.7106690545187014,0.7774956524956524,0.1993259981060811,0.24242424242424243,0.3333333333333333,0.6666666666666666,0.7575757575757576,0.5472266684204375,0.8155659498833676,7,1.0
CCE[CAR-DEA],20,0.7521628498727735,0.7121212121212122,0.24261275272161742,0.1482889733840304,0.6666666666666666,0.7106690545187014,0.7774956524956524,0.1993259981060811,0.24242424242424243,0.3333333333333333,0.6666666666666666,0.7575757575757576,0.5472266684204375,0.8155659498833676,7,1.0
CCE[FDH],5,0.9155216284987278,0.6028277278277279,0.25892857142857145,0.27102803738317754,0.24786324786324787,0.48723863496390285,0.770514208014208,0.23358583938953256,0.04220779220779221,0.7521367521367521,0.24786324786324787,0.9577922077922078,0.6070681713052194,0.9137499257003733,7,1.0
CCE[FDH],5,0.9155216284987278,0.6028277278277279,0.25892857142857145,0.27102803738317754,0.24786324786324787,0.48723863496390285,0.770514208014208,0.23358583938953256,0.04220779220779221,0.7521367521367521,0.24786324786324787,0.9577922077922078,0.6070681713052194,0.9137499257003733,7,0.6826820606302277
CCE[FDH],5,0.9155216284987278,0.6028277278277279,0.25892857142857145,0.27102803738317754,0.24786324786324787,0.48723863496390285,0.770514208014208,0.23358583938953256,0.04220779220779221,0.7521367521367521,0.24786324786324787,0.9577922077922078,0.6070681713052194,0.9137499257003733,7,0.7974424725817908
CCE[FDH],5,0.9155216284987278,0.6028277278277279,0.25892857142857145,0.27102803738317754,0.24786324786324787,0.48723863496390285,0.770514208014208,0.23358583938953256,0.04220779220779221,0.7521367521367521,0.24786324786324787,0.9577922077922078,0.6070681713052194,0.9137499257003733,7,0.7770139543689387
CCE[FDH],10,0.9358778625954198,0.5456002331002331,0.16,0.36363636363636365,0.10256410256410256,0.3184314704902789,0.7672327672327671,0.2227655618333093,0.011363636363636364,0.8974358974358975,0.10256410256410256,0.9886363636363636,0.5633333333333334,0.9186361323155217,7,1.0
CCE[FDH],10,0.9358778625954198,0.5456002331002331,0.16,0.36363636363636365,0.10256410256410256,0.3184314704902789,0.7672327672327671,0.2227655618333093,0.011363636363636364,0.8974358974358975,0.10256410256410256,0.9886363636363636,0.5633333333333334,0.9186361323155217,7,0.6826820606302277
CCE[FDH],10,0.9358778625954198,0.5456002331002331,0.16,0.36363636363636365,0.10256410256410256,0.3184314704902789,0.7672327672327671,0.2227655618333093,0.011363636363636364,0.8974358974358975,0.10256410256410256,0.9886363636363636,0.5633333333333334,0.9186361323155217,7,0.7974424725817908
CCE[FDH],10,0.9358778625954198,0.5456002331002331,0.16,0.36363636363636365,0.10256410256410256,0.3184314704902789,0.7672327672327671,0.2227655618333093,0.011363636363636364,0.8974358974358975,0.10256410256410256,0.9886363636363636,0.5633333333333334,0.9186361323155217,7,0.7770139543689387
CCE[FDH],15,0.9292620865139949,0.5741064491064491,0.22346368715083798,0.3225806451612903,0.17094017094017094,0.40872382736411034,0.7727642727642728,0.22524936347972774,0.022727272727272728,0.8290598290598291,0.17094017094017094,0.9772727272727273,0.5932034511467332,0.9189131363767052,7,1.0
CCE[FDH],15,0.9292620865139949,0.5741064491064491,0.22346368715083798,0.3225806451612903,0.17094017094017094,0.40872382736411034,0.7727642727642728,0.22524936347972774,0.022727272727272728,0.8290598290598291,0.17094017094017094,0.9772727272727273,0.5932034511467332,0.9189131363767052,7,0.6826820606302277
CCE[FDH],15,0.9292620865139949,0.5741064491064491,0.22346368715083798,0.3225806451612903,0.17094017094017094,0.40872382736411034,0.7727642727642728,0.22524936347972774,0.022727272727272728,0.8290598290598291,0.17094017094017094,0.9772727272727273,0.5932034511467332,0.9189131363767052,7,0.7974424725817908
CCE[FDH],15,0.9292620865139949,0.5741064491064491,0.22346368715083798,0.3225806451612903,0.17094017094017094,0.40872382736411034,0.7727642727642728,0.22524936347972774,0.022727272727272728,0.8290598290598291,0.17094017094017094,0.9772727272727273,0.5932034511467332,0.9189131363767052,7,0.7770139543689387
CCE[FDH],20,0.9307888040712469,0.5629093129093129,0.2,0.32075471698113206,0.1452991452991453,0.377450185413443,0.7744708994708995,0.2281431506593282,0.01948051948051948,0.8547008547008547,0.1452991452991453,0.9805194805194806,0.5819148936170213,0.9183498457040767,7,1.0
CCE[FDH],20,0.9307888040712469,0.5629093129093129,0.2,0.32075471698113206,0.1452991452991453,0.377450185413443,0.7744708994708995,0.2281431506593282,0.01948051948051948,0.8547008547008547,0.1452991452991453,0.9805194805194806,0.5819148936170213,0.9183498457040767,7,0.6826820606302277
CCE[FDH],20,0.9307888040712469,0.5629093129093129,0.2,0.32075471698113206,0.1452991452991453,0.377450185413443,0.7744708994708995,0.2281431506593282,0.01948051948051948,0.8547008547008547,0.1452991452991453,0.9805194805194806,0.5819148936170213,0.9183498457040767,7,0.7974424725817908
CCE[FDH],20,0.9307888040712469,0.5629093129093129,0.2,0.32075471698113206,0.1452991452991453,0.377450185413443,0.7744708994708995,0.2281431506593282,0.01948051948051948,0.8547008547008547,0.1452991452991453,0.9805194805194806,0.5819148936170213,0.9183498457040767,7,0.7770139543689387
CCE[DEA],5,0.9358778625954198,0.5295884670884671,0.11267605633802817,0.32,0.06837606837606838,0.2602826689333497,0.7537416287416289,0.1994841415149036,0.0091991341991342,0.9316239316239316,0.06837606837606838,0.9908008658008658,0.5397065603759835,0.9158845769101823,7,0.611971902516693
CCE[DEA],5,0.9358778625954198,0.5295884670884671,0.11267605633802817,0.32,0.06837606837606838,0.2602826689333497,0.7537416287416289,0.1994841415149036,0.0091991341991342,0.9316239316239316,0.06837606837606838,0.9908008658008658,0.5397065603759835,0.9158845769101823,7,0.6826820669202363
CCE[DEA],5,0.9358778625954198,0.5295884670884671,0.11267605633802817,0.32,0.06837606837606838,0.2602826689333497,0.7537416287416289,0.1994841415149036,0.0091991341991342,0.9316239316239316,0.06837606837606838,0.9908008658008658,0.5397065603759835,0.9158845769101823,7,0.6685152920680455
CCE[DEA],5,0.9358778625954198,0.5295884670884671,0.11267605633802817,0.32,0.06837606837606838,0.2602826689333497,0.7537416287416289,0.1994841415149036,0.0091991341991342,0.9316239316239316,0.06837606837606838,0.9908008658008658,0.5397065603759835,0.9158845769101823,7,0.6165090479306841
CCE[DEA],10,0.9358778625954198,0.5456002331002331,0.16,0.36363636363636365,0.10256410256410256,0.3184314704902789,0.7678617678617679,0.22014184218267915,0.011363636363636364,0.8974358974358975,0.10256410256410256,0.9886363636363636,0.5633333333333334,0.9186361323155217,7,0.611971902516693
CCE[DEA],10,0.9358778625954198,0.5456002331002331,0.16,0.36363636363636365,0.10256410256410256,0.3184314704902789,0.7678617678617679,0.22014184218267915,0.011363636363636364,0.8974358974358975,0.10256410256410256,0.9886363636363636,0.5633333333333334,0.9186361323155217,7,0.6826820669202363
CCE[DEA],10,0.9358778625954198,0.5456002331002331,0.16,0.36363636363636365,0.10256410256410256,0.3184314704902789,0.7678617678617679,0.22014184218267915,0.011363636363636364,0.8974358974358975,0.10256410256410256,0.9886363636363636,0.5633333333333334,0.9186361323155217,7,0.6685152920680455
CCE[DEA],10,0.9358778625954198,0.5456002331002331,0.16,0.36363636363636365,0.10256410256410256,0.3184314704902789,0.7678617678617679,0.22014184218267915,0.011363636363636364,0.8974358974358975,0.10256410256410256,0.9886363636363636,0.5633333333333334,0.9186361323155217,7,0.6165090479306841
CCE[DEA],15,0.932824427480916,0.5359709734709734,0.13157894736842105,0.2857142857142857,0.08547008547008547,0.2903684457957412,0.7676166426166425,0.21925017236638927,0.013528138528138528,0.9145299145299145,0.08547008547008547,0.9864718614718615,0.5483199130701291,0.9154337103371297,7,0.611971902516693
CCE[DEA],15,0.932824427480916,0.5359709734709734,0.13157894736842105,0.2857142857142857,0.08547008547008547,0.2903684457957412,0.7676166426166425,0.21925017236638927,0.013528138528138528,0.9145299145299145,0.08547008547008547,0.9864718614718615,0.5483199130701291,0.9154337103371297,7,0.6826820669202363
CCE[DEA],15,0.932824427480916,0.5359709734709734,0.13157894736842105,0.2857142857142857,0.08547008547008547,0.2903684457957412,0.7676166426166425,0.21925017236638927,0.013528138528138528,0.9145299145299145,0.08547008547008547,0.9864718614718615,0.5483199130701291,0.9154337103371297,7,0.6685152920680455
CCE[DEA],15,0.932824427480916,0.5359709734709734,0.13157894736842105,0.2857142857142857,0.08547008547008547,0.2903684457957412,0.7676166426166425,0.21925017236638927,0.013528138528138528,0.9145299145299145,0.08547008547008547,0.9864718614718615,0.5483199130701291,0.9154337103371297,7,0.6165090479306841
CCE[DEA],20,0.9348600508905852,0.533050283050283,0.1232876712328767,0.3103448275862069,0.07692307692307693,0.27584520313135064,0.7666176416176416,0.21564669098123743,0.010822510822510822,0.9230769230769231,0.07692307692307693,0.9891774891774892,0.5447305163775377,0.9159862746194757,7,0.611971902516693
CCE[DEA],20,0.9348600508905852,0.533050283050283,0.1232876712328767,0.3103448275862069,0.07692307692307693,0.27584520313135064,0.7666176416176416,0.21564669098123743,0.010822510822510822,0.9230769230769231,0.07692307692307693,0.9891774891774892,0.5447305163775377,0.9159862746194757,7,0.6826820669202363
CCE[DEA],20,0.9348600508905852,0.533050283050283,0.1232876712328767,0.3103448275862069,0.07692307692307693,0.27584520313135064,0.7666176416176416,0.21564669098123743,0.010822510822510822,0.9230769230769231,0.07692307692307693,0.9891774891774892,0.5447305163775377,0.9159862746194757,7,0.6685152920680455
CCE[DEA],20,0.9348600508905852,0.533050283050283,0.1232876712328767,0.3103448275862069,0.07692307692307693,0.27584520313135064,0.7666176416176416,0.21564669098123743,0.010822510822510822,0.9230769230769231,0.07692307692307693,0.9891774891774892,0.5447305163775377,0.9159862746194757,7,0.6165090479306841
CCE[CAR-FDH],5,0.9068702290076336,0.5622016872016872,0.17937219730941703,0.18867924528301888,0.17094017094017094,0.40371420954081244,0.7196622821622822,0.14895088690129912,0.046536796536796536,0.8290598290598291,0.17094017094017094,0.9534632034632035,0.5650030665532788,0.9047114811390928,8,0.871026450493245
CCE[CAR-FDH],5,0.9068702290076336,0.5622016872016872,0.17937219730941703,0.18867924528301888,0.17094017094017094,0.40371420954081244,0.7196622821622822,0.14895088690129912,0.046536796536796536,0.8290598290598291,0.17094017094017094,0.9534632034632035,0.5650030665532788,0.9047114811390928,8,1.0
CCE[CAR-FDH],5,0.9068702290076336,0.5622016872016872,0.17937219730941703,0.18867924528301888,0.17094017094017094,0.40371420954081244,0.7196622821622822,0.14895088690129912,0.046536796536796536,0.8290598290598291,0.17094017094017094,0.9534632034632035,0.5650030665532788,0.9047114811390928,8,1.0
CCE[CAR-FDH],5,0.9068702290076336,0.5622016872016872,0.17937219730941703,0.18867924528301888,0.17094017094017094,0.40371420954081244,0.7196622821622822,0.14895088690129912,0.046536796536796536,0.8290598290598291,0.17094017094017094,0.9534632034632035,0.5650030665532788,0.9047114811390928,8,0.9999999999999999
CCE[CAR-FDH],10,0.8895674300254452,0.6010378510378511,0.2277580071174377,0.1951219512195122,0.27350427350427353,0.5039526306789697,0.7251752876752877,0.15801115630495544,0.07142857142857142,0.7264957264957265,0.27350427350427353,0.9285714285714286,0.584144829812487,0.8980916949957595,8,0.871026450493245
CCE[CAR-FDH],10,0.8895674300254452,0.6010378510378511,0.2277580071174377,0.1951219512195122,0.27350427350427353,0.5039526306789697,0.7251752876752877,0.15801115630495544,0.07142857142857142,0.7264957264957265,0.27350427350427353,0.9285714285714286,0.584144829812487,0.8980916949957595,8,1.0
CCE[CAR-FDH],10,0.8895674300254452,0.6010378510378511,0.2277580071174377,0.1951219512195122,0.27350427350427353,0.5039526306789697,0.7251752876752877,0.15801115630495544,0.07142857142857142,0.7264957264957265,0.27350427350427353,0.9285714285714286,0.584144829812487,0.8980916949957595,8,1.0
CCE[CAR-FDH],10,0.8895674300254452,0.6010378510378511,0.2277580071174377,0.1951219512195122,0.27350427350427353,0.5039526306789697,0.7251752876752877,0.15801115630495544,0.07142857142857142,0.7264957264957265,0.27350427350427353,0.9285714285714286,0.584144829812487,0.8980916949957595,8,0.9999999999999999
CCE[CAR-FDH],15,0.8900763358778626,0.6013084138084138,0.22857142857142856,0.19631901840490798,0.27350427350427353,0.5040994486371257,0.7242965367965368,0.15728567695213067,0.07088744588744589,0.7264957264957265,0.27350427350427353,0.9291125541125541,0.5846966731898239,0.8984131100521355,8,0.871026450493245
CCE[CAR-FDH],15,0.8900763358778626,0.6013084138084138,0.22857142857142856,0.19631901840490798,0.27350427350427353,0.5040994486371257,0.7242965367965368,0.15728567695213067,0.07088744588744589,0.7264957264957265,0.27350427350427353,0.9291125541125541,0.5846966731898239,0.8984131100521355,8,1.0
CCE[CAR-FDH],15,0.8900763358778626,0.6013084138084138,0.22857142857142856,0.19631901840490798,0.27350427350427353,0.5040994486371257,0.7242965367965368,0.15728567695213067,0.07088744588744589,0.7264957264957265,0.27350427350427353,0.9291125541125541,0.5846966731898239,0.8984131100521355,8,1.0
CCE[CAR-FDH],15,0.8900763358778626,0.6013084138084138,0.22857142857142856,0.19631901840490798,0.27350427350427353,0.5040994486371257,0.7242965367965368,0.15728567695213067,0.07088744588744589,0.7264957264957265,0.27350427350427353,0.9291125541125541,0.5846966731898239,0.8984131100521355,8,0.9999999999999999
CCE[CAR-FDH],20,0.9043256997455471,0.5648518148518148,0.1826086956521739,0.18584070796460178,0.1794871794871795,0.41297901950543514,0.7256562881562881,0.15525795539372578,0.049783549783549784,0.8205128205128205,0.1794871794871795,0.9502164502164502,0.5658989424206815,0.9035454651465272,8,0.871026450493245
CCE[CAR-FDH],20,0.9043256997455471,0.5648518148518148,0.1826086956521739,0.18584070796460178,0.1794871794871795,0.41297901950543514,0.7256562881562881,0.15525795539372578,0.049783549783549784,0.8205128205128205,0.1794871794871795,0.9502164502164502,0.5658989424206815,0.9035454651465272,8,1.0
CCE[CAR-FDH],20,0.9043256997455471,0.5648518148518148,0.1826086956521739,0.18584070796460178,0.1794871794871795,0.41297901950543514,0.7256562881562881,0.15525795539372578,0.049783549783549784,0.8205128205128205,0.1794871794871795,0.9502164502164502,0.5658989424206815,0.9035454651465272,8,1.0
CCE[CAR-FDH],20,0.9043256997455471,0.5648518148518148,0.1826086956521739,0.18584070796460178,0.1794871794871795,0.41297901950543514,0.7256562881562881,0.15525795539372578,0.049783549783549784,0.8205128205128205,0.1794871794871795,0.9502164502164502,0.5658989424206815,0.9035454651465272,8,0.9999999999999999
CCE[CAR-DEA],5,0.7389312977099237,0.6650571650571651,0.20955315870570107,0.12781954887218044,0.5811965811965812,0.6597487667805338,0.7187141562141562,0.16272546467429175,0.2510822510822511,0.4188034188034188,0.5811965811965812,0.7489177489177489,0.5265991944092357,0.8058901296778457,8,0.999999445200026
CCE[CAR-DEA],5,0.7389312977099237,0.6650571650571651,0.20955315870570107,0.12781954887218044,0.5811965811965812,0.6597487667805338,0.7187141562141562,0.16272546467429175,0.2510822510822511,0.4188034188034188,0.5811965811965812,0.7489177489177489,0.5265991944092357,0.8058901296778457,8,0.9554330657098161
CCE[CAR-DEA],5,0.7389312977099237,0.6650571650571651,0.20955315870570107,0.12781954887218044,0.5811965811965812,0.6597487667805338,0.7187141562141562,0.16272546467429175,0.2510822510822511,0.4188034188034188,0.5811965811965812,0.7489177489177489,0.5265991944092357,0.8058901296778457,8,0.9799998245504635
CCE[CAR-DEA],5,0.7389312977099237,0.6650571650571651,0.20955315870570107,0.12781954887218044,0.5811965811965812,0.6597487667805338,0.7187141562141562,0.16272546467429175,0.2510822510822511,0.4188034188034188,0.5811965811965812,0.7489177489177489,0.5265991944092357,0.8058901296778457,8,1.0
CCE[CAR-DEA],10,0.7689567430025446,0.6650086025086026,0.21993127147766323,0.13763440860215054,0.5470085470085471,0.654455826097093,0.7215030340030341,0.1717375338198433,0.21699134199134198,0.452991452991453,0.5470085470085471,0.783008658008658,0.5421639630984493,0.8260239067094318,8,0.999999445200026
CCE[CAR-DEA],10,0.7689567430025446,0.6650086025086026,0.21993127147766323,0.13763440860215054,0.5470085470085471,0.654455826097093,0.7215030340030341,0.1717375338198433,0.21699134199134198,0.452991452991453,0.5470085470085471,0.783008658008658,0.5421639630984493,0.8260239067094318,8,0.9554330657098161
CCE[CAR-DEA],10,0.7689567430025446,0.6650086025086026,0.21993127147766323,0.13763440860215054,0.5470085470085471,0.654455826097093,0.7215030340030341,0.1717375338198433,0.21699134199134198,0.452991452991453,0.5470085470085471,0.783008658008658,0.5421639630984493,0.8260239067094318,8,0.9799998245504635
CCE[CAR-DEA],10,0.7689567430025446,0.6650086025086026,0.21993127147766323,0.13763440860215054,0.5470085470085471,0.654455826097093,0.7215030340030341,0.1717375338198433,0.21699134199134198,0.452991452991453,0.5470085470085471,0.783008658008658,0.5421639630984493,0.8260239067094318,8,1.0
CCE[CAR-DEA],15,0.756234096692112,0.6702533577533578,0.21859706362153344,0.1350806451612903,0.5726495726495726,0.6631086371878026,0.72257141007141,0.17189853398650445,0.23214285714285715,0.42735042735042733,0.5726495726495726,0.7678571428571429,0.5370947331975621,0.8176644360149184,8,0.999999445200026
CCE[CAR-DEA],15,0.756234096692112,0.6702533577533578,0.21859706362153344,0.1350806451612903,0.5726495726495726,0.6631086371878026,0.72257141007141,0.17189853398650445,0.23214285714285715,0.42735042735042733,0.5726495726495726,0.7678571428571429,0.5370947331975621,0.8176644360149184,8,0.9554330657098161
CCE[CAR-DEA],15,0.756234096692112,0.6702533577533578,0.21859706362153344,0.1350806451612903,0.5726495726495726,0.6631086371878026,0.72257141007141,0.17189853398650445,0.23214285714285715,0.42735042735042733,0.5726495726495726,0.7678571428571429,0.5370947331975621,0.8176644360149184,8,0.9799998245504635
CCE[CAR-DEA],15,0.756234096692112,0.6702533577533578,0.21859706362153344,0.1350806451612903,0.5726495726495726,0.6631086371878026,0.72257141007141,0.17189853398650445,0.23214285714285715,0.42735042735042733,0.5726495726495726,0.7678571428571429,0.5370947331975621,0.8176644360149184,8,1.0
CCE[CAR-DEA],20,0.7669211195928753,0.6799381174381174,0.22895622895622897,0.14255765199161424,0.5811965811965812,0.6727302227237547,0.7251984126984126,0.17430579397169108,0.22132034632034633,0.4188034188034188,0.5811965811965812,0.7786796536796536,0.5458330305452608,0.8249748847694918,8,0.999999445200026
CCE[CAR-DEA],20,0.7669211195928753,0.6799381174381174,0.22895622895622897,0.14255765199161424,0.5811965811965812,0.6727302227237547,0.7251984126984126,0.17430579397169108,0.22132034632034633,0.4188034188034188,0.5811965811965812,0.7786796536796536,0.5458330305452608,0.8249748847694918,8,0.9554330657098161
CCE[CAR-DEA],20,0.7669211195928753,0.6799381174381174,0.22895622895622897,0.14255765199161424,0.5811965811965812,0.6727302227237547,0.7251984126984126,0.17430579397169108,0.22132034632034633,0.4188034188034188,0.5811965811965812,0.7786796536796536,0.5458330305452608,0.8249748847694918,8,0.9799998245504635
CCE[CAR-DEA],20,0.7669211195928753,0.6799381174381174,0.22895622895622897,0.14255765199161424,0.5811965811965812,0.6727302227237547,0.7251984126984126,0.17430579397169108,0.22132034632034633,0.4188034188034188,0.5811965811965812,0.7786796536796536,0.5458330305452608,0.8249748847694918,8,1.0
CCE[FDH],5,0.9287531806615776,0.5498182373182373,0.16666666666666666,0.27450980392156865,0.11965811965811966,0.34243593161694824,0.7218915343915344,0.1538192140164805,0.02002164502164502,0.8803418803418803,0.11965811965811966,0.979978354978355,0.5647262094630516,0.9153832418195617,8,0.8856233604095523
CCE[FDH],5,0.9287531806615776,0.5498182373182373,0.16666666666666666,0.27450980392156865,0.11965811965811966,0.34243593161694824,0.7218915343915344,0.1538192140164805,0.02002164502164502,0.8803418803418803,0.11965811965811966,0.979978354978355,0.5647262094630516,0.9153832418195617,8,0.9999999999999999
CCE[FDH],5,0.9287531806615776,0.5498182373182373,0.16666666666666666,0.27450980392156865,0.11965811965811966,0.34243593161694824,0.7218915343915344,0.1538192140164805,0.02002164502164502,0.8803418803418803,0.11965811965811966,0.979978354978355,0.5647262094630516,0.9153832418195617,8,0.9634282762845271
CCE[FDH],5,0.9287531806615776,0.5498182373182373,0.16666666666666666,0.27450980392156865,0.11965811965811966,0.34243593161694824,0.7218915343915344,0.1538192140164805,0.02002164502164502,0.8803418803418803,0.11965811965811966,0.979978354978355,0.5647262094630516,0.9153832418195617,8,1.0
CCE[FDH],10,0.8549618320610687,0.6186660561660562,0.22343324250681199,0.164,0.3504273504273504,0.5574905252967854,0.7205734080734081,0.1597382702631202,0.1130952380952381,0.6495726495726496,0.3504273504273504,0.8869047619047619,0.5717222345006695,0.8785355908067088,8,0.8856233604095523
CCE[FDH],10,0.8549618320610687,0.6186660561660562,0.22343324250681199,0.164,0.3504273504273504,0.5574905252967854,0.7205734080734081,0.1597382702631202,0.1130952380952381,0.6495726495726496,0.3504273504273504,0.8869047619047619,0.5717222345006695,0.8785355908067088,8,0.9999999999999999
CCE[FDH],10,0.8549618320610687,0.6186660561660562,0.22343324250681199,0.164,0.3504273504273504,0.5574905252967854,0.7205734080734081,0.1597382702631202,0.1130952380952381,0.6495726495726496,0.3504273504273504,0.8869047619047619,0.5717222345006695,0.8785355908067088,8,0.9634282762845271
CCE[FDH],10,0.8549618320610687,0.6186660561660562,0.22343324250681199,0.164,0.3504273504273504,0.5574905252967854,0.7205734080734081,0.1597382702631202,0.1130952380952381,0.6495726495726496,0.3504273504273504,0.8869047619047619,0.5717222345006695,0.8785355908067088,8,1.0
CCE[FDH],15,0.8987277353689568,0.5858932733932734,0.2134387351778656,0.19852941176470587,0.23076923076923078,0.4660019765600165,0.7250365375365375,0.15894411632293326,0.058982683982683984,0.7692307692307693,0.23076923076923078,0.941017316017316,0.5796592642438145,0.9022687990087802,8,0.8856233604095523
CCE[FDH],15,0.8987277353689568,0.5858932733932734,0.2134387351778656,0.19852941176470587,0.23076923076923078,0.4660019765600165,0.7250365375365375,0.15894411632293326,0.058982683982683984,0.7692307692307693,0.23076923076923078,0.941017316017316,0.5796592642438145,0.9022687990087802,8,0.9999999999999999
CCE[FDH],15,0.8987277353689568,0.5858932733932734,0.2134387351778656,0.19852941176470587,0.23076923076923078,0.4660019765600165,0.7250365375365375,0.15894411632293326,0.058982683982683984,0.7692307692307693,0.23076923076923078,0.941017316017316,0.5796592642438145,0.9022687990087802,8,0.9634282762845271
CCE[FDH],15,0.8987277353689568,0.5858932733932734,0.2134387351778656,0.19852941176470587,0.23076923076923078,0.4660019765600165,0.7250365375365375,0.15894411632293326,0.058982683982683984,0.7692307692307693,0.23076923076923078,0.941017316017316,0.5796592642438145,0.9022687990087802,8,1.0
CCE[FDH],20,0.9073791348600508,0.56247224997225,0.18018018018018017,0.19047619047619047,0.17094017094017094,0.4038287546444199,0.7258551633551633,0.15755333881012115,0.04599567099567099,0.8290598290598291,0.17094017094017094,0.954004329004329,0.5655485582670049,0.9050257401847115,8,0.8856233604095523
CCE[FDH],20,0.9073791348600508,0.56247224997225,0.18018018018018017,0.19047619047619047,0.17094017094017094,0.4038287546444199,0.7258551633551633,0.15755333881012115,0.04599567099567099,0.8290598290598291,0.17094017094017094,0.954004329004329,0.5655485582670049,0.9050257401847115,8,0.9999999999999999
CCE[FDH],20,0.9073791348600508,0.56247224997225,0.18018018018018017,0.19047619047619047,0.17094017094017094,0.4038287546444199,0.7258551633551633,0.15755333881012115,0.04599567099567099,0.8290598290598291,0.17094017094017094,0.954004329004329,0.5655485582670049,0.9050257401847115,8,0.9634282762845271
CCE[FDH],20,0.9073791348600508,0.56247224997225,0.18018018018018017,0.19047619047619047,0.17094017094017094,0.4038287546444199,0.7258551633551633,0.15755333881012115,0.04599567099567099,0.8290598290598291,0.17094017094017094,0.954004329004329,0.5655485582670049,0.9050257401847115,8,1.0
CCE[DEA],5,0.932824427480916,0.547979797979798,0.16455696202531644,0.3170731707317073,0.1111111111111111,0.33079844229924876,0.7237554112554113,0.15362359432765016,0.015151515151515152,0.8888888888888888,0.1111111111111111,0.9848484848484849,0.5647811321261258,0.9173450193752358,8,0.882021405108576
CCE[DEA],5,0.932824427480916,0.547979797979798,0.16455696202531644,0.3170731707317073,0.1111111111111111,0.33079844229924876,0.7237554112554113,0.15362359432765016,0.015151515151515152,0.8888888888888888,0.1111111111111111,0.9848484848484849,0.5647811321261258,0.9173450193752358,8,0.9463343722094509
CCE[DEA],5,0.932824427480916,0.547979797979798,0.16455696202531644,0.3170731707317073,0.1111111111111111,0.33079844229924876,0.7237554112554113,0.15362359432765016,0.015151515151515152,0.8888888888888888,0.1111111111111111,0.9848484848484849,0.5647811321261258,0.9173450193752358,8,1.0
CCE[DEA],5,0.932824427480916,0.547979797979798,0.16455696202531644,0.3170731707317073,0.1111111111111111,0.33079844229924876,0.7237554112554113,0.15362359432765016,0.015151515151515152,0.8888888888888888,0.1111111111111111,0.9848484848484849,0.5647811321261258,0.9173450193752358,8,1.0
CCE[DEA],10,0.9002544529262086,0.5786990786990787,0.2032520325203252,0.1937984496124031,0.21367521367521367,0.4490547869138037,0.7236860361860362,0.15687235434502572,0.05627705627705628,0.7863247863247863,0.21367521367521367,0.9437229437229437,0.5750244961733004,0.9025248191164558,8,0.882021405108576
CCE[DEA],10,0.9002544529262086,0.5786990786990787,0.2032520325203252,0.1937984496124031,0.21367521367521367,0.4490547869138037,0.7236860361860362,0.15687235434502572,0.05627705627705628,0.7863247863247863,0.21367521367521367,0.9437229437229437,0.5750244961733004,0.9025248191164558,8,0.9463343722094509
CCE[DEA],10,0.9002544529262086,0.5786990786990787,0.2032520325203252,0.1937984496124031,0.21367521367521367,0.4490547869138037,0.7236860361860362,0.15687235434502572,0.05627705627705628,0.7863247863247863,0.21367521367521367,0.9437229437229437,0.5750244961733004,0.9025248191164558,8,1.0
CCE[DEA],10,0.9002544529262086,0.5786990786990787,0.2032520325203252,0.1937984496124031,0.21367521367521367,0.4490547869138037,0.7236860361860362,0.15687235434502572,0.05627705627705628,0.7863247863247863,0.21367521367521367,0.9437229437229437,0.5750244961733004,0.9025248191164558,8,1.0
CCE[DEA],15,0.9206106870229007,0.5494921744921745,0.16129032258064516,0.21739130434782608,0.1282051282051282,0.35278729350541305,0.7258597883597883,0.15653646998125006,0.02922077922077922,0.8717948717948718,0.1282051282051282,0.9707792207792207,0.5598118279569892,0.9108758105556923,8,0.882021405108576
CCE[DEA],15,0.9206106870229007,0.5494921744921745,0.16129032258064516,0.21739130434782608,0.1282051282051282,0.35278729350541305,0.7258597883597883,0.15653646998125006,0.02922077922077922,0.8717948717948718,0.1282051282051282,0.9707792207792207,0.5598118279569892,0.9108758105556923,8,0.9463343722094509
CCE[DEA],15,0.9206106870229007,0.5494921744921745,0.16129032258064516,0.21739130434782608,0.1282051282051282,0.35278729350541305,0.7258597883597883,0.15653646998125006,0.02922077922077922,0.8717948717948718,0.1282051282051282,0.9707792207792207,0.5598118279569892,0.9108758105556923,8,1.0
CCE[DEA],15,0.9206106870229007,0.5494921744921745,0.16129032258064516,0.21739130434782608,0.1282051282051282,0.35278729350541305,0.7258597883597883,0.15653646998125006,0.02922077922077922,0.8717948717948718,0.1282051282051282,0.9707792207792207,0.5598118279569892,0.9108758105556923,8,1.0
CCE[DEA],20,0.9292620865139949,0.5500888000888001,0.16766467065868262,0.28,0.11965811965811966,0.342530461896628,0.7270021645021645,0.1536830656924713,0.01948051948051948,0.8803418803418803,0.11965811965811966,0.9805194805194806,0.5653630289248768,0.9157018880387607,8,0.882021405108576
CCE[DEA],20,0.9292620865139949,0.5500888000888001,0.16766467065868262,0.28,0.11965811965811966,0.342530461896628,0.7270021645021645,0.1536830656924713,0.01948051948051948,0.8803418803418803,0.11965811965811966,0.9805194805194806,0.5653630289248768,0.9157018880387607,8,0.9463343722094509
CCE[DEA],20,0.9292620865139949,0.5500888000888001,0.16766467065868262,0.28,0.11965811965811966,0.342530461896628,0.7270021645021645,0.1536830656924713,0.01948051948051948,0.8803418803418803,0.11965811965811966,0.9805194805194806,0.5653630289248768,0.9157018880387607,8,1.0
CCE[DEA],20,0.9292620865139949,0.5500888000888001,0.16766467065868262,0.28,0.11965811965811966,0.342530461896628,0.7270021645021645,0.1536830656924713,0.01948051948051948,0.8803418803418803,0.11965811965811966,0.9805194805194806,0.5653630289248768,0.9157018880387607,8,1.0
CCE[CAR-FDH],5,0.778117048346056,0.6818875568875569,0.23508771929824562,0.1479028697571744,0.5726495726495726,0.6730807552127033,0.7662568912568912,0.15946828502288354,0.20887445887445888,0.42735042735042733,0.5726495726495726,0.7911255411255411,0.5526629072681705,0.832419981250837,9,1.0
CCE[CAR-FDH],5,0.778117048346056,0.6818875568875569,0.23508771929824562,0.1479028697571744,0.5726495726495726,0.6730807552127033,0.7662568912568912,0.15946828502288354,0.20887445887445888,0.42735042735042733,0.5726495726495726,0.7911255411255411,0.5526629072681705,0.832419981250837,9,1.0
CCE[CAR-FDH],5,0.778117048346056,0.6818875568875569,0.23508771929824562,0.1479028697571744,0.5726495726495726,0.6730807552127033,0.7662568912568912,0.15946828502288354,0.20887445887445888,0.42735042735042733,0.5726495726495726,0.7911255411255411,0.5526629072681705,0.832419981250837,9,1.0
CCE[CAR-FDH],5,0.778117048346056,0.6818875568875569,0.23508771929824562,0.1479028697571744,0.5726495726495726,0.6730807552127033,0.7662568912568912,0.15946828502288354,0.20887445887445888,0.42735042735042733,0.5726495726495726,0.7911255411255411,0.5526629072681705,0.832419981250837,9,1.0
CCE[CAR-FDH],10,0.8203562340966921,0.6763236763236763,0.2536997885835095,0.16853932584269662,0.5128205128205128,0.6562624708761203,0.7681346431346432,0.15978813799940034,0.16017316017316016,0.48717948717948717,0.5128205128205128,0.8398268398268398,0.5757940655385005,0.859532077451523,9,1.0
CCE[CAR-FDH],10,0.8203562340966921,0.6763236763236763,0.2536997885835095,0.16853932584269662,0.5128205128205128,0.6562624708761203,0.7681346431346432,0.15978813799940034,0.16017316017316016,0.48717948717948717,0.5128205128205128,0.8398268398268398,0.5757940655385005,0.859532077451523,9,1.0
CCE[CAR-FDH],10,0.8203562340966921,0.6763236763236763,0.2536997885835095,0.16853932584269662,0.5128205128205128,0.6562624708761203,0.7681346431346432,0.15978813799940034,0.16017316017316016,0.48717948717948717,0.5128205128205128,0.8398268398268398,0.5757940655385005,0.859532077451523,9,1.0
CCE[CAR-FDH],10,0.8203562340966921,0.6763236763236763,0.2536997885835095,0.16853932584269662,0.5128205128205128,0.6562624708761203,0.7681346431346432,0.15978813799940034,0.16017316017316016,0.48717948717948717,0.5128205128205128,0.8398268398268398,0.5757940655385005,0.859532077451523,9,1.0
CCE[CAR-FDH],15,0.8127226463104326,0.6722652347652347,0.2459016393442623,0.16172506738544473,0.5128205128205128,0.6530833993587086,0.7683057683057684,0.15877620154445646,0.1682900432900433,0.48717948717948717,0.5128205128205128,0.8317099567099567,0.5694935274001962,0.8545508089395457,9,1.0
CCE[CAR-FDH],15,0.8127226463104326,0.6722652347652347,0.2459016393442623,0.16172506738544473,0.5128205128205128,0.6530833993587086,0.7683057683057684,0.15877620154445646,0.1682900432900433,0.48717948717948717,0.5128205128205128,0.8317099567099567,0.5694935274001962,0.8545508089395457,9,1.0
CCE[CAR-FDH],15,0.8127226463104326,0.6722652347652347,0.2459016393442623,0.16172506738544473,0.5128205128205128,0.6530833993587086,0.7683057683057684,0.15877620154445646,0.1682900432900433,0.48717948717948717,0.5128205128205128,0.8317099567099567,0.5694935274001962,0.8545508089395457,9,1.0
CCE[CAR-FDH],15,0.8127226463104326,0.6722652347652347,0.2459016393442623,0.16172506738544473,0.5128205128205128,0.6530833993587086,0.7683057683057684,0.15877620154445646,0.1682900432900433,0.48717948717948717,0.5128205128205128,0.8317099567099567,0.5694935274001962,0.8545508089395457,9,1.0
CCE[CAR-FDH],20,0.8061068702290076,0.6807567432567432,0.2485207100591716,0.16153846153846155,0.5384615384615384,0.6657190234489458,0.7658637658637659,0.15812475397439957,0.17694805194805194,0.46153846153846156,0.5384615384615384,0.823051948051948,0.5686074190085516,0.8505769320830436,9,1.0
CCE[CAR-FDH],20,0.8061068702290076,0.6807567432567432,0.2485207100591716,0.16153846153846155,0.5384615384615384,0.6657190234489458,0.7658637658637659,0.15812475397439957,0.17694805194805194,0.46153846153846156,0.5384615384615384,0.823051948051948,0.5686074190085516,0.8505769320830436,9,1.0
CCE[CAR-FDH],20,0.8061068702290076,0.6807567432567432,0.2485207100591716,0.16153846153846155,0.5384615384615384,0.6657190234489458,0.7658637658637659,0.15812475397439957,0.17694805194805194,0.46153846153846156,0.5384615384615384,0.823051948051948,0.5686074190085516,0.8505769320830436,9,1.0
CCE[CAR-FDH],20,0.8061068702290076,0.6807567432567432,0.2485207100591716,0.16153846153846155,0.5384615384615384,0.6657190234489458,0.7658637658637659,0.15812475397439957,0.17694805194805194,0.46153846153846156,0.5384615384615384,0.823051948051948,0.5686074190085516,0.8505769320830436,9,1.0
CCE[CAR-DEA],5,0.7287531806615776,0.6916694416694417,0.22189781021897811,0.13380281690140844,0.6495726495726496,0.6903871932723525,0.7633015133015133,0.15491485969954313,0.2662337662337662,0.3504273504273504,0.6495726495726496,0.7337662337662337,0.5288225568814459,0.7991974863841084,9,1.0
CCE[CAR-DEA],5,0.7287531806615776,0.6916694416694417,0.22189781021897811,0.13380281690140844,0.6495726495726496,0.6903871932723525,0.7633015133015133,0.15491485969954313,0.2662337662337662,0.3504273504273504,0.6495726495726496,0.7337662337662337,0.5288225568814459,0.7991974863841084,9,1.0
CCE[CAR-DEA],5,0.7287531806615776,0.6916694416694417,0.22189781021897811,0.13380281690140844,0.6495726495726496,0.6903871932723525,0.7633015133015133,0.15491485969954313,0.2662337662337662,0.3504273504273504,0.6495726495726496,0.7337662337662337,0.5288225568814459,0.7991974863841084,9,0.9999999476880879
CCE[CAR-DEA],5,0.7287531806615776,0.6916694416694417,0.22189781021897811,0.13380281690140844,0.6495726495726496,0.6903871932723525,0.7633015133015133,0.15491485969954313,0.2662337662337662,0.3504273504273504,0.6495726495726496,0.7337662337662337,0.5288225568814459,0.7991974863841084,9,1.0
CCE[CAR-DEA],10,0.7577608142493639,0.6910797535797536,0.23225806451612904,0.14314115308151093,0.6153846153846154,0.6869217363437206,0.768506956006956,0.1585249634685278,0.23322510822510822,0.38461538461538464,0.6153846153846154,0.7667748917748918,0.5442257089952246,0.8190430080249013,9,1.0
CCE[CAR-DEA],10,0.7577608142493639,0.6910797535797536,0.23225806451612904,0.14314115308151093,0.6153846153846154,0.6869217363437206,0.768506956006956,0.1585249634685278,0.23322510822510822,0.38461538461538464,0.6153846153846154,0.7667748917748918,0.5442257089952246,0.8190430080249013,9,1.0
CCE[CAR-DEA],10,0.7577608142493639,0.6910797535797536,0.23225806451612904,0.14314115308151093,0.6153846153846154,0.6869217363437206,0.768506956006956,0.1585249634685278,0.23322510822510822,0.38461538461538464,0.6153846153846154,0.7667748917748918,0.5442257089952246,0.8190430080249013,9,0.9999999476880879
CCE[CAR-DEA],10,0.7577608142493639,0.6910797535797536,0.23225806451612904,0.14314115308151093,0.6153846153846154,0.6869217363437206,0.768506956006956,0.1585249634685278,0.23322510822510822,0.38461538461538464,0.6153846153846154,0.7667748917748918,0.5442257089952246,0.8190430080249013,9,1.0
CCE[CAR-DEA],15,0.7557251908396947,0.6899975024975025,0.23076923076923078,0.14201183431952663,0.6153846153846154,0.6859515074183237,0.766876641876642,0.15897288514657368,0.2353896103896104,0.38461538461538464,0.6153846153846154,0.7646103896103896,0.5427893340779003,0.8176528449314917,9,1.0
CCE[CAR-DEA],15,0.7557251908396947,0.6899975024975025,0.23076923076923078,0.14201183431952663,0.6153846153846154,0.6859515074183237,0.766876641876642,0.15897288514657368,0.2353896103896104,0.38461538461538464,0.6153846153846154,0.7646103896103896,0.5427893340779003,0.8176528449314917,9,1.0
CCE[CAR-DEA],15,0.7557251908396947,0.6899975024975025,0.23076923076923078,0.14201183431952663,0.6153846153846154,0.6859515074183237,0.766876641876642,0.15897288514657368,0.2353896103896104,0.38461538461538464,0.6153846153846154,0.7646103896103896,0.5427893340779003,0.8176528449314917,9,0.9999999476880879
CCE[CAR-DEA],15,0.7557251908396947,0.6899975024975025,0.23076923076923078,0.14201183431952663,0.6153846153846154,0.6859515074183237,0.766876641876642,0.15897288514657368,0.2353896103896104,0.38461538461538464,0.6153846153846154,0.7646103896103896,0.5427893340779003,0.8176528449314917,9,1.0
CCE[CAR-DEA],20,0.7608142493638677,0.6967060717060717,0.237012987012987,0.1462925851703407,0.6239316239316239,0.6928948189323038,0.7644947644947645,0.15535655346052202,0.2305194805194805,0.37606837606837606,0.6239316239316239,0.7694805194805194,0.5475952080508508,0.8211920653620681,9,1.0
CCE[CAR-DEA],20,0.7608142493638677,0.6967060717060717,0.237012987012987,0.1462925851703407,0.6239316239316239,0.6928948189323038,0.7644947644947645,0.15535655346052202,0.2305194805194805,0.37606837606837606,0.6239316239316239,0.7694805194805194,0.5475952080508508,0.8211920653620681,9,1.0
CCE[CAR-DEA],20,0.7608142493638677,0.6967060717060717,0.237012987012987,0.1462925851703407,0.6239316239316239,0.6928948189323038,0.7644947644947645,0.15535655346052202,0.2305194805194805,0.37606837606837606,0.6239316239316239,0.7694805194805194,0.5475952080508508,0.8211920653620681,9,0.9999999476880879
CCE[CAR-DEA],20,0.7608142493638677,0.6967060717060717,0.237012987012987,0.1462925851703407,0.6239316239316239,0.6928948189323038,0.7644947644947645,0.15535655346052202,0.2305194805194805,0.37606837606837606,0.6239316239316239,0.7694805194805194,0.5475952080508508,0.8211920653620681,9,1.0
CCE[FDH],5,0.9323155216284987,0.5156857031857032,0.06993006993006994,0.19230769230769232,0.042735042735042736,0.20554663035286483,0.7557095682095682,0.1606275063253576,0.011363636363636364,0.9572649572649573,0.042735042735042736,0.9886363636363636,0.5174049610278816,0.9115927658575568,9,0.6262332983462926
CCE[FDH],5,0.9323155216284987,0.5156857031857032,0.06993006993006994,0.19230769230769232,0.042735042735042736,0.20554663035286483,0.7557095682095682,0.1606275063253576,0.011363636363636364,0.9572649572649573,0.042735042735042736,0.9886363636363636,0.5174049610278816,0.9115927658575568,9,1.0
CCE[FDH],5,0.9323155216284987,0.5156857031857032,0.06993006993006994,0.19230769230769232,0.042735042735042736,0.20554663035286483,0.7557095682095682,0.1606275063253576,0.011363636363636364,0.9572649572649573,0.042735042735042736,0.9886363636363636,0.5174049610278816,0.9115927658575568,9,1.0
CCE[FDH],5,0.9323155216284987,0.5156857031857032,0.06993006993006994,0.19230769230769232,0.042735042735042736,0.20554663035286483,0.7557095682095682,0.1606275063253576,0.011363636363636364,0.9572649572649573,0.042735042735042736,0.9886363636363636,0.5174049610278816,0.9115927658575568,9,0.9301893319160764
CCE[FDH],10,0.9027989821882951,0.5960636585636585,0.23293172690763053,0.2196969696969697,0.24786324786324787,0.4837854473300732,0.77006327006327,0.16521551109916385,0.055735930735930736,0.7521367521367521,0.24786324786324787,0.9442640692640693,0.5905218265073333,0.9055286776050867,9,0.6262332983462926
CCE[FDH],10,0.9027989821882951,0.5960636585636585,0.23293172690763053,0.2196969696969697,0.24786324786324787,0.4837854473300732,0.77006327006327,0.16521551109916385,0.055735930735930736,0.7521367521367521,0.24786324786324787,0.9442640692640693,0.5905218265073333,0.9055286776050867,9,1.0
CCE[FDH],10,0.9027989821882951,0.5960636585636585,0.23293172690763053,0.2196969696969697,0.24786324786324787,0.4837854473300732,0.77006327006327,0.16521551109916385,0.055735930735930736,0.7521367521367521,0.24786324786324787,0.9442640692640693,0.5905218265073333,0.9055286776050867,9,1.0
CCE[FDH],10,0.9027989821882951,0.5960636585636585,0.23293172690763053,0.2196969696969697,0.24786324786324787,0.4837854473300732,0.77006327006327,0.16521551109916385,0.055735930735930736,0.7521367521367521,0.24786324786324787,0.9442640692640693,0.5905218265073333,0.9055286776050867,9,0.9301893319160764
CCE[FDH],15,0.878880407124682,0.6273795648795648,0.25157232704402516,0.19900497512437812,0.3418803418803419,0.5586549132472676,0.7692122692122693,0.16194391341301362,0.08712121212121213,0.6581196581196581,0.3418803418803419,0.9128787878787878,0.5928404270879041,0.8934689671265577,9,0.6262332983462926
CCE[FDH],15,0.878880407124682,0.6273795648795648,0.25157232704402516,0.19900497512437812,0.3418803418803419,0.5586549132472676,0.7692122692122693,0.16194391341301362,0.08712121212121213,0.6581196581196581,0.3418803418803419,0.9128787878787878,0.5928404270879041,0.8934689671265577,9,1.0
CCE[FDH],15,0.878880407124682,0.6273795648795648,0.25157232704402516,0.19900497512437812,0.3418803418803419,0.5586549132472676,0.7692122692122693,0.16194391341301362,0.08712121212121213,0.6581196581196581,0.3418803418803419,0.9128787878787878,0.5928404270879041,0.8934689671265577,9,1.0
CCE[FDH],15,0.878880407124682,0.6273795648795648,0.25157232704402516,0.19900497512437812,0.3418803418803419,0.5586549132472676,0.7692122692122693,0.16194391341301362,0.08712121212121213,0.6581196581196581,0.3418803418803419,0.9128787878787878,0.5928404270879041,0.8934689671265577,9,0.9301893319160764
CCE[FDH],20,0.8865139949109415,0.5994144744144745,0.2229965156794425,0.18823529411764706,0.27350427350427353,0.5030708231255845,0.7680051430051431,0.16203597013894644,0.07467532467532467,0.7264957264957265,0.27350427350427353,0.9253246753246753,0.5808916149629714,0.896167145171515,9,0.6262332983462926
CCE[FDH],20,0.8865139949109415,0.5994144744144745,0.2229965156794425,0.18823529411764706,0.27350427350427353,0.5030708231255845,0.7680051430051431,0.16203597013894644,0.07467532467532467,0.7264957264957265,0.27350427350427353,0.9253246753246753,0.5808916149629714,0.896167145171515,9,1.0
CCE[FDH],20,0.8865139949109415,0.5994144744144745,0.2229965156794425,0.18823529411764706,0.27350427350427353,0.5030708231255845,0.7680051430051431,0.16203597013894644,0.07467532467532467,0.7264957264957265,0.27350427350427353,0.9253246753246753,0.5808916149629714,0.896167145171515,9,1.0
CCE[FDH],20,0.8865139949109415,0.5994144744144745,0.2229965156794425,0.18823529411764706,0.27350427350427353,0.5030708231255845,0.7680051430051431,0.16203597013894644,0.07467532467532467,0.7264957264957265,0.27350427350427353,0.9253246753246753,0.5808916149629714,0.896167145171515,9,0.9301893319160764
CCE[DEA],5,0.8768447837150127,0.5942737817737818,0.20915032679738563,0.1693121693121693,0.27350427350427353,0.5002681783486236,0.7631835756835755,0.15722740743045985,0.08495670995670995,0.7264957264957265,0.27350427350427353,0.91504329004329,0.5711866424273904,0.8901102365014557,9,0.7977701966367654
CCE[DEA],5,0.8768447837150127,0.5942737817737818,0.20915032679738563,0.1693121693121693,0.27350427350427353,0.5002681783486236,0.7631835756835755,0.15722740743045985,0.08495670995670995,0.7264957264957265,0.27350427350427353,0.91504329004329,0.5711866424273904,0.8901102365014557,9,0.6513800130555882
CCE[DEA],5,0.8768447837150127,0.5942737817737818,0.20915032679738563,0.1693121693121693,0.27350427350427353,0.5002681783486236,0.7631835756835755,0.15722740743045985,0.08495670995670995,0.7264957264957265,0.27350427350427353,0.91504329004329,0.5711866424273904,0.8901102365014557,9,0.63524194527586
CCE[DEA],5,0.8768447837150127,0.5942737817737818,0.20915032679738563,0.1693121693121693,0.27350427350427353,0.5002681783486236,0.7631835756835755,0.15722740743045985,0.08495670995670995,0.7264957264957265,0.27350427350427353,0.91504329004329,0.5711866424273904,0.8901102365014557,9,0.648128015801845
CCE[DEA],10,0.9211195928753181,0.5257450882450883,0.10404624277456648,0.16071428571428573,0.07692307692307693,0.27380047473790103,0.7653527028527027,0.15979007940543413,0.025432900432900432,0.9230769230769231,0.07692307692307693,0.9745670995670995,0.5313949606207141,0.9078532967996871,9,0.7977701966367654
CCE[DEA],10,0.9211195928753181,0.5257450882450883,0.10404624277456648,0.16071428571428573,0.07692307692307693,0.27380047473790103,0.7653527028527027,0.15979007940543413,0.025432900432900432,0.9230769230769231,0.07692307692307693,0.9745670995670995,0.5313949606207141,0.9078532967996871,9,0.6513800130555882
CCE[DEA],10,0.9211195928753181,0.5257450882450883,0.10404624277456648,0.16071428571428573,0.07692307692307693,0.27380047473790103,0.7653527028527027,0.15979007940543413,0.025432900432900432,0.9230769230769231,0.07692307692307693,0.9745670995670995,0.5313949606207141,0.9078532967996871,9,0.63524194527586
CCE[DEA],10,0.9211195928753181,0.5257450882450883,0.10404624277456648,0.16071428571428573,0.07692307692307693,0.27380047473790103,0.7653527028527027,0.15979007940543413,0.025432900432900432,0.9230769230769231,0.07692307692307693,0.9745670995670995,0.5313949606207141,0.9078532967996871,9,0.648128015801845
CCE[DEA],15,0.92264631043257,0.5225538350538351,0.09523809523809523,0.1568627450980392,0.06837606837606838,0.25842806888004016,0.7642080142080143,0.16052802823579188,0.023268398268398268,0.9316239316239316,0.06837606837606838,0.9767316017316018,0.5274170274170273,0.9081303768326668,9,0.7977701966367654
CCE[DEA],15,0.92264631043257,0.5225538350538351,0.09523809523809523,0.1568627450980392,0.06837606837606838,0.25842806888004016,0.7642080142080143,0.16052802823579188,0.023268398268398268,0.9316239316239316,0.06837606837606838,0.9767316017316018,0.5274170274170273,0.9081303768326668,9,0.6513800130555882
CCE[DEA],15,0.92264631043257,0.5225538350538351,0.09523809523809523,0.1568627450980392,0.06837606837606838,0.25842806888004016,0.7642080142080143,0.16052802823579188,0.023268398268398268,0.9316239316239316,0.06837606837606838,0.9767316017316018,0.5274170274170273,0.9081303768326668,9,0.63524194527586
CCE[DEA],15,0.92264631043257,0.5225538350538351,0.09523809523809523,0.1568627450980392,0.06837606837606838,0.25842806888004016,0.7642080142080143,0.16052802823579188,0.023268398268398268,0.9316239316239316,0.06837606837606838,0.9767316017316018,0.5274170274170273,0.9081303768326668,9,0.648128015801845
CCE[DEA],20,0.9241730279898219,0.5233655233655233,0.09696969696969697,0.16666666666666666,0.06837606837606838,0.25864273988663766,0.7654012654012654,0.16191714958308628,0.021645021645021644,0.9316239316239316,0.06837606837606838,0.9783549783549783,0.5286973318845829,0.9090131263057876,9,0.7977701966367654
CCE[DEA],20,0.9241730279898219,0.5233655233655233,0.09696969696969697,0.16666666666666666,0.06837606837606838,0.25864273988663766,0.7654012654012654,0.16191714958308628,0.021645021645021644,0.9316239316239316,0.06837606837606838,0.9783549783549783,0.5286973318845829,0.9090131263057876,9,0.6513800130555882
CCE[DEA],20,0.9241730279898219,0.5233655233655233,0.09696969696969697,0.16666666666666666,0.06837606837606838,0.25864273988663766,0.7654012654012654,0.16191714958308628,0.021645021645021644,0.9316239316239316,0.06837606837606838,0.9783549783549783,0.5286973318845829,0.9090131263057876,9,0.63524194527586
CCE[DEA],20,0.9241730279898219,0.5233655233655233,0.09696969696969697,0.16666666666666666,0.06837606837606838,0.25864273988663766,0.7654012654012654,0.16191714958308628,0.021645021645021644,0.9316239316239316,0.06837606837606838,0.9783549783549783,0.5286973318845829,0.9090131263057876,9,0.648128015801845
