method,Kmax,acc,balanced_accuracy,f1,precision,recall,gmean,auc,pr_auc,fpr,fnr,tpr,tnr,f1_macro,f1_weighted,run_seed,eff
CCE[CAR-FDH],5,0.7865,0.7083451390896831,0.5406955898171387,0.5157318741450069,0.5681989449886963,0.6943427686315966,0.7813975198800337,0.562629647843089,0.1515086668093302,0.43180105501130367,0.5681989449886963,0.8484913331906698,0.7008113710675097,0.7901026050781332,0,1.0
CCE[CAR-FDH],5,0.7865,0.7083451390896831,0.5406955898171387,0.5157318741450069,0.5681989449886963,0.6943427686315966,0.7813975198800337,0.562629647843089,0.1515086668093302,0.43180105501130367,0.5681989449886963,0.8484913331906698,0.7008113710675097,0.7901026050781332,0,0.9951399830712795
CCE[CAR-FDH],5,0.7865,0.7083451390896831,0.5406955898171387,0.5157318741450069,0.5681989449886963,0.6943427686315966,0.7813975198800337,0.562629647843089,0.1515086668093302,0.43180105501130367,0.5681989449886963,0.8484913331906698,0.7008113710675097,0.7901026050781332,0,0.9914226951358692
CCE[CAR-FDH],5,0.7865,0.7083451390896831,0.5406955898171387,0.5157318741450069,0.5681989449886963,0.6943427686315966,0.7813975198800337,0.562629647843089,0.1515086668093302,0.43180105501130367,0.5681989449886963,0.8484913331906698,0.7008113710675097,0.7901026050781332,0,1.0
CCE[CAR-FDH],10,0.783,0.7109544464174011,0.5425158116654955,0.5082290980908493,0.5817633760361718,0.6991179387016367,0.7792623242017387,0.5604885096428923,0.15985448320136958,0.41823662396382816,0.5817633760361718,0.8401455167986305,0.7001414540084087,0.7880440205549734,0,1.0
CCE[CAR-FDH],10,0.783,0.7109544464174011,0.5425158116654955,0.5082290980908493,0.5817633760361718,0.6991179387016367,0.7792623242017387,0.5604885096428923,0.15985448320136958,0.41823662396382816,0.5817633760361718,0.8401455167986305,0.7001414540084087,0.7880440205549734,0,0.9951399830712795
CCE[CAR-FDH],10,0.783,0.7109544464174011,0.5425158116654955,0.5082290980908493,0.5817633760361718,0.6991179387016367,0.7792623242017387,0.5604885096428923,0.15985448320136958,0.41823662396382816,0.5817633760361718,0.8401455167986305,0.7001414540084087,0.7880440205549734,0,0.9914226951358692
CCE[CAR-FDH],10,0.783,0.7109544464174011,0.5425158116654955,0.5082290980908493,0.5817633760361718,0.6991179387016367,0.7792623242017387,0.5604885096428923,0.15985448320136958,0.41823662396382816,0.5817633760361718,0.8401455167986305,0.7001414540084087,0.7880440205549734,0,1.0
CCE[CAR-FDH],15,0.7838333333333334,0.7098706820160582,0.5415341109932839,0.5099866844207723,0.5772418990203466,0.6973707701839962,0.7804200274436464,0.5621022683712991,0.15750053498823025,0.42275810097965333,0.5772418990203466,0.8424994650117698,0.7000550284548799,0.7884568600926299,0,1.0
CCE[CAR-FDH],15,0.7838333333333334,0.7098706820160582,0.5415341109932839,0.5099866844207723,0.5772418990203466,0.6973707701839962,0.7804200274436464,0.5621022683712991,0.15750053498823025,0.42275810097965333,0.5772418990203466,0.8424994650117698,0.7000550284548799,0.7884568600926299,0,0.9951399830712795
CCE[CAR-FDH],15,0.7838333333333334,0.7098706820160582,0.5415341109932839,0.5099866844207723,0.5772418990203466,0.6973707701839962,0.7804200274436464,0.5621022683712991,0.15750053498823025,0.42275810097965333,0.5772418990203466,0.8424994650117698,0.7000550284548799,0.7884568600926299,0,0.9914226951358692
CCE[CAR-FDH],15,0.7838333333333334,0.7098706820160582,0.5415341109932839,0.5099866844207723,0.5772418990203466,0.6973707701839962,0.7804200274436464,0.5621022683712991,0.15750053498823025,0.42275810097965333,0.5772418990203466,0.8424994650117698,0.7000550284548799,0.7884568600926299,0,1.0
CCE[CAR-FDH],20,0.7835,0.7112754393555565,0.5430882870207527,0.5092348284960422,0.5817633760361718,0.6993849984702243,0.7818613913628791,0.5627508306576918,0.15921249732505885,0.41823662396382816,0.5817633760361718,0.8407875026749412,0.7006147998388682,0.7884620851537707,0,1.0
CCE[CAR-FDH],20,0.7835,0.7112754393555565,0.5430882870207527,0.5092348284960422,0.5817633760361718,0.6993849984702243,0.7818613913628791,0.5627508306576918,0.15921249732505885,0.41823662396382816,0.5817633760361718,0.8407875026749412,0.7006147998388682,0.7884620851537707,0,0.9951399830712795
CCE[CAR-FDH],20,0.7835,0.7112754393555565,0.5430882870207527,0.5092348284960422,0.5817633760361718,0.6993849984702243,0.7818613913628791,0.5627508306576918,0.15921249732505885,0.41823662396382816,0.5817633760361718,0.8407875026749412,0.7006147998388682,0.7884620851537707,0,0.9914226951358692
CCE[CAR-FDH],20,0.7835,0.7112754393555565,0.5430882870207527,0.5092348284960422,0.5817633760361718,0.6993849984702243,0.7818613913628791,0.5627508306576918,0.15921249732505885,0.41823662396382816,0.5817633760361718,0.8407875026749412,0.7006147998388682,0.7884620851537707,0,1.0
CCE[CAR-DEA],5,0.7786666666666666,0.7138381418306612,0.5442690459849004,0.49968494013862635,0.5975885455915599,0.704308827224604,0.782511762887411,0.559915397573023,0.16991226193023753,0.4024114544084401,0.5975885455915599,0.8300877380697624,0.6990550600824789,0.7853740606108951,0,1.0
CCE[CAR-DEA],5,0.7786666666666666,0.7138381418306612,0.5442690459849004,0.49968494013862635,0.5975885455915599,0.704308827224604,0.782511762887411,0.559915397573023,0.16991226193023753,0.4024114544084401,0.5975885455915599,0.8300877380697624,0.6990550600824789,0.7853740606108951,0,0.9929142035324012
CCE[CAR-DEA],5,0.7786666666666666,0.7138381418306612,0.5442690459849004,0.49968494013862635,0.5975885455915599,0.704308827224604,0.782511762887411,0.559915397573023,0.16991226193023753,0.4024114544084401,0.5975885455915599,0.8300877380697624,0.6990550600824789,0.7853740606108951,0,0.9843675122160602
CCE[CAR-DEA],5,0.7786666666666666,0.7138381418306612,0.5442690459849004,0.49968494013862635,0.5975885455915599,0.704308827224604,0.782511762887411,0.559915397573023,0.16991226193023753,0.4024114544084401,0.5975885455915599,0.8300877380697624,0.6990550600824789,0.7853740606108951,0,0.9999999999999999
CCE[CAR-DEA],10,0.7771666666666667,0.7117959945951271,0.5413379073756432,0.4968513853904282,0.5945742275810098,0.7020773427904894,0.7818131738856078,0.5614092615184901,0.1709822383907554,0.4054257724189902,0.5945742275810098,0.8290177616092446,0.6970861248490765,0.7839417141267611,0,1.0
CCE[CAR-DEA],10,0.7771666666666667,0.7117959945951271,0.5413379073756432,0.4968513853904282,0.5945742275810098,0.7020773427904894,0.7818131738856078,0.5614092615184901,0.1709822383907554,0.4054257724189902,0.5945742275810098,0.8290177616092446,0.6970861248490765,0.7839417141267611,0,0.9929142035324012
CCE[CAR-DEA],10,0.7771666666666667,0.7117959945951271,0.5413379073756432,0.4968513853904282,0.5945742275810098,0.7020773427904894,0.7818131738856078,0.5614092615184901,0.1709822383907554,0.4054257724189902,0.5945742275810098,0.8290177616092446,0.6970861248490765,0.7839417141267611,0,0.9843675122160602
CCE[CAR-DEA],10,0.7771666666666667,0.7117959945951271,0.5413379073756432,0.4968513853904282,0.5945742275810098,0.7020773427904894,0.7818131738856078,0.5614092615184901,0.1709822383907554,0.4054257724189902,0.5945742275810098,0.8290177616092446,0.6970861248490765,0.7839417141267611,0,0.9999999999999999
CCE[CAR-DEA],15,0.7808333333333334,0.7092936849134609,0.5397269863493175,0.503921568627451,0.5810097965335342,0.6975964273419428,0.7815516061660962,0.5624340535565424,0.16242242670661244,0.4189902034664657,0.5810097965335342,0.8375775732933876,0.6979505543143285,0.7861865640494828,0,1.0
CCE[CAR-DEA],15,0.7808333333333334,0.7092936849134609,0.5397269863493175,0.503921568627451,0.5810097965335342,0.6975964273419428,0.7815516061660962,0.5624340535565424,0.16242242670661244,0.4189902034664657,0.5810097965335342,0.8375775732933876,0.6979505543143285,0.7861865640494828,0,0.9929142035324012
CCE[CAR-DEA],15,0.7808333333333334,0.7092936849134609,0.5397269863493175,0.503921568627451,0.5810097965335342,0.6975964273419428,0.7815516061660962,0.5624340535565424,0.16242242670661244,0.4189902034664657,0.5810097965335342,0.8375775732933876,0.6979505543143285,0.7861865640494828,0,0.9843675122160602
CCE[CAR-DEA],15,0.7808333333333334,0.7092936849134609,0.5397269863493175,0.503921568627451,0.5810097965335342,0.6975964273419428,0.7815516061660962,0.5624340535565424,0.16242242670661244,0.4189902034664657,0.5810097965335342,0.8375775732933876,0.6979505543143285,0.7861865640494828,0,0.9999999999999999
CCE[CAR-DEA],20,0.7826666666666666,0.7123592037568993,0.544055944055944,0.507501630789302,0.586284853051997,0.7011140372803136,0.7818049494998525,0.5627092806531925,0.16156644553819816,0.413715146948003,0.586284853051997,0.8384335544618018,0.7006931799054337,0.7880445450974991,0,1.0
CCE[CAR-DEA],20,0.7826666666666666,0.7123592037568993,0.544055944055944,0.507501630789302,0.586284853051997,0.7011140372803136,0.7818049494998525,0.5627092806531925,0.16156644553819816,0.413715146948003,0.586284853051997,0.8384335544618018,0.7006931799054337,0.7880445450974991,0,0.9929142035324012
CCE[CAR-DEA],20,0.7826666666666666,0.7123592037568993,0.544055944055944,0.507501630789302,0.586284853051997,0.7011140372803136,0.7818049494998525,0.5627092806531925,0.16156644553819816,0.413715146948003,0.586284853051997,0.8384335544618018,0.7006931799054337,0.7880445450974991,0,0.9843675122160602
CCE[CAR-DEA],20,0.7826666666666666,0.7123592037568993,0.544055944055944,0.507501630789302,0.586284853051997,0.7011140372803136,0.7818049494998525,0.5627092806531925,0.16156644553819816,0.413715146948003,0.586284853051997,0.8384335544618018,0.7006931799054337,0.7880445450974991,0,0.9999999999999999
CCE[FDH],5,0.8065,0.6809858329311179,0.5103331927456769,0.5795019157088123,0.4559155990957046,0.6427169629737189,0.7633015329126212,0.5441870069769986,0.09394393323346886,0.5440844009042954,0.4559155990957046,0.9060560667665312,0.694879962246761,0.7977955440385321,0,0.8970190452546314
CCE[FDH],5,0.8065,0.6809858329311179,0.5103331927456769,0.5795019157088123,0.4559155990957046,0.6427169629737189,0.7633015329126212,0.5441870069769986,0.09394393323346886,0.5440844009042954,0.4559155990957046,0.9060560667665312,0.694879962246761,0.7977955440385321,0,1.0
CCE[FDH],5,0.8065,0.6809858329311179,0.5103331927456769,0.5795019157088123,0.4559155990957046,0.6427169629737189,0.7633015329126212,0.5441870069769986,0.09394393323346886,0.5440844009042954,0.4559155990957046,0.9060560667665312,0.694879962246761,0.7977955440385321,0,0.9999999999999999
CCE[FDH],5,0.8065,0.6809858329311179,0.5103331927456769,0.5795019157088123,0.4559155990957046,0.6427169629737189,0.7633015329126212,0.5441870069769986,0.09394393323346886,0.5440844009042954,0.4559155990957046,0.9060560667665312,0.694879962246761,0.7977955440385321,0,0.9999999210582899
CCE[FDH],10,0.8026666666666666,0.7017270081248868,0.5385814497272019,0.5577078288942696,0.520723436322532,0.6779811951128842,0.7756655261647545,0.5566916038481452,0.1172694200727584,0.47927656367746796,0.520723436322532,0.8827305799272416,0.7065389758705969,0.8002032896165636,0,0.8970190452546314
CCE[FDH],10,0.8026666666666666,0.7017270081248868,0.5385814497272019,0.5577078288942696,0.520723436322532,0.6779811951128842,0.7756655261647545,0.5566916038481452,0.1172694200727584,0.47927656367746796,0.520723436322532,0.8827305799272416,0.7065389758705969,0.8002032896165636,0,1.0
CCE[FDH],10,0.8026666666666666,0.7017270081248868,0.5385814497272019,0.5577078288942696,0.520723436322532,0.6779811951128842,0.7756655261647545,0.5566916038481452,0.1172694200727584,0.47927656367746796,0.520723436322532,0.8827305799272416,0.7065389758705969,0.8002032896165636,0,0.9999999999999999
CCE[FDH],10,0.8026666666666666,0.7017270081248868,0.5385814497272019,0.5577078288942696,0.520723436322532,0.6779811951128842,0.7756655261647545,0.5566916038481452,0.1172694200727584,0.47927656367746796,0.520723436322532,0.8827305799272416,0.7065389758705969,0.8002032896165636,0,0.9999999210582899
CCE[FDH],15,0.8046666666666666,0.6973453456669017,0.5334394904458599,0.5654008438818565,0.5048982667671439,0.6702646141235871,0.7765406975665977,0.5566017609206986,0.11020757543334046,0.49510173323285606,0.5048982667671439,0.8897924245666595,0.7049575192532841,0.8006074066515577,0,0.8970190452546314
CCE[FDH],15,0.8046666666666666,0.6973453456669017,0.5334394904458599,0.5654008438818565,0.5048982667671439,0.6702646141235871,0.7765406975665977,0.5566017609206986,0.11020757543334046,0.49510173323285606,0.5048982667671439,0.8897924245666595,0.7049575192532841,0.8006074066515577,0,1.0
CCE[FDH],15,0.8046666666666666,0.6973453456669017,0.5334394904458599,0.5654008438818565,0.5048982667671439,0.6702646141235871,0.7765406975665977,0.5566017609206986,0.11020757543334046,0.49510173323285606,0.5048982667671439,0.8897924245666595,0.7049575192532841,0.8006074066515577,0,0.9999999999999999
CCE[FDH],15,0.8046666666666666,0.6973453456669017,0.5334394904458599,0.5654008438818565,0.5048982667671439,0.6702646141235871,0.7765406975665977,0.5566017609206986,0.11020757543334046,0.49510173323285606,0.5048982667671439,0.8897924245666595,0.7049575192532841,0.8006074066515577,0,0.9999999210582899
CCE[FDH],20,0.796,0.6998752312302181,0.5335365853658537,0.5397070161912105,0.5275056518462697,0.6783170846975269,0.7775045633246257,0.557684106236242,0.12775518938583352,0.4724943481537302,0.5275056518462697,0.8722448106141665,0.7014952551402647,0.7951602066511279,0,0.8970190452546314
CCE[FDH],20,0.796,0.6998752312302181,0.5335365853658537,0.5397070161912105,0.5275056518462697,0.6783170846975269,0.7775045633246257,0.557684106236242,0.12775518938583352,0.4724943481537302,0.5275056518462697,0.8722448106141665,0.7014952551402647,0.7951602066511279,0,1.0
CCE[FDH],20,0.796,0.6998752312302181,0.5335365853658537,0.5397070161912105,0.5275056518462697,0.6783170846975269,0.7775045633246257,0.557684106236242,0.12775518938583352,0.4724943481537302,0.5275056518462697,0.8722448106141665,0.7014952551402647,0.7951602066511279,0,0.9999999999999999
CCE[FDH],20,0.796,0.6998752312302181,0.5335365853658537,0.5397070161912105,0.5275056518462697,0.6783170846975269,0.7775045633246257,0.557684106236242,0.12775518938583352,0.4724943481537302,0.5275056518462697,0.8722448106141665,0.7014952551402647,0.7951602066511279,0,0.9999999210582899
CCE[DEA],5,0.8016666666666666,0.6986568933011732,0.5340642129992169,0.5558272208638957,0.5139412207987942,0.6737963897864405,0.7757118084924362,0.5540379135481395,0.11662743419644768,0.4860587792012057,0.5139412207987942,0.8833725658035523,0.7040424812614123,0.7988336955289634,0,0.990275830447205
CCE[DEA],5,0.8016666666666666,0.6986568933011732,0.5340642129992169,0.5558272208638957,0.5139412207987942,0.6737963897864405,0.7757118084924362,0.5540379135481395,0.11662743419644768,0.4860587792012057,0.5139412207987942,0.8833725658035523,0.7040424812614123,0.7988336955289634,0,1.0
CCE[DEA],5,0.8016666666666666,0.6986568933011732,0.5340642129992169,0.5558272208638957,0.5139412207987942,0.6737963897864405,0.7757118084924362,0.5540379135481395,0.11662743419644768,0.4860587792012057,0.5139412207987942,0.8833725658035523,0.7040424812614123,0.7988336955289634,0,0.9935113431149577
CCE[DEA],5,0.8016666666666666,0.6986568933011732,0.5340642129992169,0.5558272208638957,0.5139412207987942,0.6737963897864405,0.7757118084924362,0.5540379135481395,0.11662743419644768,0.4860587792012057,0.5139412207987942,0.8833725658035523,0.7040424812614123,0.7988336955289634,0,0.9984076103143157
CCE[DEA],10,0.7986666666666666,0.7015871935670467,0.5368098159509203,0.546448087431694,0.5275056518462697,0.6796471194740709,0.7793752079277919,0.5601987501015546,0.12433126471217633,0.4724943481537302,0.5275056518462697,0.8756687352878236,0.7040948568681347,0.7973841480196348,0,0.990275830447205
CCE[DEA],10,0.7986666666666666,0.7015871935670467,0.5368098159509203,0.546448087431694,0.5275056518462697,0.6796471194740709,0.7793752079277919,0.5601987501015546,0.12433126471217633,0.4724943481537302,0.5275056518462697,0.8756687352878236,0.7040948568681347,0.7973841480196348,0,1.0
CCE[DEA],10,0.7986666666666666,0.7015871935670467,0.5368098159509203,0.546448087431694,0.5275056518462697,0.6796471194740709,0.7793752079277919,0.5601987501015546,0.12433126471217633,0.4724943481537302,0.5275056518462697,0.8756687352878236,0.7040948568681347,0.7973841480196348,0,0.9935113431149577
CCE[DEA],10,0.7986666666666666,0.7015871935670467,0.5368098159509203,0.546448087431694,0.5275056518462697,0.6796471194740709,0.7793752079277919,0.5601987501015546,0.12433126471217633,0.4724943481537302,0.5275056518462697,0.8756687352878236,0.7040948568681347,0.7973841480196348,0,0.9984076103143157
CCE[DEA],15,0.7998333333333333,0.6996382560367395,0.5346764819837272,0.5502392344497608,0.5199698568198945,0.6761752403282648,0.7776327669849289,0.558603617442647,0.12069334474641558,0.4800301431801055,0.5199698568198945,0.8793066552535844,0.7035841269670202,0.79777829031937,0,0.990275830447205
CCE[DEA],15,0.7998333333333333,0.6996382560367395,0.5346764819837272,0.5502392344497608,0.5199698568198945,0.6761752403282648,0.7776327669849289,0.558603617442647,0.12069334474641558,0.4800301431801055,0.5199698568198945,0.8793066552535844,0.7035841269670202,0.79777829031937,0,1.0
CCE[DEA],15,0.7998333333333333,0.6996382560367395,0.5346764819837272,0.5502392344497608,0.5199698568198945,0.6761752403282648,0.7776327669849289,0.558603617442647,0.12069334474641558,0.4800301431801055,0.5199698568198945,0.8793066552535844,0.7035841269670202,0.79777829031937,0,0.9935113431149577
CCE[DEA],15,0.7998333333333333,0.6996382560367395,0.5346764819837272,0.5502392344497608,0.5199698568198945,0.6761752403282648,0.7776327669849289,0.558603617442647,0.12069334474641558,0.4800301431801055,0.5199698568198945,0.8793066552535844,0.7035841269670202,0.79777829031937,0,0.9984076103143157
CCE[DEA],20,0.7975,0.7005684179394173,0.5350172215843858,0.5435458786936236,0.5267520723436323,0.6786633821106489,0.7784627848963509,0.5583119016258551,0.12561523646479777,0.47324792765636775,0.5267520723436323,0.8743847635352022,0.7027914487595947,0.7963535427809695,0,0.990275830447205
CCE[DEA],20,0.7975,0.7005684179394173,0.5350172215843858,0.5435458786936236,0.5267520723436323,0.6786633821106489,0.7784627848963509,0.5583119016258551,0.12561523646479777,0.47324792765636775,0.5267520723436323,0.8743847635352022,0.7027914487595947,0.7963535427809695,0,1.0
CCE[DEA],20,0.7975,0.7005684179394173,0.5350172215843858,0.5435458786936236,0.5267520723436323,0.6786633821106489,0.7784627848963509,0.5583119016258551,0.12561523646479777,0.47324792765636775,0.5267520723436323,0.8743847635352022,0.7027914487595947,0.7963535427809695,0,0.9935113431149577
CCE[DEA],20,0.7975,0.7005684179394173,0.5350172215843858,0.5435458786936236,0.5267520723436323,0.6786633821106489,0.7784627848963509,0.5583119016258551,0.12561523646479777,0.47324792765636775,0.5267520723436323,0.8743847635352022,0.7027914487595947,0.7963535427809695,0,0.9984076103143157
CCE[CAR-FDH],5,0.7823333333333333,0.7205087637280722,0.5533515731874145,0.506574827802129,0.6096458176337604,0.7119285679000701,0.7833080769434827,0.5672698763256033,0.1686282901776161,0.39035418236623964,0.6096458176337604,0.831371709822384,0.7047277918823807,0.7891452631746068,1,1.0
CCE[CAR-FDH],5,0.7823333333333333,0.7205087637280722,0.5533515731874145,0.506574827802129,0.6096458176337604,0.7119285679000701,0.7833080769434827,0.5672698763256033,0.1686282901776161,0.39035418236623964,0.6096458176337604,0.831371709822384,0.7047277918823807,0.7891452631746068,1,1.0
CCE[CAR-FDH],5,0.7823333333333333,0.7205087637280722,0.5533515731874145,0.506574827802129,0.6096458176337604,0.7119285679000701,0.7833080769434827,0.5672698763256033,0.1686282901776161,0.39035418236623964,0.6096458176337604,0.831371709822384,0.7047277918823807,0.7891452631746068,1,0.9887763234387076
CCE[CAR-FDH],5,0.7823333333333333,0.7205087637280722,0.5533515731874145,0.506574827802129,0.6096458176337604,0.7119285679000701,0.7833080769434827,0.5672698763256033,0.1686282901776161,0.39035418236623964,0.6096458176337604,0.831371709822384,0.7047277918823807,0.7891452631746068,1,0.9919599398780452
CCE[CAR-FDH],10,0.7873333333333333,0.7185926431095532,0.5532212885154062,0.5166775670372793,0.5953278070836473,0.7079414996528175,0.7823563058703892,0.5662065616756824,0.15814252086454098,0.4046721929163527,0.5953278070836473,0.841857479135459,0.7068381158237573,0.7925050998527144,1,1.0
CCE[CAR-FDH],10,0.7873333333333333,0.7185926431095532,0.5532212885154062,0.5166775670372793,0.5953278070836473,0.7079414996528175,0.7823563058703892,0.5662065616756824,0.15814252086454098,0.4046721929163527,0.5953278070836473,0.841857479135459,0.7068381158237573,0.7925050998527144,1,1.0
CCE[CAR-FDH],10,0.7873333333333333,0.7185926431095532,0.5532212885154062,0.5166775670372793,0.5953278070836473,0.7079414996528175,0.7823563058703892,0.5662065616756824,0.15814252086454098,0.4046721929163527,0.5953278070836473,0.841857479135459,0.7068381158237573,0.7925050998527144,1,0.9887763234387076
CCE[CAR-FDH],10,0.7873333333333333,0.7185926431095532,0.5532212885154062,0.5166775670372793,0.5953278070836473,0.7079414996528175,0.7823563058703892,0.5662065616756824,0.15814252086454098,0.4046721929163527,0.5953278070836473,0.841857479135459,0.7068381158237573,0.7925050998527144,1,0.9919599398780452
CCE[CAR-FDH],15,0.7803333333333333,0.7173362472385818,0.5489390828199863,0.5028213166144201,0.6043707611152976,0.7083855521869866,0.7826049725926376,0.5673904427765751,0.16969826663813395,0.39562923888470236,0.6043707611152976,0.8303017333618661,0.7018764592333022,0.7871645361464614,1,1.0
CCE[CAR-FDH],15,0.7803333333333333,0.7173362472385818,0.5489390828199863,0.5028213166144201,0.6043707611152976,0.7083855521869866,0.7826049725926376,0.5673904427765751,0.16969826663813395,0.39562923888470236,0.6043707611152976,0.8303017333618661,0.7018764592333022,0.7871645361464614,1,1.0
CCE[CAR-FDH],15,0.7803333333333333,0.7173362472385818,0.5489390828199863,0.5028213166144201,0.6043707611152976,0.7083855521869866,0.7826049725926376,0.5673904427765751,0.16969826663813395,0.39562923888470236,0.6043707611152976,0.8303017333618661,0.7018764592333022,0.7871645361464614,1,0.9887763234387076
CCE[CAR-FDH],15,0.7803333333333333,0.7173362472385818,0.5489390828199863,0.5028213166144201,0.6043707611152976,0.7083855521869866,0.7826049725926376,0.5673904427765751,0.16969826663813395,0.39562923888470236,0.6043707611152976,0.8303017333618661,0.7018764592333022,0.7871645361464614,1,0.9919599398780452
CCE[CAR-FDH],20,0.7821666666666667,0.7182434292398845,0.5507047095221725,0.5063211125158028,0.6036171816126601,0.709037690818458,0.7826936669488223,0.5663031439641473,0.16713032313289108,0.39638281838733985,0.6036171816126601,0.8328696768671089,0.7034680736038978,0.78865910964014,1,1.0
CCE[CAR-FDH],20,0.7821666666666667,0.7182434292398845,0.5507047095221725,0.5063211125158028,0.6036171816126601,0.709037690818458,0.7826936669488223,0.5663031439641473,0.16713032313289108,0.39638281838733985,0.6036171816126601,0.8328696768671089,0.7034680736038978,0.78865910964014,1,1.0
CCE[CAR-FDH],20,0.7821666666666667,0.7182434292398845,0.5507047095221725,0.5063211125158028,0.6036171816126601,0.709037690818458,0.7826936669488223,0.5663031439641473,0.16713032313289108,0.39638281838733985,0.6036171816126601,0.8328696768671089,0.7034680736038978,0.78865910964014,1,0.9887763234387076
CCE[CAR-FDH],20,0.7821666666666667,0.7182434292398845,0.5507047095221725,0.5063211125158028,0.6036171816126601,0.709037690818458,0.7826936669488223,0.5663031439641473,0.16713032313289108,0.39638281838733985,0.6036171816126601,0.8328696768671089,0.7034680736038978,0.78865910964014,1,0.9919599398780452
CCE[CAR-DEA],5,0.7851666666666667,0.7147735447634771,0.5478779375657664,0.5124671916010499,0.5885455915599096,0.7035394261331659,0.7817602797968287,0.5649451445566587,0.15899850203295526,0.4114544084400904,0.5885455915599096,0.8410014979670447,0.7034941114214229,0.7902760643749274,1,0.9798923739617738
CCE[CAR-DEA],5,0.7851666666666667,0.7147735447634771,0.5478779375657664,0.5124671916010499,0.5885455915599096,0.7035394261331659,0.7817602797968287,0.5649451445566587,0.15899850203295526,0.4114544084400904,0.5885455915599096,0.8410014979670447,0.7034941114214229,0.7902760643749274,1,0.9904397280542446
CCE[CAR-DEA],5,0.7851666666666667,0.7147735447634771,0.5478779375657664,0.5124671916010499,0.5885455915599096,0.7035394261331659,0.7817602797968287,0.5649451445566587,0.15899850203295526,0.4114544084400904,0.5885455915599096,0.8410014979670447,0.7034941114214229,0.7902760643749274,1,0.9925010199332231
CCE[CAR-DEA],5,0.7851666666666667,0.7147735447634771,0.5478779375657664,0.5124671916010499,0.5885455915599096,0.7035394261331659,0.7817602797968287,0.5649451445566587,0.15899850203295526,0.4114544084400904,0.5885455915599096,0.8410014979670447,0.7034941114214229,0.7902760643749274,1,0.9919275889201804
CCE[CAR-DEA],10,0.7798333333333334,0.7175548385109605,0.5489928303175146,0.50187265917603,0.6058779201205727,0.7088111258786203,0.7826112618288035,0.5660873943632899,0.17076824309865182,0.39412207987942727,0.6058779201205727,0.8292317569013482,0.701681951483308,0.7868315847200988,1,0.9798923739617738
CCE[CAR-DEA],10,0.7798333333333334,0.7175548385109605,0.5489928303175146,0.50187265917603,0.6058779201205727,0.7088111258786203,0.7826112618288035,0.5660873943632899,0.17076824309865182,0.39412207987942727,0.6058779201205727,0.8292317569013482,0.701681951483308,0.7868315847200988,1,0.9904397280542446
CCE[CAR-DEA],10,0.7798333333333334,0.7175548385109605,0.5489928303175146,0.50187265917603,0.6058779201205727,0.7088111258786203,0.7826112618288035,0.5660873943632899,0.17076824309865182,0.39412207987942727,0.6058779201205727,0.8292317569013482,0.701681951483308,0.7868315847200988,1,0.9925010199332231
CCE[CAR-DEA],10,0.7798333333333334,0.7175548385109605,0.5489928303175146,0.50187265917603,0.6058779201205727,0.7088111258786203,0.7826112618288035,0.5660873943632899,0.17076824309865182,0.39412207987942727,0.6058779201205727,0.8292317569013482,0.701681951483308,0.7868315847200988,1,0.9919275889201804
CCE[CAR-DEA],15,0.7836666666666666,0.7183970317385497,0.5514858327574291,0.5092533503509892,0.6013564431047476,0.7087988401676543,0.7824793491317872,0.5664954092140588,0.1645623796276482,0.39864355689525244,0.6013564431047476,0.8354376203723518,0.7044712273824484,0.7897860824516674,1,0.9798923739617738
CCE[CAR-DEA],15,0.7836666666666666,0.7183970317385497,0.5514858327574291,0.5092533503509892,0.6013564431047476,0.7087988401676543,0.7824793491317872,0.5664954092140588,0.1645623796276482,0.39864355689525244,0.6013564431047476,0.8354376203723518,0.7044712273824484,0.7897860824516674,1,0.9904397280542446
CCE[CAR-DEA],15,0.7836666666666666,0.7183970317385497,0.5514858327574291,0.5092533503509892,0.6013564431047476,0.7087988401676543,0.7824793491317872,0.5664954092140588,0.1645623796276482,0.39864355689525244,0.6013564431047476,0.8354376203723518,0.7044712273824484,0.7897860824516674,1,0.9925010199332231
CCE[CAR-DEA],15,0.7836666666666666,0.7183970317385497,0.5514858327574291,0.5092533503509892,0.6013564431047476,0.7087988401676543,0.7824793491317872,0.5664954092140588,0.1645623796276482,0.39864355689525244,0.6013564431047476,0.8354376203723518,0.7044712273824484,0.7897860824516674,1,0.9919275889201804
CCE[CAR-DEA],20,0.7838333333333334,0.7182342372793344,0.5513663092355586,0.5095907928388747,0.60060286360211,0.708536011453925,0.7826175510649693,0.5672307999522834,0.16413438904344105,0.39939713639789,0.60060286360211,0.835865610956559,0.7044898293350919,0.7898817123772648,1,0.9798923739617738
CCE[CAR-DEA],20,0.7838333333333334,0.7182342372793344,0.5513663092355586,0.5095907928388747,0.60060286360211,0.708536011453925,0.7826175510649693,0.5672307999522834,0.16413438904344105,0.39939713639789,0.60060286360211,0.835865610956559,0.7044898293350919,0.7898817123772648,1,0.9904397280542446
CCE[CAR-DEA],20,0.7838333333333334,0.7182342372793344,0.5513663092355586,0.5095907928388747,0.60060286360211,0.708536011453925,0.7826175510649693,0.5672307999522834,0.16413438904344105,0.39939713639789,0.60060286360211,0.835865610956559,0.7044898293350919,0.7898817123772648,1,0.9925010199332231
CCE[CAR-DEA],20,0.7838333333333334,0.7182342372793344,0.5513663092355586,0.5095907928388747,0.60060286360211,0.708536011453925,0.7826175510649693,0.5672307999522834,0.16413438904344105,0.39939713639789,0.60060286360211,0.835865610956559,0.7044898293350919,0.7898817123772648,1,0.9919275889201804
CCE[FDH],5,0.8126666666666666,0.6889916274140386,0.5245346869712352,0.5978784956605593,0.46721929163526754,0.6523239177968821,0.7758770218886383,0.5607044723597501,0.08923603680719024,0.5327807083647325,0.46721929163526754,0.9107639631928097,0.7039443879023881,0.8039951977883276,1,0.8986613717192529
CCE[FDH],5,0.8126666666666666,0.6889916274140386,0.5245346869712352,0.5978784956605593,0.46721929163526754,0.6523239177968821,0.7758770218886383,0.5607044723597501,0.08923603680719024,0.5327807083647325,0.46721929163526754,0.9107639631928097,0.7039443879023881,0.8039951977883276,1,0.9058406014865544
CCE[FDH],5,0.8126666666666666,0.6889916274140386,0.5245346869712352,0.5978784956605593,0.46721929163526754,0.6523239177968821,0.7758770218886383,0.5607044723597501,0.08923603680719024,0.5327807083647325,0.46721929163526754,0.9107639631928097,0.7039443879023881,0.8039951977883276,1,0.9041920303549891
CCE[FDH],5,0.8126666666666666,0.6889916274140386,0.5245346869712352,0.5978784956605593,0.46721929163526754,0.6523239177968821,0.7758770218886383,0.5607044723597501,0.08923603680719024,0.5327807083647325,0.46721929163526754,0.9107639631928097,0.7039443879023881,0.8039951977883276,1,0.9299118245933417
CCE[FDH],10,0.806,0.6914565242036416,0.5256723716381418,0.5723158828748891,0.4860587792012057,0.6602453265352929,0.7769074084138047,0.560651141811726,0.10314573079392253,0.5139412207987942,0.4860587792012057,0.8968542692060775,0.701868241130196,0.8001268043502648,1,0.8986613717192529
CCE[FDH],10,0.806,0.6914565242036416,0.5256723716381418,0.5723158828748891,0.4860587792012057,0.6602453265352929,0.7769074084138047,0.560651141811726,0.10314573079392253,0.5139412207987942,0.4860587792012057,0.8968542692060775,0.701868241130196,0.8001268043502648,1,0.9058406014865544
CCE[FDH],10,0.806,0.6914565242036416,0.5256723716381418,0.5723158828748891,0.4860587792012057,0.6602453265352929,0.7769074084138047,0.560651141811726,0.10314573079392253,0.5139412207987942,0.4860587792012057,0.8968542692060775,0.701868241130196,0.8001268043502648,1,0.9041920303549891
CCE[FDH],10,0.806,0.6914565242036416,0.5256723716381418,0.5723158828748891,0.4860587792012057,0.6602453265352929,0.7769074084138047,0.560651141811726,0.10314573079392253,0.5139412207987942,0.4860587792012057,0.8968542692060775,0.701868241130196,0.8001268043502648,1,0.9299118245933417
CCE[FDH],15,0.8101666666666667,0.6908939600917325,0.5264033264033264,0.5871985157699443,0.4770158251695554,0.6569555597553365,0.7782184722606789,0.559432755082062,0.09522790498609031,0.5229841748304446,0.4770158251695554,0.9047720950139096,0.7038478330818092,0.8028027196395098,1,0.8986613717192529
CCE[FDH],15,0.8101666666666667,0.6908939600917325,0.5264033264033264,0.5871985157699443,0.4770158251695554,0.6569555597553365,0.7782184722606789,0.559432755082062,0.09522790498609031,0.5229841748304446,0.4770158251695554,0.9047720950139096,0.7038478330818092,0.8028027196395098,1,0.9058406014865544
CCE[FDH],15,0.8101666666666667,0.6908939600917325,0.5264033264033264,0.5871985157699443,0.4770158251695554,0.6569555597553365,0.7782184722606789,0.559432755082062,0.09522790498609031,0.5229841748304446,0.4770158251695554,0.9047720950139096,0.7038478330818092,0.8028027196395098,1,0.9041920303549891
CCE[FDH],15,0.8101666666666667,0.6908939600917325,0.5264033264033264,0.5871985157699443,0.4770158251695554,0.6569555597553365,0.7782184722606789,0.559432755082062,0.09522790498609031,0.5229841748304446,0.4770158251695554,0.9047720950139096,0.7038478330818092,0.8028027196395098,1,0.9299118245933417
CCE[FDH],20,0.8076666666666666,0.697382758558965,0.5346774193548387,0.575021682567216,0.4996232102486812,0.668755465762654,0.7805653249253234,0.5631492287105297,0.10485769313075112,0.5003767897513187,0.4996232102486812,0.8951423068692489,0.7067294659799404,0.8026771573145387,1,0.8986613717192529
CCE[FDH],20,0.8076666666666666,0.697382758558965,0.5346774193548387,0.575021682567216,0.4996232102486812,0.668755465762654,0.7805653249253234,0.5631492287105297,0.10485769313075112,0.5003767897513187,0.4996232102486812,0.8951423068692489,0.7067294659799404,0.8026771573145387,1,0.9058406014865544
CCE[FDH],20,0.8076666666666666,0.697382758558965,0.5346774193548387,0.575021682567216,0.4996232102486812,0.668755465762654,0.7805653249253234,0.5631492287105297,0.10485769313075112,0.5003767897513187,0.4996232102486812,0.8951423068692489,0.7067294659799404,0.8026771573145387,1,0.9041920303549891
CCE[FDH],20,0.8076666666666666,0.697382758558965,0.5346774193548387,0.575021682567216,0.4996232102486812,0.668755465762654,0.7805653249253234,0.5631492287105297,0.10485769313075112,0.5003767897513187,0.4996232102486812,0.8951423068692489,0.7067294659799404,0.8026771573145387,1,0.9299118245933417
CCE[DEA],5,0.7863333333333333,0.7136339835489709,0.5469964664310955,0.5149700598802395,0.5832705350414469,0.7016258502714955,0.7815140320115671,0.5640628368868552,0.15600256794350525,0.4167294649585531,0.5832705350414469,0.8439974320564948,0.7035963793442281,0.7909269307787853,1,0.97599300139794
CCE[DEA],5,0.7863333333333333,0.7136339835489709,0.5469964664310955,0.5149700598802395,0.5832705350414469,0.7016258502714955,0.7815140320115671,0.5640628368868552,0.15600256794350525,0.4167294649585531,0.5832705350414469,0.8439974320564948,0.7035963793442281,0.7909269307787853,1,1.0
CCE[DEA],5,0.7863333333333333,0.7136339835489709,0.5469964664310955,0.5149700598802395,0.5832705350414469,0.7016258502714955,0.7815140320115671,0.5640628368868552,0.15600256794350525,0.4167294649585531,0.5832705350414469,0.8439974320564948,0.7035963793442281,0.7909269307787853,1,1.0
CCE[DEA],5,0.7863333333333333,0.7136339835489709,0.5469964664310955,0.5149700598802395,0.5832705350414469,0.7016258502714955,0.7815140320115671,0.5640628368868552,0.15600256794350525,0.4167294649585531,0.5832705350414469,0.8439974320564948,0.7035963793442281,0.7909269307787853,1,0.9999999999999999
CCE[DEA],10,0.7971666666666667,0.7087179779105899,0.5453866268210683,0.5407407407407407,0.5501130369253956,0.6907428211054809,0.7824646742474003,0.5664183263130954,0.1326770811042157,0.44988696307460435,0.5501130369253956,0.8673229188957843,0.7074246230748054,0.7977878123189727,1,0.97599300139794
CCE[DEA],10,0.7971666666666667,0.7087179779105899,0.5453866268210683,0.5407407407407407,0.5501130369253956,0.6907428211054809,0.7824646742474003,0.5664183263130954,0.1326770811042157,0.44988696307460435,0.5501130369253956,0.8673229188957843,0.7074246230748054,0.7977878123189727,1,1.0
CCE[DEA],10,0.7971666666666667,0.7087179779105899,0.5453866268210683,0.5407407407407407,0.5501130369253956,0.6907428211054809,0.7824646742474003,0.5664183263130954,0.1326770811042157,0.44988696307460435,0.5501130369253956,0.8673229188957843,0.7074246230748054,0.7977878123189727,1,1.0
CCE[DEA],10,0.7971666666666667,0.7087179779105899,0.5453866268210683,0.5407407407407407,0.5501130369253956,0.6907428211054809,0.7824646742474003,0.5664183263130954,0.1326770811042157,0.44988696307460435,0.5501130369253956,0.8673229188957843,0.7074246230748054,0.7977878123189727,1,0.9999999999999999
CCE[DEA],15,0.7988333333333333,0.7100577464763749,0.5477707006369427,0.5447093889716841,0.5508666164280331,0.6919827941828032,0.7821469871897935,0.5665515190513876,0.13075112347528353,0.44913338357196686,0.5508666164280331,0.8692488765247165,0.7092084668118803,0.7992369277487705,1,0.97599300139794
CCE[DEA],15,0.7988333333333333,0.7100577464763749,0.5477707006369427,0.5447093889716841,0.5508666164280331,0.6919827941828032,0.7821469871897935,0.5665515190513876,0.13075112347528353,0.44913338357196686,0.5508666164280331,0.8692488765247165,0.7092084668118803,0.7992369277487705,1,1.0
CCE[DEA],15,0.7988333333333333,0.7100577464763749,0.5477707006369427,0.5447093889716841,0.5508666164280331,0.6919827941828032,0.7821469871897935,0.5665515190513876,0.13075112347528353,0.44913338357196686,0.5508666164280331,0.8692488765247165,0.7092084668118803,0.7992369277487705,1,1.0
CCE[DEA],15,0.7988333333333333,0.7100577464763749,0.5477707006369427,0.5447093889716841,0.5508666164280331,0.6919827941828032,0.7821469871897935,0.5665515190513876,0.13075112347528353,0.44913338357196686,0.5508666164280331,0.8692488765247165,0.7092084668118803,0.7992369277487705,1,0.9999999999999999
CCE[DEA],20,0.8015,0.7085322035499997,0.5469760365157855,0.5522273425499232,0.5418236623963828,0.6886407958971433,0.7817904358779314,0.5664481691586274,0.12475925529638347,0.4581763376036172,0.5418236623963828,0.8752407447036166,0.7099409048228271,0.8008209797153873,1,0.97599300139794
CCE[DEA],20,0.8015,0.7085322035499997,0.5469760365157855,0.5522273425499232,0.5418236623963828,0.6886407958971433,0.7817904358779314,0.5664481691586274,0.12475925529638347,0.4581763376036172,0.5418236623963828,0.8752407447036166,0.7099409048228271,0.8008209797153873,1,1.0
CCE[DEA],20,0.8015,0.7085322035499997,0.5469760365157855,0.5522273425499232,0.5418236623963828,0.6886407958971433,0.7817904358779314,0.5664481691586274,0.12475925529638347,0.4581763376036172,0.5418236623963828,0.8752407447036166,0.7099409048228271,0.8008209797153873,1,1.0
CCE[DEA],20,0.8015,0.7085322035499997,0.5469760365157855,0.5522273425499232,0.5418236623963828,0.6886407958971433,0.7817904358779314,0.5664481691586274,0.12475925529638347,0.4581763376036172,0.5418236623963828,0.8752407447036166,0.7099409048228271,0.8008209797153873,1,0.9999999999999999
CCE[CAR-FDH],5,0.7666666666666667,0.7166562034203446,0.5430809399477807,0.4789867587795049,0.6269781461944235,0.711023178210842,0.7855112447511082,0.5628912808448104,0.1936657393537342,0.3730218538055765,0.6269781461944235,0.8063342606462658,0.6932056445486442,0.7769251881477257,2,1.0
CCE[CAR-FDH],5,0.7666666666666667,0.7166562034203446,0.5430809399477807,0.4789867587795049,0.6269781461944235,0.711023178210842,0.7855112447511082,0.5628912808448104,0.1936657393537342,0.3730218538055765,0.6269781461944235,0.8063342606462658,0.6932056445486442,0.7769251881477257,2,1.0
CCE[CAR-FDH],5,0.7666666666666667,0.7166562034203446,0.5430809399477807,0.4789867587795049,0.6269781461944235,0.711023178210842,0.7855112447511082,0.5628912808448104,0.1936657393537342,0.3730218538055765,0.6269781461944235,0.8063342606462658,0.6932056445486442,0.7769251881477257,2,0.9960076019364521
CCE[CAR-FDH],5,0.7666666666666667,0.7166562034203446,0.5430809399477807,0.4789867587795049,0.6269781461944235,0.711023178210842,0.7855112447511082,0.5628912808448104,0.1936657393537342,0.3730218538055765,0.6269781461944235,0.8063342606462658,0.6932056445486442,0.7769251881477257,2,0.9960237081344687
CCE[CAR-FDH],10,0.7868333333333334,0.7174622738555969,0.5516999649491763,0.5157273918741808,0.5930670685757348,0.7065960283708256,0.7853167622173653,0.5589995285240265,0.15814252086454098,0.4069329314242653,0.5930670685757348,0.841857479135459,0.7059363495894893,0.7919488400905704,2,1.0
CCE[CAR-FDH],10,0.7868333333333334,0.7174622738555969,0.5516999649491763,0.5157273918741808,0.5930670685757348,0.7065960283708256,0.7853167622173653,0.5589995285240265,0.15814252086454098,0.4069329314242653,0.5930670685757348,0.841857479135459,0.7059363495894893,0.7919488400905704,2,1.0
CCE[CAR-FDH],10,0.7868333333333334,0.7174622738555969,0.5516999649491763,0.5157273918741808,0.5930670685757348,0.7065960283708256,0.7853167622173653,0.5589995285240265,0.15814252086454098,0.4069329314242653,0.5930670685757348,0.841857479135459,0.7059363495894893,0.7919488400905704,2,0.9960076019364521
CCE[CAR-FDH],10,0.7868333333333334,0.7174622738555969,0.5516999649491763,0.5157273918741808,0.5930670685757348,0.7065960283708256,0.7853167622173653,0.5589995285240265,0.15814252086454098,0.4069329314242653,0.5930670685757348,0.841857479135459,0.7059363495894893,0.7919488400905704,2,0.9960237081344687
CCE[CAR-FDH],15,0.7803333333333333,0.71571749460698,0.5470790378006873,0.5028427037271005,0.5998492840994725,0.7062762135880553,0.7856620251566221,0.5610784188560765,0.16841429488551252,0.40015071590052753,0.5998492840994725,0.8315857051144875,0.7010422691753712,0.7869024312053198,2,1.0
CCE[CAR-FDH],15,0.7803333333333333,0.71571749460698,0.5470790378006873,0.5028427037271005,0.5998492840994725,0.7062762135880553,0.7856620251566221,0.5610784188560765,0.16841429488551252,0.40015071590052753,0.5998492840994725,0.8315857051144875,0.7010422691753712,0.7869024312053198,2,1.0
CCE[CAR-FDH],15,0.7803333333333333,0.71571749460698,0.5470790378006873,0.5028427037271005,0.5998492840994725,0.7062762135880553,0.7856620251566221,0.5610784188560765,0.16841429488551252,0.40015071590052753,0.5998492840994725,0.8315857051144875,0.7010422691753712,0.7869024312053198,2,0.9960076019364521
CCE[CAR-FDH],15,0.7803333333333333,0.71571749460698,0.5470790378006873,0.5028427037271005,0.5998492840994725,0.7062762135880553,0.7856620251566221,0.5610784188560765,0.16841429488551252,0.40015071590052753,0.5998492840994725,0.8315857051144875,0.7010422691753712,0.7869024312053198,2,0.9960237081344687
CCE[CAR-FDH],20,0.7795,0.715722090587255,0.5467625899280576,0.5012562814070352,0.6013564431047476,0.7065257317539806,0.7865209090494207,0.5636317495867146,0.16991226193023753,0.39864355689525244,0.6013564431047476,0.8300877380697624,0.7005368945675967,0.786291698454913,2,1.0
CCE[CAR-FDH],20,0.7795,0.715722090587255,0.5467625899280576,0.5012562814070352,0.6013564431047476,0.7065257317539806,0.7865209090494207,0.5636317495867146,0.16991226193023753,0.39864355689525244,0.6013564431047476,0.8300877380697624,0.7005368945675967,0.786291698454913,2,1.0
CCE[CAR-FDH],20,0.7795,0.715722090587255,0.5467625899280576,0.5012562814070352,0.6013564431047476,0.7065257317539806,0.7865209090494207,0.5636317495867146,0.16991226193023753,0.39864355689525244,0.6013564431047476,0.8300877380697624,0.7005368945675967,0.786291698454913,2,0.9960076019364521
CCE[CAR-FDH],20,0.7795,0.715722090587255,0.5467625899280576,0.5012562814070352,0.6013564431047476,0.7065257317539806,0.7865209090494207,0.5636317495867146,0.16991226193023753,0.39864355689525244,0.6013564431047476,0.8300877380697624,0.7005368945675967,0.786291698454913,2,0.9960237081344687
CCE[CAR-DEA],5,0.7763333333333333,0.7161172642596738,0.5460081190798376,0.4953959484346225,0.6081386586284853,0.7079297683363116,0.7835910119397118,0.5531425578545084,0.1759041301091376,0.3918613413715147,0.6081386586284853,0.8240958698908624,0.6988112245111704,0.7840244229733772,2,0.9939046944791682
CCE[CAR-DEA],5,0.7763333333333333,0.7161172642596738,0.5460081190798376,0.4953959484346225,0.6081386586284853,0.7079297683363116,0.7835910119397118,0.5531425578545084,0.1759041301091376,0.3918613413715147,0.6081386586284853,0.8240958698908624,0.6988112245111704,0.7840244229733772,2,1.0
CCE[CAR-DEA],5,0.7763333333333333,0.7161172642596738,0.5460081190798376,0.4953959484346225,0.6081386586284853,0.7079297683363116,0.7835910119397118,0.5531425578545084,0.1759041301091376,0.3918613413715147,0.6081386586284853,0.8240958698908624,0.6988112245111704,0.7840244229733772,2,1.0
CCE[CAR-DEA],5,0.7763333333333333,0.7161172642596738,0.5460081190798376,0.4953959484346225,0.6081386586284853,0.7079297683363116,0.7835910119397118,0.5531425578545084,0.1759041301091376,0.3918613413715147,0.6081386586284853,0.8240958698908624,0.6988112245111704,0.7840244229733772,2,1.0
CCE[CAR-DEA],10,0.7696666666666667,0.7145352794702722,0.5417771883289124,0.4837181764357608,0.6156744536548606,0.7076631986522648,0.7860961437145293,0.5629121015572359,0.1866038947143163,0.38432554634513943,0.6156744536548606,0.8133961052856837,0.6939740794716691,0.7788492124322798,2,0.9939046944791682
CCE[CAR-DEA],10,0.7696666666666667,0.7145352794702722,0.5417771883289124,0.4837181764357608,0.6156744536548606,0.7076631986522648,0.7860961437145293,0.5629121015572359,0.1866038947143163,0.38432554634513943,0.6156744536548606,0.8133961052856837,0.6939740794716691,0.7788492124322798,2,1.0
CCE[CAR-DEA],10,0.7696666666666667,0.7145352794702722,0.5417771883289124,0.4837181764357608,0.6156744536548606,0.7076631986522648,0.7860961437145293,0.5629121015572359,0.1866038947143163,0.38432554634513943,0.6156744536548606,0.8133961052856837,0.6939740794716691,0.7788492124322798,2,1.0
CCE[CAR-DEA],10,0.7696666666666667,0.7145352794702722,0.5417771883289124,0.4837181764357608,0.6156744536548606,0.7076631986522648,0.7860961437145293,0.5629121015572359,0.1866038947143163,0.38432554634513943,0.6156744536548606,0.8133961052856837,0.6939740794716691,0.7788492124322798,2,1.0
CCE[CAR-DEA],15,0.7735,0.7153774726978614,0.5441127138544113,0.49032648125755746,0.6111529766390355,0.7077444332983929,0.785983421250942,0.5624138067581985,0.18039803124331263,0.3888470233609646,0.6111529766390355,0.8196019687566873,0.6967154100373065,0.7818168469419677,2,0.9939046944791682
CCE[CAR-DEA],15,0.7735,0.7153774726978614,0.5441127138544113,0.49032648125755746,0.6111529766390355,0.7077444332983929,0.785983421250942,0.5624138067581985,0.18039803124331263,0.3888470233609646,0.6111529766390355,0.8196019687566873,0.6967154100373065,0.7818168469419677,2,1.0
CCE[CAR-DEA],15,0.7735,0.7153774726978614,0.5441127138544113,0.49032648125755746,0.6111529766390355,0.7077444332983929,0.785983421250942,0.5624138067581985,0.18039803124331263,0.3888470233609646,0.6111529766390355,0.8196019687566873,0.6967154100373065,0.7818168469419677,2,1.0
CCE[CAR-DEA],15,0.7735,0.7153774726978614,0.5441127138544113,0.49032648125755746,0.6111529766390355,0.7077444332983929,0.785983421250942,0.5624138067581985,0.18039803124331263,0.3888470233609646,0.6111529766390355,0.8196019687566873,0.6967154100373065,0.7818168469419677,2,1.0
CCE[CAR-DEA],20,0.78,0.7168524598412113,0.5482546201232033,0.5021943573667712,0.6036171816126601,0.7078525418086015,0.7865781572247761,0.5632770953113336,0.16991226193023753,0.39638281838733985,0.6036171816126601,0.8300877380697624,0.7014240714627913,0.7868415688265016,2,0.9939046944791682
CCE[CAR-DEA],20,0.78,0.7168524598412113,0.5482546201232033,0.5021943573667712,0.6036171816126601,0.7078525418086015,0.7865781572247761,0.5632770953113336,0.16991226193023753,0.39638281838733985,0.6036171816126601,0.8300877380697624,0.7014240714627913,0.7868415688265016,2,1.0
CCE[CAR-DEA],20,0.78,0.7168524598412113,0.5482546201232033,0.5021943573667712,0.6036171816126601,0.7078525418086015,0.7865781572247761,0.5632770953113336,0.16991226193023753,0.39638281838733985,0.6036171816126601,0.8300877380697624,0.7014240714627913,0.7868415688265016,2,1.0
CCE[CAR-DEA],20,0.78,0.7168524598412113,0.5482546201232033,0.5021943573667712,0.6036171816126601,0.7078525418086015,0.7865781572247761,0.5632770953113336,0.16991226193023753,0.39638281838733985,0.6036171816126601,0.8300877380697624,0.7014240714627913,0.7868415688265016,2,1.0
CCE[FDH],5,0.8115,0.6801488807336669,0.5106014712245781,0.5995934959349594,0.4446119065561417,0.6380633461957799,0.7807428749001584,0.5561876436254685,0.08431414508880805,0.5553880934438583,0.4446119065561417,0.9156858549111919,0.6969355792494033,0.8008479001579141,2,0.8821365657362066
CCE[FDH],5,0.8115,0.6801488807336669,0.5106014712245781,0.5995934959349594,0.4446119065561417,0.6380633461957799,0.7807428749001584,0.5561876436254685,0.08431414508880805,0.5553880934438583,0.4446119065561417,0.9156858549111919,0.6969355792494033,0.8008479001579141,2,0.8791325229233649
CCE[FDH],5,0.8115,0.6801488807336669,0.5106014712245781,0.5995934959349594,0.4446119065561417,0.6380633461957799,0.7807428749001584,0.5561876436254685,0.08431414508880805,0.5553880934438583,0.4446119065561417,0.9156858549111919,0.6969355792494033,0.8008479001579141,2,0.9465632998634894
CCE[FDH],5,0.8115,0.6801488807336669,0.5106014712245781,0.5995934959349594,0.4446119065561417,0.6380633461957799,0.7807428749001584,0.5561876436254685,0.08431414508880805,0.5553880934438583,0.4446119065561417,0.9156858549111919,0.6969355792494033,0.8008479001579141,2,0.9687959776028763
CCE[FDH],10,0.814,0.6790559243717739,0.5096660808435852,0.6111696522655427,0.4370761115297664,0.6344783042794696,0.7824419362397238,0.558011019080834,0.07896426278621871,0.5629238884702336,0.4370761115297664,0.9210357372137813,0.6974492477438823,0.8021696604852813,2,0.8821365657362066
CCE[FDH],10,0.814,0.6790559243717739,0.5096660808435852,0.6111696522655427,0.4370761115297664,0.6344783042794696,0.7824419362397238,0.558011019080834,0.07896426278621871,0.5629238884702336,0.4370761115297664,0.9210357372137813,0.6974492477438823,0.8021696604852813,2,0.8791325229233649
CCE[FDH],10,0.814,0.6790559243717739,0.5096660808435852,0.6111696522655427,0.4370761115297664,0.6344783042794696,0.7824419362397238,0.558011019080834,0.07896426278621871,0.5629238884702336,0.4370761115297664,0.9210357372137813,0.6974492477438823,0.8021696604852813,2,0.9465632998634894
CCE[FDH],10,0.814,0.6790559243717739,0.5096660808435852,0.6111696522655427,0.4370761115297664,0.6344783042794696,0.7824419362397238,0.558011019080834,0.07896426278621871,0.5629238884702336,0.4370761115297664,0.9210357372137813,0.6974492477438823,0.8021696604852813,2,0.9687959776028763
CCE[FDH],15,0.8181666666666667,0.6909037971021458,0.5295385942216473,0.6189516129032258,0.46269781461944237,0.6521273544402713,0.784451589088401,0.5585976462221267,0.08089022041515087,0.5373021853805576,0.46269781461944237,0.9191097795848492,0.708421812346853,0.8081790203213427,2,0.8821365657362066
CCE[FDH],15,0.8181666666666667,0.6909037971021458,0.5295385942216473,0.6189516129032258,0.46269781461944237,0.6521273544402713,0.784451589088401,0.5585976462221267,0.08089022041515087,0.5373021853805576,0.46269781461944237,0.9191097795848492,0.708421812346853,0.8081790203213427,2,0.8791325229233649
CCE[FDH],15,0.8181666666666667,0.6909037971021458,0.5295385942216473,0.6189516129032258,0.46269781461944237,0.6521273544402713,0.784451589088401,0.5585976462221267,0.08089022041515087,0.5373021853805576,0.46269781461944237,0.9191097795848492,0.708421812346853,0.8081790203213427,2,0.9465632998634894
CCE[FDH],15,0.8181666666666667,0.6909037971021458,0.5295385942216473,0.6189516129032258,0.46269781461944237,0.6521273544402713,0.784451589088401,0.5585976462221267,0.08089022041515087,0.5373021853805576,0.46269781461944237,0.9191097795848492,0.708421812346853,0.8081790203213427,2,0.9687959776028763
CCE[FDH],20,0.8136666666666666,0.6979971685536257,0.5380165289256198,0.595608417200366,0.4905802562170309,0.6664670072746527,0.7842677498774002,0.5599624752144198,0.09458591910977958,0.5094197437829691,0.4905802562170309,0.9054140808902205,0.7106575337738746,0.8069336674775847,2,0.8821365657362066
CCE[FDH],20,0.8136666666666666,0.6979971685536257,0.5380165289256198,0.595608417200366,0.4905802562170309,0.6664670072746527,0.7842677498774002,0.5599624752144198,0.09458591910977958,0.5094197437829691,0.4905802562170309,0.9054140808902205,0.7106575337738746,0.8069336674775847,2,0.8791325229233649
CCE[FDH],20,0.8136666666666666,0.6979971685536257,0.5380165289256198,0.595608417200366,0.4905802562170309,0.6664670072746527,0.7842677498774002,0.5599624752144198,0.09458591910977958,0.5094197437829691,0.4905802562170309,0.9054140808902205,0.7106575337738746,0.8069336674775847,2,0.9465632998634894
CCE[FDH],20,0.8136666666666666,0.6979971685536257,0.5380165289256198,0.595608417200366,0.4905802562170309,0.6664670072746527,0.7842677498774002,0.5599624752144198,0.09458591910977958,0.5094197437829691,0.4905802562170309,0.9054140808902205,0.7106575337738746,0.8069336674775847,2,0.9687959776028763
CCE[DEA],5,0.7756666666666666,0.7178476105176026,0.5477150537634409,0.4942389326864767,0.6141672946495855,0.7103207613658352,0.7851485654655462,0.5626765970715614,0.17847207361438047,0.3858327053504145,0.6141672946495855,0.8215279263856196,0.6992786261725006,0.7838005783859529,2,1.0
CCE[DEA],5,0.7756666666666666,0.7178476105176026,0.5477150537634409,0.4942389326864767,0.6141672946495855,0.7103207613658352,0.7851485654655462,0.5626765970715614,0.17847207361438047,0.3858327053504145,0.6141672946495855,0.8215279263856196,0.6992786261725006,0.7838005783859529,2,1.0
CCE[DEA],5,0.7756666666666666,0.7178476105176026,0.5477150537634409,0.4942389326864767,0.6141672946495855,0.7103207613658352,0.7851485654655462,0.5626765970715614,0.17847207361438047,0.3858327053504145,0.6141672946495855,0.8215279263856196,0.6992786261725006,0.7838005783859529,2,1.0
CCE[DEA],5,0.7756666666666666,0.7178476105176026,0.5477150537634409,0.4942389326864767,0.6141672946495855,0.7103207613658352,0.7851485654655462,0.5626765970715614,0.17847207361438047,0.3858327053504145,0.6141672946495855,0.8215279263856196,0.6992786261725006,0.7838005783859529,2,0.9999999999999999
CCE[DEA],10,0.7891666666666667,0.717611280373987,0.5528455284552846,0.5206391478029294,0.5892991710625471,0.7060467068997929,0.7851730773603462,0.5606111115667021,0.1540766103145731,0.4107008289374529,0.5892991710625471,0.8459233896854269,0.7074553669972421,0.793676120290807,2,1.0
CCE[DEA],10,0.7891666666666667,0.717611280373987,0.5528455284552846,0.5206391478029294,0.5892991710625471,0.7060467068997929,0.7851730773603462,0.5606111115667021,0.1540766103145731,0.4107008289374529,0.5892991710625471,0.8459233896854269,0.7074553669972421,0.793676120290807,2,1.0
CCE[DEA],10,0.7891666666666667,0.717611280373987,0.5528455284552846,0.5206391478029294,0.5892991710625471,0.7060467068997929,0.7851730773603462,0.5606111115667021,0.1540766103145731,0.4107008289374529,0.5892991710625471,0.8459233896854269,0.7074553669972421,0.793676120290807,2,1.0
CCE[DEA],10,0.7891666666666667,0.717611280373987,0.5528455284552846,0.5206391478029294,0.5892991710625471,0.7060467068997929,0.7851730773603462,0.5606111115667021,0.1540766103145731,0.4107008289374529,0.5892991710625471,0.8459233896854269,0.7074553669972421,0.793676120290807,2,0.9999999999999999
CCE[DEA],15,0.8073333333333333,0.7074208632670066,0.5480844409695075,0.5694557270511779,0.5282592313489073,0.6843576458503845,0.7848813535597319,0.5620001873803389,0.11341750481489407,0.4717407686510927,0.5282592313489073,0.8865824951851059,0.7128263763839277,0.8046974623667026,2,1.0
CCE[DEA],15,0.8073333333333333,0.7074208632670066,0.5480844409695075,0.5694557270511779,0.5282592313489073,0.6843576458503845,0.7848813535597319,0.5620001873803389,0.11341750481489407,0.4717407686510927,0.5282592313489073,0.8865824951851059,0.7128263763839277,0.8046974623667026,2,1.0
CCE[DEA],15,0.8073333333333333,0.7074208632670066,0.5480844409695075,0.5694557270511779,0.5282592313489073,0.6843576458503845,0.7848813535597319,0.5620001873803389,0.11341750481489407,0.4717407686510927,0.5282592313489073,0.8865824951851059,0.7128263763839277,0.8046974623667026,2,1.0
CCE[DEA],15,0.8073333333333333,0.7074208632670066,0.5480844409695075,0.5694557270511779,0.5282592313489073,0.6843576458503845,0.7848813535597319,0.5620001873803389,0.11341750481489407,0.4717407686510927,0.5282592313489073,0.8865824951851059,0.7128263763839277,0.8046974623667026,2,0.9999999999999999
CCE[DEA],20,0.8081666666666667,0.7068766830761977,0.5477406679764244,0.5722495894909688,0.5252449133383572,0.6831431367573763,0.7852630618162573,0.5624340743645041,0.11149154718596191,0.4747550866616428,0.5252449133383572,0.8885084528140381,0.7130030679913851,0.8051643997330616,2,1.0
CCE[DEA],20,0.8081666666666667,0.7068766830761977,0.5477406679764244,0.5722495894909688,0.5252449133383572,0.6831431367573763,0.7852630618162573,0.5624340743645041,0.11149154718596191,0.4747550866616428,0.5252449133383572,0.8885084528140381,0.7130030679913851,0.8051643997330616,2,1.0
CCE[DEA],20,0.8081666666666667,0.7068766830761977,0.5477406679764244,0.5722495894909688,0.5252449133383572,0.6831431367573763,0.7852630618162573,0.5624340743645041,0.11149154718596191,0.4747550866616428,0.5252449133383572,0.8885084528140381,0.7130030679913851,0.8051643997330616,2,1.0
CCE[DEA],20,0.8081666666666667,0.7068766830761977,0.5477406679764244,0.5722495894909688,0.5252449133383572,0.6831431367573763,0.7852630618162573,0.5624340743645041,0.11149154718596191,0.4747550866616428,0.5252449133383572,0.8885084528140381,0.7130030679913851,0.8051643997330616,2,0.9999999999999999
CCE[CAR-FDH],5,0.7833333333333333,0.7009163417093596,0.5303468208092486,0.5093684941013186,0.5531273549359458,0.685158473248138,0.7682583379548469,0.5355638957007107,0.15129467151722661,0.4468726450640543,0.5531273549359458,0.8487053284827734,0.6947661313751615,0.7864573002340857,3,0.9900619088984668
CCE[CAR-FDH],5,0.7833333333333333,0.7009163417093596,0.5303468208092486,0.5093684941013186,0.5531273549359458,0.685158473248138,0.7682583379548469,0.5355638957007107,0.15129467151722661,0.4468726450640543,0.5531273549359458,0.8487053284827734,0.6947661313751615,0.7864573002340857,3,1.0
CCE[CAR-FDH],5,0.7833333333333333,0.7009163417093596,0.5303468208092486,0.5093684941013186,0.5531273549359458,0.685158473248138,0.7682583379548469,0.5355638957007107,0.15129467151722661,0.4468726450640543,0.5531273549359458,0.8487053284827734,0.6947661313751615,0.7864573002340857,3,1.0
CCE[CAR-FDH],5,0.7833333333333333,0.7009163417093596,0.5303468208092486,0.5093684941013186,0.5531273549359458,0.685158473248138,0.7682583379548469,0.5355638957007107,0.15129467151722661,0.4468726450640543,0.5531273549359458,0.8487053284827734,0.6947661313751615,0.7864573002340857,3,0.9999999999999999
CCE[CAR-FDH],10,0.7883333333333333,0.7041262710909132,0.5361577794010226,0.520198440822112,0.5531273549359458,0.6877449621483382,0.7696159260231015,0.5396541509978852,0.1448748127541194,0.4468726450640543,0.5531273549359458,0.8551251872458806,0.6995191833735841,0.7906203929889491,3,0.9900619088984668
CCE[CAR-FDH],10,0.7883333333333333,0.7041262710909132,0.5361577794010226,0.520198440822112,0.5531273549359458,0.6877449621483382,0.7696159260231015,0.5396541509978852,0.1448748127541194,0.4468726450640543,0.5531273549359458,0.8551251872458806,0.6995191833735841,0.7906203929889491,3,1.0
CCE[CAR-FDH],10,0.7883333333333333,0.7041262710909132,0.5361577794010226,0.520198440822112,0.5531273549359458,0.6877449621483382,0.7696159260231015,0.5396541509978852,0.1448748127541194,0.4468726450640543,0.5531273549359458,0.8551251872458806,0.6995191833735841,0.7906203929889491,3,1.0
CCE[CAR-FDH],10,0.7883333333333333,0.7041262710909132,0.5361577794010226,0.520198440822112,0.5531273549359458,0.6877449621483382,0.7696159260231015,0.5396541509978852,0.1448748127541194,0.4468726450640543,0.5531273549359458,0.8551251872458806,0.6995191833735841,0.7906203929889491,3,0.9999999999999999
CCE[CAR-FDH],15,0.7868333333333334,0.7042424606975151,0.5357531760435572,0.5168067226890757,0.5561416729464959,0.688493718284211,0.7690239315111858,0.5388588625230152,0.14765675155146588,0.44385832705350414,0.5561416729464959,0.8523432484485342,0.6987040623322167,0.7895763399191924,3,0.9900619088984668
CCE[CAR-FDH],15,0.7868333333333334,0.7042424606975151,0.5357531760435572,0.5168067226890757,0.5561416729464959,0.688493718284211,0.7690239315111858,0.5388588625230152,0.14765675155146588,0.44385832705350414,0.5561416729464959,0.8523432484485342,0.6987040623322167,0.7895763399191924,3,1.0
CCE[CAR-FDH],15,0.7868333333333334,0.7042424606975151,0.5357531760435572,0.5168067226890757,0.5561416729464959,0.688493718284211,0.7690239315111858,0.5388588625230152,0.14765675155146588,0.44385832705350414,0.5561416729464959,0.8523432484485342,0.6987040623322167,0.7895763399191924,3,1.0
CCE[CAR-FDH],15,0.7868333333333334,0.7042424606975151,0.5357531760435572,0.5168067226890757,0.5561416729464959,0.688493718284211,0.7690239315111858,0.5388588625230152,0.14765675155146588,0.44385832705350414,0.5561416729464959,0.8523432484485342,0.6987040623322167,0.7895763399191924,3,0.9999999999999999
CCE[CAR-FDH],20,0.7843333333333333,0.7023677039014712,0.5325144508670521,0.5114503816793893,0.5553880934438583,0.6868168501089305,0.7706536499904614,0.5384947026353851,0.1506526856409159,0.4446119065561417,0.5553880934438583,0.8493473143590841,0.696174903076507,0.787442881925313,3,0.9900619088984668
CCE[CAR-FDH],20,0.7843333333333333,0.7023677039014712,0.5325144508670521,0.5114503816793893,0.5553880934438583,0.6868168501089305,0.7706536499904614,0.5384947026353851,0.1506526856409159,0.4446119065561417,0.5553880934438583,0.8493473143590841,0.696174903076507,0.787442881925313,3,1.0
CCE[CAR-FDH],20,0.7843333333333333,0.7023677039014712,0.5325144508670521,0.5114503816793893,0.5553880934438583,0.6868168501089305,0.7706536499904614,0.5384947026353851,0.1506526856409159,0.4446119065561417,0.5553880934438583,0.8493473143590841,0.696174903076507,0.787442881925313,3,1.0
CCE[CAR-FDH],20,0.7843333333333333,0.7023677039014712,0.5325144508670521,0.5114503816793893,0.5553880934438583,0.6868168501089305,0.7706536499904614,0.5384947026353851,0.1506526856409159,0.4446119065561417,0.5553880934438583,0.8493473143590841,0.696174903076507,0.787442881925313,3,0.9999999999999999
CCE[CAR-DEA],5,0.753,0.698979256970288,0.5188311688311689,0.4557900741585853,0.6021100226073851,0.6922343195108726,0.7682637402474508,0.5383274395474551,0.20415150866680934,0.39788997739261495,0.6021100226073851,0.7958484913331907,0.6763438355366607,0.76418339933609,3,1.0
CCE[CAR-DEA],5,0.753,0.698979256970288,0.5188311688311689,0.4557900741585853,0.6021100226073851,0.6922343195108726,0.7682637402474508,0.5383274395474551,0.20415150866680934,0.39788997739261495,0.6021100226073851,0.7958484913331907,0.6763438355366607,0.76418339933609,3,1.0
CCE[CAR-DEA],5,0.753,0.698979256970288,0.5188311688311689,0.4557900741585853,0.6021100226073851,0.6922343195108726,0.7682637402474508,0.5383274395474551,0.20415150866680934,0.39788997739261495,0.6021100226073851,0.7958484913331907,0.6763438355366607,0.76418339933609,3,1.0
CCE[CAR-DEA],5,0.753,0.698979256970288,0.5188311688311689,0.4557900741585853,0.6021100226073851,0.6922343195108726,0.7682637402474508,0.5383274395474551,0.20415150866680934,0.39788997739261495,0.6021100226073851,0.7958484913331907,0.6763438355366607,0.76418339933609,3,1.0
CCE[CAR-DEA],10,0.7688333333333334,0.6994315175555965,0.5238585650532097,0.4810844892812106,0.5749811605124341,0.6882706999298707,0.7703999841317734,0.5378162162173055,0.17611812540124117,0.4250188394875659,0.5749811605124341,0.8238818745987588,0.6856114658654405,0.7758156668850612,3,1.0
CCE[CAR-DEA],10,0.7688333333333334,0.6994315175555965,0.5238585650532097,0.4810844892812106,0.5749811605124341,0.6882706999298707,0.7703999841317734,0.5378162162173055,0.17611812540124117,0.4250188394875659,0.5749811605124341,0.8238818745987588,0.6856114658654405,0.7758156668850612,3,1.0
CCE[CAR-DEA],10,0.7688333333333334,0.6994315175555965,0.5238585650532097,0.4810844892812106,0.5749811605124341,0.6882706999298707,0.7703999841317734,0.5378162162173055,0.17611812540124117,0.4250188394875659,0.5749811605124341,0.8238818745987588,0.6856114658654405,0.7758156668850612,3,1.0
CCE[CAR-DEA],10,0.7688333333333334,0.6994315175555965,0.5238585650532097,0.4810844892812106,0.5749811605124341,0.6882706999298707,0.7703999841317734,0.5378162162173055,0.17611812540124117,0.4250188394875659,0.5749811605124341,0.8238818745987588,0.6856114658654405,0.7758156668850612,3,1.0
CCE[CAR-DEA],15,0.7746666666666666,0.7012878904305402,0.5279329608938548,0.49186727391021473,0.5697061039939714,0.6888330267508074,0.7703016140276413,0.5384306308887682,0.16713032313289108,0.43029389600602863,0.5697061039939714,0.8328696768671089,0.6899734857008679,0.7803380850349122,3,1.0
CCE[CAR-DEA],15,0.7746666666666666,0.7012878904305402,0.5279329608938548,0.49186727391021473,0.5697061039939714,0.6888330267508074,0.7703016140276413,0.5384306308887682,0.16713032313289108,0.43029389600602863,0.5697061039939714,0.8328696768671089,0.6899734857008679,0.7803380850349122,3,1.0
CCE[CAR-DEA],15,0.7746666666666666,0.7012878904305402,0.5279329608938548,0.49186727391021473,0.5697061039939714,0.6888330267508074,0.7703016140276413,0.5384306308887682,0.16713032313289108,0.43029389600602863,0.5697061039939714,0.8328696768671089,0.6899734857008679,0.7803380850349122,3,1.0
CCE[CAR-DEA],15,0.7746666666666666,0.7012878904305402,0.5279329608938548,0.49186727391021473,0.5697061039939714,0.6888330267508074,0.7703016140276413,0.5384306308887682,0.16713032313289108,0.43029389600602863,0.5697061039939714,0.8328696768671089,0.6899734857008679,0.7803380850349122,3,1.0
CCE[CAR-DEA],20,0.7825,0.7038886508475712,0.5337620578778135,0.5074728260869565,0.5629238884702336,0.6896290079165136,0.7709063482743546,0.5378176522475205,0.15514658677509094,0.4370761115297664,0.5629238884702336,0.844853413224909,0.6959648241785545,0.7864199001856013,3,1.0
CCE[CAR-DEA],20,0.7825,0.7038886508475712,0.5337620578778135,0.5074728260869565,0.5629238884702336,0.6896290079165136,0.7709063482743546,0.5378176522475205,0.15514658677509094,0.4370761115297664,0.5629238884702336,0.844853413224909,0.6959648241785545,0.7864199001856013,3,1.0
CCE[CAR-DEA],20,0.7825,0.7038886508475712,0.5337620578778135,0.5074728260869565,0.5629238884702336,0.6896290079165136,0.7709063482743546,0.5378176522475205,0.15514658677509094,0.4370761115297664,0.5629238884702336,0.844853413224909,0.6959648241785545,0.7864199001856013,3,1.0
CCE[CAR-DEA],20,0.7825,0.7038886508475712,0.5337620578778135,0.5074728260869565,0.5629238884702336,0.6896290079165136,0.7709063482743546,0.5378176522475205,0.15514658677509094,0.4370761115297664,0.5629238884702336,0.844853413224909,0.6959648241785545,0.7864199001856013,3,1.0
CCE[FDH],5,0.8123333333333334,0.6709713531743146,0.4959713518352731,0.6108048511576626,0.41748304446119067,0.6212457115556861,0.7639647248031832,0.5289990779733058,0.07554033811256153,0.5825169555388093,0.41748304446119067,0.9244596618874384,0.6903366896387096,0.7987277596870926,3,0.8988806840332064
CCE[FDH],5,0.8123333333333334,0.6709713531743146,0.4959713518352731,0.6108048511576626,0.41748304446119067,0.6212457115556861,0.7639647248031832,0.5289990779733058,0.07554033811256153,0.5825169555388093,0.41748304446119067,0.9244596618874384,0.6903366896387096,0.7987277596870926,3,1.0
CCE[FDH],5,0.8123333333333334,0.6709713531743146,0.4959713518352731,0.6108048511576626,0.41748304446119067,0.6212457115556861,0.7639647248031832,0.5289990779733058,0.07554033811256153,0.5825169555388093,0.41748304446119067,0.9244596618874384,0.6903366896387096,0.7987277596870926,3,0.9796464366951843
CCE[FDH],5,0.8123333333333334,0.6709713531743146,0.4959713518352731,0.6108048511576626,0.41748304446119067,0.6212457115556861,0.7639647248031832,0.5289990779733058,0.07554033811256153,0.5825169555388093,0.41748304446119067,0.9244596618874384,0.6903366896387096,0.7987277596870926,3,1.0
CCE[FDH],10,0.7958333333333333,0.6978796888472976,0.5308310991957105,0.5397196261682243,0.5222305953278071,0.675413544468411,0.769474821365535,0.534980512968963,0.12647121763321206,0.4777694046721929,0.5222305953278071,0.8735287823667879,0.700179635229978,0.7946196688250878,3,0.8988806840332064
CCE[FDH],10,0.7958333333333333,0.6978796888472976,0.5308310991957105,0.5397196261682243,0.5222305953278071,0.675413544468411,0.769474821365535,0.534980512968963,0.12647121763321206,0.4777694046721929,0.5222305953278071,0.8735287823667879,0.700179635229978,0.7946196688250878,3,1.0
CCE[FDH],10,0.7958333333333333,0.6978796888472976,0.5308310991957105,0.5397196261682243,0.5222305953278071,0.675413544468411,0.769474821365535,0.534980512968963,0.12647121763321206,0.4777694046721929,0.5222305953278071,0.8735287823667879,0.700179635229978,0.7946196688250878,3,0.9796464366951843
CCE[FDH],10,0.7958333333333333,0.6978796888472976,0.5308310991957105,0.5397196261682243,0.5222305953278071,0.675413544468411,0.769474821365535,0.534980512968963,0.12647121763321206,0.4777694046721929,0.5222305953278071,0.8735287823667879,0.700179635229978,0.7946196688250878,3,1.0
CCE[FDH],15,0.8071666666666667,0.6889680024628003,0.5224927775484935,0.5775547445255474,0.4770158251695554,0.6555556291865963,0.769599477251591,0.5364759879852972,0.09907982024395463,0.5229841748304446,0.4770158251695554,0.9009201797560453,0.7008412514661126,0.8003002504208384,3,0.8988806840332064
CCE[FDH],15,0.8071666666666667,0.6889680024628003,0.5224927775484935,0.5775547445255474,0.4770158251695554,0.6555556291865963,0.769599477251591,0.5364759879852972,0.09907982024395463,0.5229841748304446,0.4770158251695554,0.9009201797560453,0.7008412514661126,0.8003002504208384,3,1.0
CCE[FDH],15,0.8071666666666667,0.6889680024628003,0.5224927775484935,0.5775547445255474,0.4770158251695554,0.6555556291865963,0.769599477251591,0.5364759879852972,0.09907982024395463,0.5229841748304446,0.4770158251695554,0.9009201797560453,0.7008412514661126,0.8003002504208384,3,0.9796464366951843
CCE[FDH],15,0.8071666666666667,0.6889680024628003,0.5224927775484935,0.5775547445255474,0.4770158251695554,0.6555556291865963,0.769599477251591,0.5364759879852972,0.09907982024395463,0.5229841748304446,0.4770158251695554,0.9009201797560453,0.7008412514661126,0.8003002504208384,3,1.0
CCE[FDH],20,0.804,0.6952986024510928,0.5303514376996805,0.5641461342395921,0.5003767897513187,0.6674171360583102,0.7702284008681727,0.5360140403069292,0.10977958484913332,0.4996232102486812,0.5003767897513187,0.8902204151508667,0.7032549100882564,0.7996774131902856,3,0.8988806840332064
CCE[FDH],20,0.804,0.6952986024510928,0.5303514376996805,0.5641461342395921,0.5003767897513187,0.6674171360583102,0.7702284008681727,0.5360140403069292,0.10977958484913332,0.4996232102486812,0.5003767897513187,0.8902204151508667,0.7032549100882564,0.7996774131902856,3,1.0
CCE[FDH],20,0.804,0.6952986024510928,0.5303514376996805,0.5641461342395921,0.5003767897513187,0.6674171360583102,0.7702284008681727,0.5360140403069292,0.10977958484913332,0.4996232102486812,0.5003767897513187,0.8902204151508667,0.7032549100882564,0.7996774131902856,3,0.9796464366951843
CCE[FDH],20,0.804,0.6952986024510928,0.5303514376996805,0.5641461342395921,0.5003767897513187,0.6674171360583102,0.7702284008681727,0.5360140403069292,0.10977958484913332,0.4996232102486812,0.5003767897513187,0.8902204151508667,0.7032549100882564,0.7996774131902856,3,1.0
CCE[DEA],5,0.7925,0.6978980727683977,0.5296562145825463,0.531060606060606,0.5282592313489073,0.6769670475404963,0.7689669252295289,0.5379769822540592,0.13246308581211214,0.4717407686510927,0.5282592313489073,0.8675369141878879,0.6982719221100478,0.7923032816745512,3,0.9789991759901134
CCE[DEA],5,0.7925,0.6978980727683977,0.5296562145825463,0.531060606060606,0.5282592313489073,0.6769670475404963,0.7689669252295289,0.5379769822540592,0.13246308581211214,0.4717407686510927,0.5282592313489073,0.8675369141878879,0.6982719221100478,0.7923032816745512,3,1.0
CCE[DEA],5,0.7925,0.6978980727683977,0.5296562145825463,0.531060606060606,0.5282592313489073,0.6769670475404963,0.7689669252295289,0.5379769822540592,0.13246308581211214,0.4717407686510927,0.5282592313489073,0.8675369141878879,0.6982719221100478,0.7923032816745512,3,1.0
CCE[DEA],5,0.7925,0.6978980727683977,0.5296562145825463,0.531060606060606,0.5282592313489073,0.6769670475404963,0.7689669252295289,0.5379769822540592,0.13246308581211214,0.4717407686510927,0.5282592313489073,0.8675369141878879,0.6982719221100478,0.7923032816745512,3,0.9999999999999999
CCE[DEA],10,0.8068333333333333,0.6936102650655024,0.5290532303941488,0.5740740740740741,0.4905802562170309,0.6632299867400645,0.7686513345839775,0.5357003672984227,0.1033597260860261,0.5094197437829691,0.4905802562170309,0.8966402739139739,0.7037760124085222,0.8012130838452043,3,0.9789991759901134
CCE[DEA],10,0.8068333333333333,0.6936102650655024,0.5290532303941488,0.5740740740740741,0.4905802562170309,0.6632299867400645,0.7686513345839775,0.5357003672984227,0.1033597260860261,0.5094197437829691,0.4905802562170309,0.8966402739139739,0.7037760124085222,0.8012130838452043,3,1.0
CCE[DEA],10,0.8068333333333333,0.6936102650655024,0.5290532303941488,0.5740740740740741,0.4905802562170309,0.6632299867400645,0.7686513345839775,0.5357003672984227,0.1033597260860261,0.5094197437829691,0.4905802562170309,0.8966402739139739,0.7037760124085222,0.8012130838452043,3,1.0
CCE[DEA],10,0.8068333333333333,0.6936102650655024,0.5290532303941488,0.5740740740740741,0.4905802562170309,0.6632299867400645,0.7686513345839775,0.5357003672984227,0.1033597260860261,0.5094197437829691,0.4905802562170309,0.8966402739139739,0.7037760124085222,0.8012130838452043,3,0.9999999999999999
CCE[DEA],15,0.8023333333333333,0.6953077944116428,0.5297383029341792,0.5589958158995816,0.5033911077618689,0.6682970255469912,0.7684785418518834,0.5367299587935077,0.11277551893858336,0.49660889223813115,0.5033911077618689,0.8872244810614166,0.7023032092851946,0.798536905393611,3,0.9789991759901134
CCE[DEA],15,0.8023333333333333,0.6953077944116428,0.5297383029341792,0.5589958158995816,0.5033911077618689,0.6682970255469912,0.7684785418518834,0.5367299587935077,0.11277551893858336,0.49660889223813115,0.5033911077618689,0.8872244810614166,0.7023032092851946,0.798536905393611,3,1.0
CCE[DEA],15,0.8023333333333333,0.6953077944116428,0.5297383029341792,0.5589958158995816,0.5033911077618689,0.6682970255469912,0.7684785418518834,0.5367299587935077,0.11277551893858336,0.49660889223813115,0.5033911077618689,0.8872244810614166,0.7023032092851946,0.798536905393611,3,1.0
CCE[DEA],15,0.8023333333333333,0.6953077944116428,0.5297383029341792,0.5589958158995816,0.5033911077618689,0.6682970255469912,0.7684785418518834,0.5367299587935077,0.11277551893858336,0.49660889223813115,0.5033911077618689,0.8872244810614166,0.7023032092851946,0.798536905393611,3,0.9999999999999999
CCE[DEA],20,0.8018333333333333,0.6957961777892883,0.5302252074278941,0.5573089700996677,0.5056518462697814,0.6693111789124568,0.768205847022232,0.5359976377031499,0.11405949069120479,0.49434815373021856,0.5056518462697814,0.8859405093087952,0.7023287828247295,0.7983052100376983,3,0.9789991759901134
CCE[DEA],20,0.8018333333333333,0.6957961777892883,0.5302252074278941,0.5573089700996677,0.5056518462697814,0.6693111789124568,0.768205847022232,0.5359976377031499,0.11405949069120479,0.49434815373021856,0.5056518462697814,0.8859405093087952,0.7023287828247295,0.7983052100376983,3,1.0
CCE[DEA],20,0.8018333333333333,0.6957961777892883,0.5302252074278941,0.5573089700996677,0.5056518462697814,0.6693111789124568,0.768205847022232,0.5359976377031499,0.11405949069120479,0.49434815373021856,0.5056518462697814,0.8859405093087952,0.7023287828247295,0.7983052100376983,3,1.0
CCE[DEA],20,0.8018333333333333,0.6957961777892883,0.5302252074278941,0.5573089700996677,0.5056518462697814,0.6693111789124568,0.768205847022232,0.5359976377031499,0.11405949069120479,0.49434815373021856,0.5056518462697814,0.8859405093087952,0.7023287828247295,0.7983052100376983,3,0.9999999999999999
CCE[CAR-FDH],5,0.7773333333333333,0.7086654869779752,0.5377162629757786,0.4971209213051823,0.5855312735493594,0.6978859060885575,0.7732527977828347,0.5430080877230732,0.16820029959340896,0.41446872645064053,0.5855312735493594,0.831799700406591,0.6955321161201615,0.7835407568903457,4,0.9999999999999999
CCE[CAR-FDH],5,0.7773333333333333,0.7086654869779752,0.5377162629757786,0.4971209213051823,0.5855312735493594,0.6978859060885575,0.7732527977828347,0.5430080877230732,0.16820029959340896,0.41446872645064053,0.5855312735493594,0.831799700406591,0.6955321161201615,0.7835407568903457,4,0.9772768944421719
CCE[CAR-FDH],5,0.7773333333333333,0.7086654869779752,0.5377162629757786,0.4971209213051823,0.5855312735493594,0.6978859060885575,0.7732527977828347,0.5430080877230732,0.16820029959340896,0.41446872645064053,0.5855312735493594,0.831799700406591,0.6955321161201615,0.7835407568903457,4,0.9896551216613058
CCE[CAR-FDH],5,0.7773333333333333,0.7086654869779752,0.5377162629757786,0.4971209213051823,0.5855312735493594,0.6978859060885575,0.7732527977828347,0.5430080877230732,0.16820029959340896,0.41446872645064053,0.5855312735493594,0.831799700406591,0.6955321161201615,0.7835407568903457,4,1.0
CCE[CAR-FDH],10,0.7993333333333333,0.7068714420460595,0.543939393939394,0.5468392993145469,0.5410700828937453,0.6871514715719679,0.7734854995209699,0.5459965968052045,0.12732719880162635,0.4589299171062547,0.5410700828937453,0.8726728011983736,0.7076534576534577,0.7989513338513339,4,0.9999999999999999
CCE[CAR-FDH],10,0.7993333333333333,0.7068714420460595,0.543939393939394,0.5468392993145469,0.5410700828937453,0.6871514715719679,0.7734854995209699,0.5459965968052045,0.12732719880162635,0.4589299171062547,0.5410700828937453,0.8726728011983736,0.7076534576534577,0.7989513338513339,4,0.9772768944421719
CCE[CAR-FDH],10,0.7993333333333333,0.7068714420460595,0.543939393939394,0.5468392993145469,0.5410700828937453,0.6871514715719679,0.7734854995209699,0.5459965968052045,0.12732719880162635,0.4589299171062547,0.5410700828937453,0.8726728011983736,0.7076534576534577,0.7989513338513339,4,0.9896551216613058
CCE[CAR-FDH],10,0.7993333333333333,0.7068714420460595,0.543939393939394,0.5468392993145469,0.5410700828937453,0.6871514715719679,0.7734854995209699,0.5459965968052045,0.12732719880162635,0.4589299171062547,0.5410700828937453,0.8726728011983736,0.7076534576534577,0.7989513338513339,4,1.0
CCE[CAR-FDH],15,0.7921666666666667,0.710094514318575,0.5450565487048522,0.5282885431400283,0.5629238884702336,0.694676202379742,0.773894219240515,0.5484181431012574,0.14273485983308368,0.4370761115297664,0.5629238884702336,0.8572651401669164,0.7051883888356316,0.7944885783485629,4,0.9999999999999999
CCE[CAR-FDH],15,0.7921666666666667,0.710094514318575,0.5450565487048522,0.5282885431400283,0.5629238884702336,0.694676202379742,0.773894219240515,0.5484181431012574,0.14273485983308368,0.4370761115297664,0.5629238884702336,0.8572651401669164,0.7051883888356316,0.7944885783485629,4,0.9772768944421719
CCE[CAR-FDH],15,0.7921666666666667,0.710094514318575,0.5450565487048522,0.5282885431400283,0.5629238884702336,0.694676202379742,0.773894219240515,0.5484181431012574,0.14273485983308368,0.4370761115297664,0.5629238884702336,0.8572651401669164,0.7051883888356316,0.7944885783485629,4,0.9896551216613058
CCE[CAR-FDH],15,0.7921666666666667,0.710094514318575,0.5450565487048522,0.5282885431400283,0.5629238884702336,0.694676202379742,0.773894219240515,0.5484181431012574,0.14273485983308368,0.4370761115297664,0.5629238884702336,0.8572651401669164,0.7051883888356316,0.7944885783485629,4,1.0
CCE[CAR-FDH],20,0.791,0.7112340755330813,0.5459811730629979,0.5254355400696864,0.5681989449886963,0.6967028503096191,0.7741935223770215,0.5492275000952438,0.1457307939225337,0.43180105501130367,0.5681989449886963,0.8542692060774663,0.7051187528012544,0.7938644764352886,4,0.9999999999999999
CCE[CAR-FDH],20,0.791,0.7112340755330813,0.5459811730629979,0.5254355400696864,0.5681989449886963,0.6967028503096191,0.7741935223770215,0.5492275000952438,0.1457307939225337,0.43180105501130367,0.5681989449886963,0.8542692060774663,0.7051187528012544,0.7938644764352886,4,0.9772768944421719
CCE[CAR-FDH],20,0.791,0.7112340755330813,0.5459811730629979,0.5254355400696864,0.5681989449886963,0.6967028503096191,0.7741935223770215,0.5492275000952438,0.1457307939225337,0.43180105501130367,0.5681989449886963,0.8542692060774663,0.7051187528012544,0.7938644764352886,4,0.9896551216613058
CCE[CAR-FDH],20,0.791,0.7112340755330813,0.5459811730629979,0.5254355400696864,0.5681989449886963,0.6967028503096191,0.7741935223770215,0.5492275000952438,0.1457307939225337,0.43180105501130367,0.5681989449886963,0.8542692060774663,0.7051187528012544,0.7938644764352886,4,1.0
CCE[CAR-DEA],5,0.7771666666666667,0.7074793209108556,0.5362469649670483,0.4967866323907455,0.5825169555388093,0.6963557975324889,0.7739911379824549,0.5450110994558433,0.16755831371709823,0.41748304446119067,0.5825169555388093,0.8324416862829018,0.694798923966468,0.7832180664351445,4,1.0
CCE[CAR-DEA],5,0.7771666666666667,0.7074793209108556,0.5362469649670483,0.4967866323907455,0.5825169555388093,0.6963557975324889,0.7739911379824549,0.5450110994558433,0.16755831371709823,0.41748304446119067,0.5825169555388093,0.8324416862829018,0.694798923966468,0.7832180664351445,4,0.989655131747173
CCE[CAR-DEA],5,0.7771666666666667,0.7074793209108556,0.5362469649670483,0.4967866323907455,0.5825169555388093,0.6963557975324889,0.7739911379824549,0.5450110994558433,0.16755831371709823,0.41748304446119067,0.5825169555388093,0.8324416862829018,0.694798923966468,0.7832180664351445,4,0.9899530794221711
CCE[CAR-DEA],5,0.7771666666666667,0.7074793209108556,0.5362469649670483,0.4967866323907455,0.5825169555388093,0.6963557975324889,0.7739911379824549,0.5450110994558433,0.16755831371709823,0.41748304446119067,0.5825169555388093,0.8324416862829018,0.694798923966468,0.7832180664351445,4,1.0
CCE[CAR-DEA],10,0.7925,0.7103085096106785,0.5454545454545454,0.5290368271954674,0.5629238884702336,0.6948495896786807,0.7741577221096161,0.5480642338375619,0.14230686924887653,0.4370761115297664,0.5629238884702336,0.8576931307511235,0.7055099095915423,0.7947674509919408,4,1.0
CCE[CAR-DEA],10,0.7925,0.7103085096106785,0.5454545454545454,0.5290368271954674,0.5629238884702336,0.6948495896786807,0.7741577221096161,0.5480642338375619,0.14230686924887653,0.4370761115297664,0.5629238884702336,0.8576931307511235,0.7055099095915423,0.7947674509919408,4,0.989655131747173
CCE[CAR-DEA],10,0.7925,0.7103085096106785,0.5454545454545454,0.5290368271954674,0.5629238884702336,0.6948495896786807,0.7741577221096161,0.5480642338375619,0.14230686924887653,0.4370761115297664,0.5629238884702336,0.8576931307511235,0.7055099095915423,0.7947674509919408,4,0.9899530794221711
CCE[CAR-DEA],10,0.7925,0.7103085096106785,0.5454545454545454,0.5290368271954674,0.5629238884702336,0.6948495896786807,0.7741577221096161,0.5480642338375619,0.14230686924887653,0.4370761115297664,0.5629238884702336,0.8576931307511235,0.7055099095915423,0.7947674509919408,4,1.0
CCE[CAR-DEA],15,0.7938333333333333,0.7106249065685588,0.5463879721305464,0.5321428571428571,0.5614167294649586,0.6947839072121588,0.7739461457544995,0.548163625008074,0.14016691632784078,0.4385832705350414,0.5614167294649586,0.8598330836721592,0.7064949674089591,0.7957813017758874,4,1.0
CCE[CAR-DEA],15,0.7938333333333333,0.7106249065685588,0.5463879721305464,0.5321428571428571,0.5614167294649586,0.6947839072121588,0.7739461457544995,0.548163625008074,0.14016691632784078,0.4385832705350414,0.5614167294649586,0.8598330836721592,0.7064949674089591,0.7957813017758874,4,0.989655131747173
CCE[CAR-DEA],15,0.7938333333333333,0.7106249065685588,0.5463879721305464,0.5321428571428571,0.5614167294649586,0.6947839072121588,0.7739461457544995,0.548163625008074,0.14016691632784078,0.4385832705350414,0.5614167294649586,0.8598330836721592,0.7064949674089591,0.7957813017758874,4,0.9899530794221711
CCE[CAR-DEA],15,0.7938333333333333,0.7106249065685588,0.5463879721305464,0.5321428571428571,0.5614167294649586,0.6947839072121588,0.7739461457544995,0.548163625008074,0.14016691632784078,0.4385832705350414,0.5614167294649586,0.8598330836721592,0.7064949674089591,0.7957813017758874,4,1.0
CCE[CAR-DEA],20,0.795,0.7135322269330572,0.5504385964912281,0.5344215755855216,0.5674453654860587,0.6984174022635843,0.7744471882357097,0.5499155181596811,0.14038091161994437,0.4325546345139412,0.5674453654860587,0.8596190883800556,0.7088332878829198,0.7971647274490197,4,1.0
CCE[CAR-DEA],20,0.795,0.7135322269330572,0.5504385964912281,0.5344215755855216,0.5674453654860587,0.6984174022635843,0.7744471882357097,0.5499155181596811,0.14038091161994437,0.4325546345139412,0.5674453654860587,0.8596190883800556,0.7088332878829198,0.7971647274490197,4,0.989655131747173
CCE[CAR-DEA],20,0.795,0.7135322269330572,0.5504385964912281,0.5344215755855216,0.5674453654860587,0.6984174022635843,0.7744471882357097,0.5499155181596811,0.14038091161994437,0.4325546345139412,0.5674453654860587,0.8596190883800556,0.7088332878829198,0.7971647274490197,4,0.9899530794221711
CCE[CAR-DEA],20,0.795,0.7135322269330572,0.5504385964912281,0.5344215755855216,0.5674453654860587,0.6984174022635843,0.7744471882357097,0.5499155181596811,0.14038091161994437,0.4325546345139412,0.5674453654860587,0.8596190883800556,0.7088332878829198,0.7971647274490197,4,1.0
CCE[FDH],5,0.8085,0.6655426941571867,0.48590604026845635,0.5980176211453745,0.4091936699321778,0.6141923603602477,0.7678962230879149,0.5421326860070618,0.0781082816178044,0.5908063300678221,0.4091936699321778,0.9218917183821956,0.68412045485005,0.794658026715052,4,0.8565149078774156
CCE[FDH],5,0.8085,0.6655426941571867,0.48590604026845635,0.5980176211453745,0.4091936699321778,0.6141923603602477,0.7678962230879149,0.5421326860070618,0.0781082816178044,0.5908063300678221,0.4091936699321778,0.9218917183821956,0.68412045485005,0.794658026715052,4,0.9517539953251377
CCE[FDH],5,0.8085,0.6655426941571867,0.48590604026845635,0.5980176211453745,0.4091936699321778,0.6141923603602477,0.7678962230879149,0.5421326860070618,0.0781082816178044,0.5908063300678221,0.4091936699321778,0.9218917183821956,0.68412045485005,0.794658026715052,4,0.926704986121816
CCE[FDH],5,0.8085,0.6655426941571867,0.48590604026845635,0.5980176211453745,0.4091936699321778,0.6141923603602477,0.7678962230879149,0.5421326860070618,0.0781082816178044,0.5908063300678221,0.4091936699321778,0.9218917183821956,0.68412045485005,0.794658026715052,4,0.9173468332525706
CCE[FDH],10,0.806,0.699010703151117,0.5362549800796813,0.5688926458157227,0.5071590052750565,0.6721673074033665,0.7740749944646659,0.5507071104724929,0.1091375989728226,0.49284099472494347,0.5071590052750565,0.8908624010271774,0.7067997766573327,0.8019069248821363,4,0.8565149078774156
CCE[FDH],10,0.806,0.699010703151117,0.5362549800796813,0.5688926458157227,0.5071590052750565,0.6721673074033665,0.7740749944646659,0.5507071104724929,0.1091375989728226,0.49284099472494347,0.5071590052750565,0.8908624010271774,0.7067997766573327,0.8019069248821363,4,0.9517539953251377
CCE[FDH],10,0.806,0.699010703151117,0.5362549800796813,0.5688926458157227,0.5071590052750565,0.6721673074033665,0.7740749944646659,0.5507071104724929,0.1091375989728226,0.49284099472494347,0.5071590052750565,0.8908624010271774,0.7067997766573327,0.8019069248821363,4,0.926704986121816
CCE[FDH],10,0.806,0.699010703151117,0.5362549800796813,0.5688926458157227,0.5071590052750565,0.6721673074033665,0.7740749944646659,0.5507071104724929,0.1091375989728226,0.49284099472494347,0.5071590052750565,0.8908624010271774,0.7067997766573327,0.8019069248821363,4,0.9173468332525706
CCE[FDH],15,0.8038333333333333,0.6908749311207694,0.5240598463404772,0.5654450261780105,0.4883195177091183,0.6605145531695444,0.7731877283778884,0.5486244016341706,0.10656965546757971,0.5116804822908817,0.4883195177091183,0.8934303445324203,0.7002581167253976,0.7985180188433882,4,0.8565149078774156
CCE[FDH],15,0.8038333333333333,0.6908749311207694,0.5240598463404772,0.5654450261780105,0.4883195177091183,0.6605145531695444,0.7731877283778884,0.5486244016341706,0.10656965546757971,0.5116804822908817,0.4883195177091183,0.8934303445324203,0.7002581167253976,0.7985180188433882,4,0.9517539953251377
CCE[FDH],15,0.8038333333333333,0.6908749311207694,0.5240598463404772,0.5654450261780105,0.4883195177091183,0.6605145531695444,0.7731877283778884,0.5486244016341706,0.10656965546757971,0.5116804822908817,0.4883195177091183,0.8934303445324203,0.7002581167253976,0.7985180188433882,4,0.926704986121816
CCE[FDH],15,0.8038333333333333,0.6908749311207694,0.5240598463404772,0.5654450261780105,0.4883195177091183,0.6605145531695444,0.7731877283778884,0.5486244016341706,0.10656965546757971,0.5116804822908817,0.4883195177091183,0.8934303445324203,0.7002581167253976,0.7985180188433882,4,0.9173468332525706
CCE[FDH],20,0.8081666666666667,0.6877214436022423,0.5210153974198918,0.5817843866171004,0.4717407686510927,0.6529265900834472,0.7736889321215641,0.5499447762767092,0.09629788144660817,0.5282592313489073,0.4717407686510927,0.9037021185533918,0.7005410424632021,0.8006565105156881,4,0.8565149078774156
CCE[FDH],20,0.8081666666666667,0.6877214436022423,0.5210153974198918,0.5817843866171004,0.4717407686510927,0.6529265900834472,0.7736889321215641,0.5499447762767092,0.09629788144660817,0.5282592313489073,0.4717407686510927,0.9037021185533918,0.7005410424632021,0.8006565105156881,4,0.9517539953251377
CCE[FDH],20,0.8081666666666667,0.6877214436022423,0.5210153974198918,0.5817843866171004,0.4717407686510927,0.6529265900834472,0.7736889321215641,0.5499447762767092,0.09629788144660817,0.5282592313489073,0.4717407686510927,0.9037021185533918,0.7005410424632021,0.8006565105156881,4,0.926704986121816
CCE[FDH],20,0.8081666666666667,0.6877214436022423,0.5210153974198918,0.5817843866171004,0.4717407686510927,0.6529265900834472,0.7736889321215641,0.5499447762767092,0.09629788144660817,0.5282592313489073,0.4717407686510927,0.9037021185533918,0.7005410424632021,0.8006565105156881,4,0.9173468332525706
CCE[DEA],5,0.8041666666666667,0.701071234307751,0.5383104125736738,0.5623973727422004,0.5162019593067069,0.6762575151038115,0.7737082029862261,0.5469766898827305,0.11405949069120479,0.48379804069329313,0.5162019593067069,0.8859405093087952,0.7070187705385556,0.8011017981636379,4,0.9583144826172779
CCE[DEA],5,0.8041666666666667,0.701071234307751,0.5383104125736738,0.5623973727422004,0.5162019593067069,0.6762575151038115,0.7737082029862261,0.5469766898827305,0.11405949069120479,0.48379804069329313,0.5162019593067069,0.8859405093087952,0.7070187705385556,0.8011017981636379,4,0.9603918178274042
CCE[DEA],5,0.8041666666666667,0.701071234307751,0.5383104125736738,0.5623973727422004,0.5162019593067069,0.6762575151038115,0.7737082029862261,0.5469766898827305,0.11405949069120479,0.48379804069329313,0.5162019593067069,0.8859405093087952,0.7070187705385556,0.8011017981636379,4,0.9232329697095484
CCE[DEA],5,0.8041666666666667,0.701071234307751,0.5383104125736738,0.5623973727422004,0.5162019593067069,0.6762575151038115,0.7737082029862261,0.5469766898827305,0.11405949069120479,0.48379804069329313,0.5162019593067069,0.8859405093087952,0.7070187705385556,0.8011017981636379,4,0.9184550293900935
CCE[DEA],10,0.8043333333333333,0.7017178161643368,0.5392464678178964,0.5626535626535627,0.517709118311982,0.6771622350937232,0.7743164043759537,0.5478508054082899,0.11427348598330837,0.4822908816880181,0.517709118311982,0.8857265140166917,0.7075199753393333,0.8013605013671213,4,0.9583144826172779
CCE[DEA],10,0.8043333333333333,0.7017178161643368,0.5392464678178964,0.5626535626535627,0.517709118311982,0.6771622350937232,0.7743164043759537,0.5478508054082899,0.11427348598330837,0.4822908816880181,0.517709118311982,0.8857265140166917,0.7075199753393333,0.8013605013671213,4,0.9603918178274042
CCE[DEA],10,0.8043333333333333,0.7017178161643368,0.5392464678178964,0.5626535626535627,0.517709118311982,0.6771622350937232,0.7743164043759537,0.5478508054082899,0.11427348598330837,0.4822908816880181,0.517709118311982,0.8857265140166917,0.7075199753393333,0.8013605013671213,4,0.9232329697095484
CCE[DEA],10,0.8043333333333333,0.7017178161643368,0.5392464678178964,0.5626535626535627,0.517709118311982,0.6771622350937232,0.7743164043759537,0.5478508054082899,0.11427348598330837,0.4822908816880181,0.517709118311982,0.8857265140166917,0.7075199753393333,0.8013605013671213,4,0.9184550293900935
CCE[DEA],15,0.8091666666666667,0.6897123900048878,0.5243041130037391,0.5842592592592593,0.47550866616428034,0.6556065478769041,0.7739017985764072,0.5495314783011587,0.0960838861545046,0.5244913338357197,0.47550866616428034,0.9039161138454954,0.7024731239468816,0.8018320423828408,4,0.9583144826172779
CCE[DEA],15,0.8091666666666667,0.6897123900048878,0.5243041130037391,0.5842592592592593,0.47550866616428034,0.6556065478769041,0.7739017985764072,0.5495314783011587,0.0960838861545046,0.5244913338357197,0.47550866616428034,0.9039161138454954,0.7024731239468816,0.8018320423828408,4,0.9603918178274042
CCE[DEA],15,0.8091666666666667,0.6897123900048878,0.5243041130037391,0.5842592592592593,0.47550866616428034,0.6556065478769041,0.7739017985764072,0.5495314783011587,0.0960838861545046,0.5244913338357197,0.47550866616428034,0.9039161138454954,0.7024731239468816,0.8018320423828408,4,0.9232329697095484
CCE[DEA],15,0.8091666666666667,0.6897123900048878,0.5243041130037391,0.5842592592592593,0.47550866616428034,0.6556065478769041,0.7739017985764072,0.5495314783011587,0.0960838861545046,0.5244913338357197,0.47550866616428034,0.9039161138454954,0.7024731239468816,0.8018320423828408,4,0.9184550293900935
CCE[DEA],20,0.8083333333333333,0.688098233353561,0.521630615640599,0.5821727019498607,0.4724943481537302,0.6534478888412065,0.7737887535878882,0.5507315222824501,0.09629788144660817,0.5275056518462697,0.4724943481537302,0.9037021185533918,0.7008945074868271,0.8008640045064072,4,0.9583144826172779
CCE[DEA],20,0.8083333333333333,0.688098233353561,0.521630615640599,0.5821727019498607,0.4724943481537302,0.6534478888412065,0.7737887535878882,0.5507315222824501,0.09629788144660817,0.5275056518462697,0.4724943481537302,0.9037021185533918,0.7008945074868271,0.8008640045064072,4,0.9603918178274042
CCE[DEA],20,0.8083333333333333,0.688098233353561,0.521630615640599,0.5821727019498607,0.4724943481537302,0.6534478888412065,0.7737887535878882,0.5507315222824501,0.09629788144660817,0.5275056518462697,0.4724943481537302,0.9037021185533918,0.7008945074868271,0.8008640045064072,4,0.9232329697095484
CCE[DEA],20,0.8083333333333333,0.688098233353561,0.521630615640599,0.5821727019498607,0.4724943481537302,0.6534478888412065,0.7737887535878882,0.5507315222824501,0.09629788144660817,0.5275056518462697,0.4724943481537302,0.9037021185533918,0.7008945074868271,0.8008640045064072,4,0.9184550293900935
CCE[CAR-FDH],5,0.7858333333333334,0.7054890195580732,0.5369369369369369,0.5145027624309392,0.5614167294649586,0.6906214099956189,0.7796268580056575,0.5493893895488993,0.15043869034881233,0.4385832705350414,0.5614167294649586,0.8495613096511877,0.6988207719915036,0.7890979906736005,5,0.9731330583439938
CCE[CAR-FDH],5,0.7858333333333334,0.7054890195580732,0.5369369369369369,0.5145027624309392,0.5614167294649586,0.6906214099956189,0.7796268580056575,0.5493893895488993,0.15043869034881233,0.4385832705350414,0.5614167294649586,0.8495613096511877,0.6988207719915036,0.7890979906736005,5,0.9821145932719385
CCE[CAR-FDH],5,0.7858333333333334,0.7054890195580732,0.5369369369369369,0.5145027624309392,0.5614167294649586,0.6906214099956189,0.7796268580056575,0.5493893895488993,0.15043869034881233,0.4385832705350414,0.5614167294649586,0.8495613096511877,0.6988207719915036,0.7890979906736005,5,0.9946523423513715
CCE[CAR-FDH],5,0.7858333333333334,0.7054890195580732,0.5369369369369369,0.5145027624309392,0.5614167294649586,0.6906214099956189,0.7796268580056575,0.5493893895488993,0.15043869034881233,0.4385832705350414,0.5614167294649586,0.8495613096511877,0.6988207719915036,0.7890979906736005,5,1.0
CCE[CAR-FDH],10,0.7866666666666666,0.7081823446304678,0.5405599425699928,0.5161069225496916,0.5674453654860587,0.6940571561100807,0.7798802819706467,0.5506644726766516,0.15108067622512306,0.4325546345139412,0.5674453654860587,0.848919323774877,0.7008204531604034,0.7901923978996558,5,0.9731330583439938
CCE[CAR-FDH],10,0.7866666666666666,0.7081823446304678,0.5405599425699928,0.5161069225496916,0.5674453654860587,0.6940571561100807,0.7798802819706467,0.5506644726766516,0.15108067622512306,0.4325546345139412,0.5674453654860587,0.848919323774877,0.7008204531604034,0.7901923978996558,5,0.9821145932719385
CCE[CAR-FDH],10,0.7866666666666666,0.7081823446304678,0.5405599425699928,0.5161069225496916,0.5674453654860587,0.6940571561100807,0.7798802819706467,0.5506644726766516,0.15108067622512306,0.4325546345139412,0.5674453654860587,0.848919323774877,0.7008204531604034,0.7901923978996558,5,0.9946523423513715
CCE[CAR-FDH],10,0.7866666666666666,0.7081823446304678,0.5405599425699928,0.5161069225496916,0.5674453654860587,0.6940571561100807,0.7798802819706467,0.5506644726766516,0.15108067622512306,0.4325546345139412,0.5674453654860587,0.848919323774877,0.7008204531604034,0.7901923978996558,5,1.0
CCE[CAR-FDH],15,0.7841666666666667,0.7100846773081617,0.5419172267421295,0.5106666666666667,0.5772418990203466,0.6975478802237239,0.7806807888508291,0.555279955119918,0.1570725444040231,0.42275810097965333,0.5772418990203466,0.8429274555959769,0.700371019345119,0.7887354176867195,5,0.9731330583439938
CCE[CAR-FDH],15,0.7841666666666667,0.7100846773081617,0.5419172267421295,0.5106666666666667,0.5772418990203466,0.6975478802237239,0.7806807888508291,0.555279955119918,0.1570725444040231,0.42275810097965333,0.5772418990203466,0.8429274555959769,0.700371019345119,0.7887354176867195,5,0.9821145932719385
CCE[CAR-FDH],15,0.7841666666666667,0.7100846773081617,0.5419172267421295,0.5106666666666667,0.5772418990203466,0.6975478802237239,0.7806807888508291,0.555279955119918,0.1570725444040231,0.42275810097965333,0.5772418990203466,0.8429274555959769,0.700371019345119,0.7887354176867195,5,0.9946523423513715
CCE[CAR-FDH],15,0.7841666666666667,0.7100846773081617,0.5419172267421295,0.5106666666666667,0.5772418990203466,0.6975478802237239,0.7806807888508291,0.555279955119918,0.1570725444040231,0.42275810097965333,0.5772418990203466,0.8429274555959769,0.700371019345119,0.7887354176867195,5,1.0
CCE[CAR-FDH],20,0.7893333333333333,0.7134016043357672,0.547925608011445,0.5214431586113002,0.5772418990203466,0.7002873579590483,0.7814867786548485,0.5580045662744237,0.15043869034881233,0.42275810097965333,0.5772418990203466,0.8495613096511877,0.7052970065263657,0.7930577897648532,5,0.9731330583439938
CCE[CAR-FDH],20,0.7893333333333333,0.7134016043357672,0.547925608011445,0.5214431586113002,0.5772418990203466,0.7002873579590483,0.7814867786548485,0.5580045662744237,0.15043869034881233,0.42275810097965333,0.5772418990203466,0.8495613096511877,0.7052970065263657,0.7930577897648532,5,0.9821145932719385
CCE[CAR-FDH],20,0.7893333333333333,0.7134016043357672,0.547925608011445,0.5214431586113002,0.5772418990203466,0.7002873579590483,0.7814867786548485,0.5580045662744237,0.15043869034881233,0.42275810097965333,0.5772418990203466,0.8495613096511877,0.7052970065263657,0.7930577897648532,5,0.9946523423513715
CCE[CAR-FDH],20,0.7893333333333333,0.7134016043357672,0.547925608011445,0.5214431586113002,0.5772418990203466,0.7002873579590483,0.7814867786548485,0.5580045662744237,0.15043869034881233,0.42275810097965333,0.5772418990203466,0.8495613096511877,0.7052970065263657,0.7930577897648532,5,1.0
CCE[CAR-DEA],5,0.769,0.7073624862543906,0.5333333333333333,0.48204503956177724,0.5968349660889224,0.6986739971160119,0.7789325424591977,0.5502371992553967,0.18210999358014124,0.4031650339110776,0.5968349660889224,0.8178900064198588,0.689922480620155,0.7772470284237726,5,1.0
CCE[CAR-DEA],5,0.769,0.7073624862543906,0.5333333333333333,0.48204503956177724,0.5968349660889224,0.6986739971160119,0.7789325424591977,0.5502371992553967,0.18210999358014124,0.4031650339110776,0.5968349660889224,0.8178900064198588,0.689922480620155,0.7772470284237726,5,1.0
CCE[CAR-DEA],5,0.769,0.7073624862543906,0.5333333333333333,0.48204503956177724,0.5968349660889224,0.6986739971160119,0.7789325424591977,0.5502371992553967,0.18210999358014124,0.4031650339110776,0.5968349660889224,0.8178900064198588,0.689922480620155,0.7772470284237726,5,1.0
CCE[CAR-DEA],5,0.769,0.7073624862543906,0.5333333333333333,0.48204503956177724,0.5968349660889224,0.6986739971160119,0.7789325424591977,0.5502371992553967,0.18210999358014124,0.4031650339110776,0.5968349660889224,0.8178900064198588,0.689922480620155,0.7772470284237726,5,1.0
CCE[CAR-DEA],10,0.7806666666666666,0.7102658556884771,0.5408234473133287,0.5035737491877843,0.5840241145440844,0.6989568002027856,0.7797364358511618,0.5500324927319321,0.16349240316713032,0.4159758854559156,0.5840241145440844,0.8365075968328697,0.6983731863236229,0.786233424111697,5,1.0
CCE[CAR-DEA],10,0.7806666666666666,0.7102658556884771,0.5408234473133287,0.5035737491877843,0.5840241145440844,0.6989568002027856,0.7797364358511618,0.5500324927319321,0.16349240316713032,0.4159758854559156,0.5840241145440844,0.8365075968328697,0.6983731863236229,0.786233424111697,5,1.0
CCE[CAR-DEA],10,0.7806666666666666,0.7102658556884771,0.5408234473133287,0.5035737491877843,0.5840241145440844,0.6989568002027856,0.7797364358511618,0.5500324927319321,0.16349240316713032,0.4159758854559156,0.5840241145440844,0.8365075968328697,0.6983731863236229,0.786233424111697,5,1.0
CCE[CAR-DEA],10,0.7806666666666666,0.7102658556884771,0.5408234473133287,0.5035737491877843,0.5840241145440844,0.6989568002027856,0.7797364358511618,0.5500324927319321,0.16349240316713032,0.4159758854559156,0.5840241145440844,0.8365075968328697,0.6983731863236229,0.786233424111697,5,1.0
CCE[CAR-DEA],15,0.783,0.7109544464174011,0.5425158116654955,0.5082290980908493,0.5817633760361718,0.6991179387016367,0.7809170383632118,0.5548898985186244,0.15985448320136958,0.41823662396382816,0.5817633760361718,0.8401455167986305,0.7001414540084087,0.7880440205549734,5,1.0
CCE[CAR-DEA],15,0.783,0.7109544464174011,0.5425158116654955,0.5082290980908493,0.5817633760361718,0.6991179387016367,0.7809170383632118,0.5548898985186244,0.15985448320136958,0.41823662396382816,0.5817633760361718,0.8401455167986305,0.7001414540084087,0.7880440205549734,5,1.0
CCE[CAR-DEA],15,0.783,0.7109544464174011,0.5425158116654955,0.5082290980908493,0.5817633760361718,0.6991179387016367,0.7809170383632118,0.5548898985186244,0.15985448320136958,0.41823662396382816,0.5817633760361718,0.8401455167986305,0.7001414540084087,0.7880440205549734,5,1.0
CCE[CAR-DEA],15,0.783,0.7109544464174011,0.5425158116654955,0.5082290980908493,0.5817633760361718,0.6991179387016367,0.7809170383632118,0.5548898985186244,0.15985448320136958,0.41823662396382816,0.5817633760361718,0.8401455167986305,0.7001414540084087,0.7880440205549734,5,1.0
CCE[CAR-DEA],20,0.7871666666666667,0.7128200112528948,0.5463587921847247,0.5168010752688172,0.5795026375282593,0.7002419912471282,0.7814245313430535,0.558003041887352,0.1538626150224695,0.42049736247174074,0.5795026375282593,0.8461373849775305,0.7036638816666683,0.7913876865677655,5,1.0
CCE[CAR-DEA],20,0.7871666666666667,0.7128200112528948,0.5463587921847247,0.5168010752688172,0.5795026375282593,0.7002419912471282,0.7814245313430535,0.558003041887352,0.1538626150224695,0.42049736247174074,0.5795026375282593,0.8461373849775305,0.7036638816666683,0.7913876865677655,5,1.0
CCE[CAR-DEA],20,0.7871666666666667,0.7128200112528948,0.5463587921847247,0.5168010752688172,0.5795026375282593,0.7002419912471282,0.7814245313430535,0.558003041887352,0.1538626150224695,0.42049736247174074,0.5795026375282593,0.8461373849775305,0.7036638816666683,0.7913876865677655,5,1.0
CCE[CAR-DEA],20,0.7871666666666667,0.7128200112528948,0.5463587921847247,0.5168010752688172,0.5795026375282593,0.7002419912471282,0.7814245313430535,0.558003041887352,0.1538626150224695,0.42049736247174074,0.5795026375282593,0.8461373849775305,0.7036638816666683,0.7913876865677655,5,1.0
CCE[FDH],5,0.8125,0.6751252323993711,0.5028722934158197,0.6079059829059829,0.4287867370007536,0.628578893303816,0.7773177407580077,0.5437416868934841,0.07853627220201155,0.5712132629992465,0.4287867370007536,0.9214637277979885,0.6936668132376418,0.8000665571249447,5,0.8821809907035765
CCE[FDH],5,0.8125,0.6751252323993711,0.5028722934158197,0.6079059829059829,0.4287867370007536,0.628578893303816,0.7773177407580077,0.5437416868934841,0.07853627220201155,0.5712132629992465,0.4287867370007536,0.9214637277979885,0.6936668132376418,0.8000665571249447,5,0.9071985297078319
CCE[FDH],5,0.8125,0.6751252323993711,0.5028722934158197,0.6079059829059829,0.4287867370007536,0.628578893303816,0.7773177407580077,0.5437416868934841,0.07853627220201155,0.5712132629992465,0.4287867370007536,0.9214637277979885,0.6936668132376418,0.8000665571249447,5,1.0
CCE[FDH],5,0.8125,0.6751252323993711,0.5028722934158197,0.6079059829059829,0.4287867370007536,0.628578893303816,0.7773177407580077,0.5437416868934841,0.07853627220201155,0.5712132629992465,0.4287867370007536,0.9214637277979885,0.6936668132376418,0.8000665571249447,5,0.98158919689204
CCE[FDH],10,0.8121666666666667,0.6840841686863447,0.5169309901414488,0.5994035785288271,0.4544084400904295,0.6443758294203956,0.7809163933133486,0.5505473631683023,0.08624010271774021,0.5455915599095704,0.4544084400904295,0.9137598972822598,0.7001744016601523,0.8023631441504161,5,0.8821809907035765
CCE[FDH],10,0.8121666666666667,0.6840841686863447,0.5169309901414488,0.5994035785288271,0.4544084400904295,0.6443758294203956,0.7809163933133486,0.5505473631683023,0.08624010271774021,0.5455915599095704,0.4544084400904295,0.9137598972822598,0.7001744016601523,0.8023631441504161,5,0.9071985297078319
CCE[FDH],10,0.8121666666666667,0.6840841686863447,0.5169309901414488,0.5994035785288271,0.4544084400904295,0.6443758294203956,0.7809163933133486,0.5505473631683023,0.08624010271774021,0.5455915599095704,0.4544084400904295,0.9137598972822598,0.7001744016601523,0.8023631441504161,5,1.0
CCE[FDH],10,0.8121666666666667,0.6840841686863447,0.5169309901414488,0.5994035785288271,0.4544084400904295,0.6443758294203956,0.7809163933133486,0.5505473631683023,0.08624010271774021,0.5455915599095704,0.4544084400904295,0.9137598972822598,0.7001744016601523,0.8023631441504161,5,0.98158919689204
CCE[FDH],15,0.7998333333333333,0.7031455534052102,0.5393172228615266,0.54921875,0.5297663903541824,0.6814347621696771,0.7828228381839202,0.5579380890964716,0.12347528354376204,0.4702336096458176,0.5297663903541824,0.876524716456238,0.7057280248237154,0.7985297820512962,5,0.8821809907035765
CCE[FDH],15,0.7998333333333333,0.7031455534052102,0.5393172228615266,0.54921875,0.5297663903541824,0.6814347621696771,0.7828228381839202,0.5579380890964716,0.12347528354376204,0.4702336096458176,0.5297663903541824,0.876524716456238,0.7057280248237154,0.7985297820512962,5,0.9071985297078319
CCE[FDH],15,0.7998333333333333,0.7031455534052102,0.5393172228615266,0.54921875,0.5297663903541824,0.6814347621696771,0.7828228381839202,0.5579380890964716,0.12347528354376204,0.4702336096458176,0.5297663903541824,0.876524716456238,0.7057280248237154,0.7985297820512962,5,1.0
CCE[FDH],15,0.7998333333333333,0.7031455534052102,0.5393172228615266,0.54921875,0.5297663903541824,0.6814347621696771,0.7828228381839202,0.5579380890964716,0.12347528354376204,0.4702336096458176,0.5297663903541824,0.876524716456238,0.7057280248237154,0.7985297820512962,5,0.98158919689204
CCE[FDH],20,0.8016666666666666,0.6975777248801054,0.5326001571091908,0.5561936013125512,0.5109269027882442,0.6721429556733719,0.7823971052742342,0.5542651104873426,0.11577145302803338,0.48907309721175585,0.5109269027882442,0.8842285469719666,0.7033637553051773,0.798592921899139,5,0.8821809907035765
CCE[FDH],20,0.8016666666666666,0.6975777248801054,0.5326001571091908,0.5561936013125512,0.5109269027882442,0.6721429556733719,0.7823971052742342,0.5542651104873426,0.11577145302803338,0.48907309721175585,0.5109269027882442,0.8842285469719666,0.7033637553051773,0.798592921899139,5,0.9071985297078319
CCE[FDH],20,0.8016666666666666,0.6975777248801054,0.5326001571091908,0.5561936013125512,0.5109269027882442,0.6721429556733719,0.7823971052742342,0.5542651104873426,0.11577145302803338,0.48907309721175585,0.5109269027882442,0.8842285469719666,0.7033637553051773,0.798592921899139,5,1.0
CCE[FDH],20,0.8016666666666666,0.6975777248801054,0.5326001571091908,0.5561936013125512,0.5109269027882442,0.6721429556733719,0.7823971052742342,0.5542651104873426,0.11577145302803338,0.48907309721175585,0.5109269027882442,0.8842285469719666,0.7033637553051773,0.798592921899139,5,0.98158919689204
CCE[DEA],5,0.7935,0.7039359007500479,0.5378590078328982,0.5324963072378139,0.5433308214016579,0.685369798614061,0.7801978883970204,0.5505838965471932,0.13545901990156217,0.4566691785983421,0.5433308214016579,0.8645409800984378,0.7024524140999452,0.7942406703282018,5,0.9680281538779676
CCE[DEA],5,0.7935,0.7039359007500479,0.5378590078328982,0.5324963072378139,0.5433308214016579,0.685369798614061,0.7801978883970204,0.5505838965471932,0.13545901990156217,0.4566691785983421,0.5433308214016579,0.8645409800984378,0.7024524140999452,0.7942406703282018,5,0.9734737440563228
CCE[DEA],5,0.7935,0.7039359007500479,0.5378590078328982,0.5324963072378139,0.5433308214016579,0.685369798614061,0.7801978883970204,0.5505838965471932,0.13545901990156217,0.4566691785983421,0.5433308214016579,0.8645409800984378,0.7024524140999452,0.7942406703282018,5,0.955524341701361
CCE[DEA],5,0.7935,0.7039359007500479,0.5378590078328982,0.5324963072378139,0.5433308214016579,0.685369798614061,0.7801978883970204,0.5505838965471932,0.13545901990156217,0.4566691785983421,0.5433308214016579,0.8645409800984378,0.7024524140999452,0.7942406703282018,5,0.975825835987439
CCE[DEA],10,0.7965,0.705592066273713,0.5411499436302142,0.5397301349325337,0.5425772418990203,0.6865029723333294,0.7808530171642931,0.552372179145923,0.13139310935159426,0.45742275810097965,0.5425772418990203,0.8686068906484057,0.7052039470801248,0.7966913963373581,5,0.9680281538779676
CCE[DEA],10,0.7965,0.705592066273713,0.5411499436302142,0.5397301349325337,0.5425772418990203,0.6865029723333294,0.7808530171642931,0.552372179145923,0.13139310935159426,0.45742275810097965,0.5425772418990203,0.8686068906484057,0.7052039470801248,0.7966913963373581,5,0.9734737440563228
CCE[DEA],10,0.7965,0.705592066273713,0.5411499436302142,0.5397301349325337,0.5425772418990203,0.6865029723333294,0.7808530171642931,0.552372179145923,0.13139310935159426,0.45742275810097965,0.5425772418990203,0.8686068906484057,0.7052039470801248,0.7966913963373581,5,0.955524341701361
CCE[DEA],10,0.7965,0.705592066273713,0.5411499436302142,0.5397301349325337,0.5425772418990203,0.6865029723333294,0.7808530171642931,0.552372179145923,0.13139310935159426,0.45742275810097965,0.5425772418990203,0.8686068906484057,0.7052039470801248,0.7966913963373581,5,0.975825835987439
CCE[DEA],15,0.8013333333333333,0.7000616506406716,0.5358255451713395,0.5543916196615633,0.5184626978146194,0.6760977259466437,0.7814461405134694,0.552618013012134,0.11833939653327627,0.48153730218538054,0.5184626978146194,0.8816606034667237,0.7047236292438547,0.7989124607949607,5,0.9680281538779676
CCE[DEA],15,0.8013333333333333,0.7000616506406716,0.5358255451713395,0.5543916196615633,0.5184626978146194,0.6760977259466437,0.7814461405134694,0.552618013012134,0.11833939653327627,0.48153730218538054,0.5184626978146194,0.8816606034667237,0.7047236292438547,0.7989124607949607,5,0.9734737440563228
CCE[DEA],15,0.8013333333333333,0.7000616506406716,0.5358255451713395,0.5543916196615633,0.5184626978146194,0.6760977259466437,0.7814461405134694,0.552618013012134,0.11833939653327627,0.48153730218538054,0.5184626978146194,0.8816606034667237,0.7047236292438547,0.7989124607949607,5,0.955524341701361
CCE[DEA],15,0.8013333333333333,0.7000616506406716,0.5358255451713395,0.5543916196615633,0.5184626978146194,0.6760977259466437,0.7814461405134694,0.552618013012134,0.11833939653327627,0.48153730218538054,0.5184626978146194,0.8816606034667237,0.7047236292438547,0.7989124607949607,5,0.975825835987439
CCE[DEA],20,0.8026666666666666,0.6957915818090133,0.5305313243457573,0.5598326359832636,0.5041446872645065,0.6688777116392319,0.781604016467478,0.553316674340382,0.11256152364647978,0.4958553127354936,0.5041446872645065,0.8874384763535202,0.7028052274820156,0.7988766407976691,5,0.9680281538779676
CCE[DEA],20,0.8026666666666666,0.6957915818090133,0.5305313243457573,0.5598326359832636,0.5041446872645065,0.6688777116392319,0.781604016467478,0.553316674340382,0.11256152364647978,0.4958553127354936,0.5041446872645065,0.8874384763535202,0.7028052274820156,0.7988766407976691,5,0.9734737440563228
CCE[DEA],20,0.8026666666666666,0.6957915818090133,0.5305313243457573,0.5598326359832636,0.5041446872645065,0.6688777116392319,0.781604016467478,0.553316674340382,0.11256152364647978,0.4958553127354936,0.5041446872645065,0.8874384763535202,0.7028052274820156,0.7988766407976691,5,0.955524341701361
CCE[DEA],20,0.8026666666666666,0.6957915818090133,0.5305313243457573,0.5598326359832636,0.5041446872645065,0.6688777116392319,0.781604016467478,0.553316674340382,0.11256152364647978,0.4958553127354936,0.5041446872645065,0.8874384763535202,0.7028052274820156,0.7988766407976691,5,0.975825835987439
CCE[CAR-FDH],5,0.7686666666666667,0.7160516304360972,0.54312047399605,0.48217416715371125,0.6217030896759608,0.7098086293548607,0.787860193827808,0.5655978990847356,0.18959982880376633,0.37829691032403917,0.6217030896759608,0.8104001711962336,0.694122165139065,0.7783307748998195,6,1.0
CCE[CAR-FDH],5,0.7686666666666667,0.7160516304360972,0.54312047399605,0.48217416715371125,0.6217030896759608,0.7098086293548607,0.787860193827808,0.5655978990847356,0.18959982880376633,0.37829691032403917,0.6217030896759608,0.8104001711962336,0.694122165139065,0.7783307748998195,6,1.0
CCE[CAR-FDH],5,0.7686666666666667,0.7160516304360972,0.54312047399605,0.48217416715371125,0.6217030896759608,0.7098086293548607,0.787860193827808,0.5655978990847356,0.18959982880376633,0.37829691032403917,0.6217030896759608,0.8104001711962336,0.694122165139065,0.7783307748998195,6,1.0
CCE[CAR-FDH],5,0.7686666666666667,0.7160516304360972,0.54312047399605,0.48217416715371125,0.6217030896759608,0.7098086293548607,0.787860193827808,0.5655978990847356,0.18959982880376633,0.37829691032403917,0.6217030896759608,0.8104001711962336,0.694122165139065,0.7783307748998195,6,1.0
CCE[CAR-FDH],10,0.7845,0.7148851383898039,0.5477439664218258,0.5110966057441253,0.5900527505651846,0.7039017232828834,0.7870633959843389,0.5677999847574535,0.16028247378557672,0.40994724943481536,0.5900527505651846,0.8397175262144233,0.7031466796336238,0.7898095927014032,6,1.0
CCE[CAR-FDH],10,0.7845,0.7148851383898039,0.5477439664218258,0.5110966057441253,0.5900527505651846,0.7039017232828834,0.7870633959843389,0.5677999847574535,0.16028247378557672,0.40994724943481536,0.5900527505651846,0.8397175262144233,0.7031466796336238,0.7898095927014032,6,1.0
CCE[CAR-FDH],10,0.7845,0.7148851383898039,0.5477439664218258,0.5110966057441253,0.5900527505651846,0.7039017232828834,0.7870633959843389,0.5677999847574535,0.16028247378557672,0.40994724943481536,0.5900527505651846,0.8397175262144233,0.7031466796336238,0.7898095927014032,6,1.0
CCE[CAR-FDH],10,0.7845,0.7148851383898039,0.5477439664218258,0.5110966057441253,0.5900527505651846,0.7039017232828834,0.7870633959843389,0.5677999847574535,0.16028247378557672,0.40994724943481536,0.5900527505651846,0.8397175262144233,0.7031466796336238,0.7898095927014032,6,1.0
CCE[CAR-FDH],15,0.783,0.7144617437858718,0.5466573816155988,0.5080906148867314,0.5915599095704597,0.7038115674525648,0.7881032163637539,0.5693166352768282,0.16263642199871603,0.4084400904295403,0.5915599095704597,0.837363578001284,0.7020096724028915,0.7886444665652717,6,1.0
CCE[CAR-FDH],15,0.783,0.7144617437858718,0.5466573816155988,0.5080906148867314,0.5915599095704597,0.7038115674525648,0.7881032163637539,0.5693166352768282,0.16263642199871603,0.4084400904295403,0.5915599095704597,0.837363578001284,0.7020096724028915,0.7886444665652717,6,1.0
CCE[CAR-FDH],15,0.783,0.7144617437858718,0.5466573816155988,0.5080906148867314,0.5915599095704597,0.7038115674525648,0.7881032163637539,0.5693166352768282,0.16263642199871603,0.4084400904295403,0.5915599095704597,0.837363578001284,0.7020096724028915,0.7886444665652717,6,1.0
CCE[CAR-FDH],15,0.783,0.7144617437858718,0.5466573816155988,0.5080906148867314,0.5915599095704597,0.7038115674525648,0.7881032163637539,0.5693166352768282,0.16263642199871603,0.4084400904295403,0.5915599095704597,0.837363578001284,0.7020096724028915,0.7886444665652717,6,1.0
CCE[CAR-FDH],20,0.7836666666666666,0.713540773843744,0.5458362491252624,0.5094709340300457,0.587792012057272,0.7023728958656493,0.7892031876429089,0.5685703035682328,0.16071046436978387,0.41220798794272795,0.587792012057272,0.8392895356302161,0.7019270941535303,0.7889737553976277,6,1.0
CCE[CAR-FDH],20,0.7836666666666666,0.713540773843744,0.5458362491252624,0.5094709340300457,0.587792012057272,0.7023728958656493,0.7892031876429089,0.5685703035682328,0.16071046436978387,0.41220798794272795,0.587792012057272,0.8392895356302161,0.7019270941535303,0.7889737553976277,6,1.0
CCE[CAR-FDH],20,0.7836666666666666,0.713540773843744,0.5458362491252624,0.5094709340300457,0.587792012057272,0.7023728958656493,0.7892031876429089,0.5685703035682328,0.16071046436978387,0.41220798794272795,0.587792012057272,0.8392895356302161,0.7019270941535303,0.7889737553976277,6,1.0
CCE[CAR-FDH],20,0.7836666666666666,0.713540773843744,0.5458362491252624,0.5094709340300457,0.587792012057272,0.7023728958656493,0.7892031876429089,0.5685703035682328,0.16071046436978387,0.41220798794272795,0.587792012057272,0.8392895356302161,0.7019270941535303,0.7889737553976277,6,1.0
CCE[CAR-DEA],5,0.7681666666666667,0.7160004296032089,0.5428853105488005,0.4813519813519814,0.6224566691785983,0.709863493974442,0.7883051169709232,0.5671342704302699,0.19045580997218062,0.3775433308214017,0.6224566691785983,0.8095441900278194,0.6937938889463886,0.7779505728327769,6,1.0
CCE[CAR-DEA],5,0.7681666666666667,0.7160004296032089,0.5428853105488005,0.4813519813519814,0.6224566691785983,0.709863493974442,0.7883051169709232,0.5671342704302699,0.19045580997218062,0.3775433308214017,0.6224566691785983,0.8095441900278194,0.6937938889463886,0.7779505728327769,6,1.0
CCE[CAR-DEA],5,0.7681666666666667,0.7160004296032089,0.5428853105488005,0.4813519813519814,0.6224566691785983,0.709863493974442,0.7883051169709232,0.5671342704302699,0.19045580997218062,0.3775433308214017,0.6224566691785983,0.8095441900278194,0.6937938889463886,0.7779505728327769,6,1.0
CCE[CAR-DEA],5,0.7681666666666667,0.7160004296032089,0.5428853105488005,0.4813519813519814,0.6224566691785983,0.709863493974442,0.7883051169709232,0.5671342704302699,0.19045580997218062,0.3775433308214017,0.6224566691785983,0.8095441900278194,0.6937938889463886,0.7779505728327769,6,0.9999999999999999
CCE[CAR-DEA],10,0.7725,0.7158146552426186,0.5442404006677797,0.48860911270983215,0.6141672946495855,0.7085608193687954,0.7879780766903006,0.5677314720889088,0.18253798416434838,0.3858327053504145,0.6141672946495855,0.8174620158356516,0.6963289732378322,0.7811437005410647,6,1.0
CCE[CAR-DEA],10,0.7725,0.7158146552426186,0.5442404006677797,0.48860911270983215,0.6141672946495855,0.7085608193687954,0.7879780766903006,0.5677314720889088,0.18253798416434838,0.3858327053504145,0.6141672946495855,0.8174620158356516,0.6963289732378322,0.7811437005410647,6,1.0
CCE[CAR-DEA],10,0.7725,0.7158146552426186,0.5442404006677797,0.48860911270983215,0.6141672946495855,0.7085608193687954,0.7879780766903006,0.5677314720889088,0.18253798416434838,0.3858327053504145,0.6141672946495855,0.8174620158356516,0.6963289732378322,0.7811437005410647,6,1.0
CCE[CAR-DEA],10,0.7725,0.7158146552426186,0.5442404006677797,0.48860911270983215,0.6141672946495855,0.7085608193687954,0.7879780766903006,0.5677314720889088,0.18253798416434838,0.3858327053504145,0.6141672946495855,0.8174620158356516,0.6963289732378322,0.7811437005410647,6,0.9999999999999999
CCE[CAR-DEA],15,0.7785,0.7164290652372791,0.5471890971039183,0.4993781094527363,0.6051243406179352,0.7077300783449674,0.7883138251440759,0.5689791628496793,0.17226621014337684,0.3948756593820648,0.6051243406179352,0.8277337898566232,0.7002906323909002,0.7856702552359404,6,1.0
CCE[CAR-DEA],15,0.7785,0.7164290652372791,0.5471890971039183,0.4993781094527363,0.6051243406179352,0.7077300783449674,0.7883138251440759,0.5689791628496793,0.17226621014337684,0.3948756593820648,0.6051243406179352,0.8277337898566232,0.7002906323909002,0.7856702552359404,6,1.0
CCE[CAR-DEA],15,0.7785,0.7164290652372791,0.5471890971039183,0.4993781094527363,0.6051243406179352,0.7077300783449674,0.7883138251440759,0.5689791628496793,0.17226621014337684,0.3948756593820648,0.6051243406179352,0.8277337898566232,0.7002906323909002,0.7856702552359404,6,1.0
CCE[CAR-DEA],15,0.7785,0.7164290652372791,0.5471890971039183,0.4993781094527363,0.6051243406179352,0.7077300783449674,0.7883138251440759,0.5689791628496793,0.17226621014337684,0.3948756593820648,0.6051243406179352,0.8277337898566232,0.7002906323909002,0.7856702552359404,6,0.9999999999999999
CCE[CAR-DEA],20,0.7853333333333333,0.713531581883194,0.5464788732394367,0.5128883013879709,0.584777694046722,0.7018188902499892,0.7892654349547038,0.5686348091001519,0.15771453028033383,0.4152223059532781,0.584777694046722,0.8422854697196661,0.7029337597638232,0.7901834348155894,6,1.0
CCE[CAR-DEA],20,0.7853333333333333,0.713531581883194,0.5464788732394367,0.5128883013879709,0.584777694046722,0.7018188902499892,0.7892654349547038,0.5686348091001519,0.15771453028033383,0.4152223059532781,0.584777694046722,0.8422854697196661,0.7029337597638232,0.7901834348155894,6,1.0
CCE[CAR-DEA],20,0.7853333333333333,0.713531581883194,0.5464788732394367,0.5128883013879709,0.584777694046722,0.7018188902499892,0.7892654349547038,0.5686348091001519,0.15771453028033383,0.4152223059532781,0.584777694046722,0.8422854697196661,0.7029337597638232,0.7901834348155894,6,1.0
CCE[CAR-DEA],20,0.7853333333333333,0.713531581883194,0.5464788732394367,0.5128883013879709,0.584777694046722,0.7018188902499892,0.7892654349547038,0.5686348091001519,0.15771453028033383,0.4152223059532781,0.584777694046722,0.8422854697196661,0.7029337597638232,0.7901834348155894,6,0.9999999999999999
CCE[FDH],5,0.8106666666666666,0.6747576346086023,0.5017543859649123,0.6002098635886673,0.4310474755086662,0.6292084104762744,0.7798806044955782,0.5544967153192536,0.08153220629146159,0.5689525244913338,0.4310474755086662,0.9184677937085384,0.6924409789906866,0.7987805357013934,6,0.8718755979488286
CCE[FDH],5,0.8106666666666666,0.6747576346086023,0.5017543859649123,0.6002098635886673,0.4310474755086662,0.6292084104762744,0.7798806044955782,0.5544967153192536,0.08153220629146159,0.5689525244913338,0.4310474755086662,0.9184677937085384,0.6924409789906866,0.7987805357013934,6,0.879854250577438
CCE[FDH],5,0.8106666666666666,0.6747576346086023,0.5017543859649123,0.6002098635886673,0.4310474755086662,0.6292084104762744,0.7798806044955782,0.5544967153192536,0.08153220629146159,0.5689525244913338,0.4310474755086662,0.9184677937085384,0.6924409789906866,0.7987805357013934,6,0.9606726636738112
CCE[FDH],5,0.8106666666666666,0.6747576346086023,0.5017543859649123,0.6002098635886673,0.4310474755086662,0.6292084104762744,0.7798806044955782,0.5544967153192536,0.08153220629146159,0.5689525244913338,0.4310474755086662,0.9184677937085384,0.6924409789906866,0.7987805357013934,6,0.9667755126896558
CCE[FDH],10,0.814,0.6777069638454389,0.5075022065313327,0.6123535676251332,0.43330821401657876,0.6321044058750843,0.780707074632753,0.5593282262508398,0.07789428632570083,0.5666917859834213,0.43330821401657876,0.9221057136742992,0.6964262625013351,0.8017829110472732,6,0.8718755979488286
CCE[FDH],10,0.814,0.6777069638454389,0.5075022065313327,0.6123535676251332,0.43330821401657876,0.6321044058750843,0.780707074632753,0.5593282262508398,0.07789428632570083,0.5666917859834213,0.43330821401657876,0.9221057136742992,0.6964262625013351,0.8017829110472732,6,0.879854250577438
CCE[FDH],10,0.814,0.6777069638454389,0.5075022065313327,0.6123535676251332,0.43330821401657876,0.6321044058750843,0.780707074632753,0.5593282262508398,0.07789428632570083,0.5666917859834213,0.43330821401657876,0.9221057136742992,0.6964262625013351,0.8017829110472732,6,0.9606726636738112
CCE[FDH],10,0.814,0.6777069638454389,0.5075022065313327,0.6123535676251332,0.43330821401657876,0.6321044058750843,0.780707074632753,0.5593282262508398,0.07789428632570083,0.5666917859834213,0.43330821401657876,0.9221057136742992,0.6964262625013351,0.8017829110472732,6,0.9667755126896558
CCE[FDH],15,0.8101666666666667,0.7038439811445475,0.5445821671331468,0.580068143100511,0.5131876412961568,0.6775297114289683,0.7862309591359299,0.5654919663040631,0.10549967900706185,0.48681235870384326,0.5131876412961568,0.8945003209929382,0.7123374042319066,0.8058889081206483,6,0.8718755979488286
CCE[FDH],15,0.8101666666666667,0.7038439811445475,0.5445821671331468,0.580068143100511,0.5131876412961568,0.6775297114289683,0.7862309591359299,0.5654919663040631,0.10549967900706185,0.48681235870384326,0.5131876412961568,0.8945003209929382,0.7123374042319066,0.8058889081206483,6,0.879854250577438
CCE[FDH],15,0.8101666666666667,0.7038439811445475,0.5445821671331468,0.580068143100511,0.5131876412961568,0.6775297114289683,0.7862309591359299,0.5654919663040631,0.10549967900706185,0.48681235870384326,0.5131876412961568,0.8945003209929382,0.7123374042319066,0.8058889081206483,6,0.9606726636738112
CCE[FDH],15,0.8101666666666667,0.7038439811445475,0.5445821671331468,0.580068143100511,0.5131876412961568,0.6775297114289683,0.7862309591359299,0.5654919663040631,0.10549967900706185,0.48681235870384326,0.5131876412961568,0.8945003209929382,0.7123374042319066,0.8058889081206483,6,0.9667755126896558
CCE[FDH],20,0.8038333333333333,0.705713496910453,0.5443283004258614,0.5597133757961783,0.5297663903541824,0.6834282372100646,0.7866415333738318,0.5660355113300288,0.11833939653327627,0.4702336096458176,0.5297663903541824,0.8816606034667237,0.7096707871461366,0.8018767805738101,6,0.8718755979488286
CCE[FDH],20,0.8038333333333333,0.705713496910453,0.5443283004258614,0.5597133757961783,0.5297663903541824,0.6834282372100646,0.7866415333738318,0.5660355113300288,0.11833939653327627,0.4702336096458176,0.5297663903541824,0.8816606034667237,0.7096707871461366,0.8018767805738101,6,0.879854250577438
CCE[FDH],20,0.8038333333333333,0.705713496910453,0.5443283004258614,0.5597133757961783,0.5297663903541824,0.6834282372100646,0.7866415333738318,0.5660355113300288,0.11833939653327627,0.4702336096458176,0.5297663903541824,0.8816606034667237,0.7096707871461366,0.8018767805738101,6,0.9606726636738112
CCE[FDH],20,0.8038333333333333,0.705713496910453,0.5443283004258614,0.5597133757961783,0.5297663903541824,0.6834282372100646,0.7866415333738318,0.5660355113300288,0.11833939653327627,0.4702336096458176,0.5297663903541824,0.8816606034667237,0.7096707871461366,0.8018767805738101,6,0.9667755126896558
CCE[DEA],5,0.7996666666666666,0.7132906557593035,0.5521609538002981,0.5460574797347089,0.5584024114544084,0.6962709180841063,0.7874533286266194,0.5654858684554595,0.1318210999358014,0.44159758854559156,0.5584024114544084,0.8681789000641986,0.7115678105197283,0.8004637009502638,6,1.0
CCE[DEA],5,0.7996666666666666,0.7132906557593035,0.5521609538002981,0.5460574797347089,0.5584024114544084,0.6962709180841063,0.7874533286266194,0.5654858684554595,0.1318210999358014,0.44159758854559156,0.5584024114544084,0.8681789000641986,0.7115678105197283,0.8004637009502638,6,1.0
CCE[DEA],5,0.7996666666666666,0.7132906557593035,0.5521609538002981,0.5460574797347089,0.5584024114544084,0.6962709180841063,0.7874533286266194,0.5654858684554595,0.1318210999358014,0.44159758854559156,0.5584024114544084,0.8681789000641986,0.7115678105197283,0.8004637009502638,6,0.9705184783680338
CCE[DEA],5,0.7996666666666666,0.7132906557593035,0.5521609538002981,0.5460574797347089,0.5584024114544084,0.6962709180841063,0.7874533286266194,0.5654858684554595,0.1318210999358014,0.44159758854559156,0.5584024114544084,0.8681789000641986,0.7115678105197283,0.8004637009502638,6,0.9577537274925189
CCE[DEA],10,0.8018333333333333,0.7154910014737776,0.5558460963765409,0.5511111111111111,0.560663149962321,0.6985382663722122,0.7867858632807139,0.5665143025471985,0.12968114701476569,0.43933685003767897,0.560663149962321,0.8703188529852344,0.7141560204075132,0.8024401880421187,6,1.0
CCE[DEA],10,0.8018333333333333,0.7154910014737776,0.5558460963765409,0.5511111111111111,0.560663149962321,0.6985382663722122,0.7867858632807139,0.5665143025471985,0.12968114701476569,0.43933685003767897,0.560663149962321,0.8703188529852344,0.7141560204075132,0.8024401880421187,6,1.0
CCE[DEA],10,0.8018333333333333,0.7154910014737776,0.5558460963765409,0.5511111111111111,0.560663149962321,0.6985382663722122,0.7867858632807139,0.5665143025471985,0.12968114701476569,0.43933685003767897,0.560663149962321,0.8703188529852344,0.7141560204075132,0.8024401880421187,6,0.9705184783680338
CCE[DEA],10,0.8018333333333333,0.7154910014737776,0.5558460963765409,0.5511111111111111,0.560663149962321,0.6985382663722122,0.7867858632807139,0.5665143025471985,0.12968114701476569,0.43933685003767897,0.560663149962321,0.8703188529852344,0.7141560204075132,0.8024401880421187,6,0.9577537274925189
CCE[DEA],15,0.8035,0.7068484621446844,0.545664739884393,0.5583596214511041,0.53353428786737,0.685271439234759,0.7859874528125868,0.5661990290077864,0.11983736357800129,0.46646571213263,0.53353428786737,0.8801626364219988,0.710152944104876,0.8018825326584986,6,1.0
CCE[DEA],15,0.8035,0.7068484621446844,0.545664739884393,0.5583596214511041,0.53353428786737,0.685271439234759,0.7859874528125868,0.5661990290077864,0.11983736357800129,0.46646571213263,0.53353428786737,0.8801626364219988,0.710152944104876,0.8018825326584986,6,1.0
CCE[DEA],15,0.8035,0.7068484621446844,0.545664739884393,0.5583596214511041,0.53353428786737,0.685271439234759,0.7859874528125868,0.5661990290077864,0.11983736357800129,0.46646571213263,0.53353428786737,0.8801626364219988,0.710152944104876,0.8018825326584986,6,0.9705184783680338
CCE[DEA],15,0.8035,0.7068484621446844,0.545664739884393,0.5583596214511041,0.53353428786737,0.685271439234759,0.7859874528125868,0.5661990290077864,0.11983736357800129,0.46646571213263,0.53353428786737,0.8801626364219988,0.710152944104876,0.8018825326584986,6,0.9577537274925189
CCE[DEA],20,0.8075,0.7029413951235197,0.5422116527942925,0.5719063545150501,0.5154483798040693,0.6774754417575745,0.786591380746971,0.5662947177709434,0.10956558955702975,0.4845516201959307,0.5154483798040693,0.8904344104429702,0.7101688210156964,0.8038329351604994,6,1.0
CCE[DEA],20,0.8075,0.7029413951235197,0.5422116527942925,0.5719063545150501,0.5154483798040693,0.6774754417575745,0.786591380746971,0.5662947177709434,0.10956558955702975,0.4845516201959307,0.5154483798040693,0.8904344104429702,0.7101688210156964,0.8038329351604994,6,1.0
CCE[DEA],20,0.8075,0.7029413951235197,0.5422116527942925,0.5719063545150501,0.5154483798040693,0.6774754417575745,0.786591380746971,0.5662947177709434,0.10956558955702975,0.4845516201959307,0.5154483798040693,0.8904344104429702,0.7101688210156964,0.8038329351604994,6,0.9705184783680338
CCE[DEA],20,0.8075,0.7029413951235197,0.5422116527942925,0.5719063545150501,0.5154483798040693,0.6774754417575745,0.786591380746971,0.5662947177709434,0.10956558955702975,0.4845516201959307,0.5154483798040693,0.8904344104429702,0.7101688210156964,0.8038329351604994,6,0.9577537274925189
CCE[CAR-FDH],5,0.8116666666666666,0.7209944862750322,0.5673813169984686,0.5766536964980544,0.5584024114544084,0.7024221426211749,0.7968561398506807,0.5817804367738988,0.11641343890434411,0.44159758854559156,0.5584024114544084,0.8835865610956559,0.7235074458873894,0.8105737837644442,7,0.9786440930803793
CCE[CAR-FDH],5,0.8116666666666666,0.7209944862750322,0.5673813169984686,0.5766536964980544,0.5584024114544084,0.7024221426211749,0.7968561398506807,0.5817804367738988,0.11641343890434411,0.44159758854559156,0.5584024114544084,0.8835865610956559,0.7235074458873894,0.8105737837644442,7,1.0
CCE[CAR-FDH],5,0.8116666666666666,0.7209944862750322,0.5673813169984686,0.5766536964980544,0.5584024114544084,0.7024221426211749,0.7968561398506807,0.5817804367738988,0.11641343890434411,0.44159758854559156,0.5584024114544084,0.8835865610956559,0.7235074458873894,0.8105737837644442,7,1.0
CCE[CAR-FDH],5,0.8116666666666666,0.7209944862750322,0.5673813169984686,0.5766536964980544,0.5584024114544084,0.7024221426211749,0.7968561398506807,0.5817804367738988,0.11641343890434411,0.44159758854559156,0.5584024114544084,0.8835865610956559,0.7235074458873894,0.8105737837644442,7,1.0
CCE[CAR-FDH],10,0.8096666666666666,0.7245667724172162,0.5706766917293233,0.5693923480870218,0.5719668425018839,0.7083150916653814,0.7974857085171254,0.581777705171545,0.12283329766745131,0.42803315749811605,0.5719668425018839,0.8771667023325487,0.7242034422244047,0.8098201934171617,7,0.9786440930803793
CCE[CAR-FDH],10,0.8096666666666666,0.7245667724172162,0.5706766917293233,0.5693923480870218,0.5719668425018839,0.7083150916653814,0.7974857085171254,0.581777705171545,0.12283329766745131,0.42803315749811605,0.5719668425018839,0.8771667023325487,0.7242034422244047,0.8098201934171617,7,1.0
CCE[CAR-FDH],10,0.8096666666666666,0.7245667724172162,0.5706766917293233,0.5693923480870218,0.5719668425018839,0.7083150916653814,0.7974857085171254,0.581777705171545,0.12283329766745131,0.42803315749811605,0.5719668425018839,0.8771667023325487,0.7242034422244047,0.8098201934171617,7,1.0
CCE[CAR-FDH],10,0.8096666666666666,0.7245667724172162,0.5706766917293233,0.5693923480870218,0.5719668425018839,0.7083150916653814,0.7974857085171254,0.581777705171545,0.12283329766745131,0.42803315749811605,0.5719668425018839,0.8771667023325487,0.7242034422244047,0.8098201934171617,7,1.0
CCE[CAR-FDH],15,0.8051666666666667,0.7278830543949586,0.5722649103549213,0.5561877667140825,0.5892991710625471,0.71456857484488,0.7993304704945323,0.5855363859739868,0.13353306227263,0.4107008289374529,0.5892991710625471,0.86646693772737,0.7230591844318041,0.807152124608679,7,0.9786440930803793
CCE[CAR-FDH],15,0.8051666666666667,0.7278830543949586,0.5722649103549213,0.5561877667140825,0.5892991710625471,0.71456857484488,0.7993304704945323,0.5855363859739868,0.13353306227263,0.4107008289374529,0.5892991710625471,0.86646693772737,0.7230591844318041,0.807152124608679,7,1.0
CCE[CAR-FDH],15,0.8051666666666667,0.7278830543949586,0.5722649103549213,0.5561877667140825,0.5892991710625471,0.71456857484488,0.7993304704945323,0.5855363859739868,0.13353306227263,0.4107008289374529,0.5892991710625471,0.86646693772737,0.7230591844318041,0.807152124608679,7,1.0
CCE[CAR-FDH],15,0.8051666666666667,0.7278830543949586,0.5722649103549213,0.5561877667140825,0.5892991710625471,0.71456857484488,0.7993304704945323,0.5855363859739868,0.13353306227263,0.4107008289374529,0.5892991710625471,0.86646693772737,0.7230591844318041,0.807152124608679,7,1.0
CCE[CAR-FDH],20,0.8075,0.7269528924922808,0.57238059977786,0.5625909752547307,0.5825169555388093,0.7124596606259658,0.7997045994151655,0.5867071150023306,0.1286111705542478,0.41748304446119067,0.5825169555388093,0.8713888294457522,0.7240868479048457,0.8086883656103281,7,0.9786440930803793
CCE[CAR-FDH],20,0.8075,0.7269528924922808,0.57238059977786,0.5625909752547307,0.5825169555388093,0.7124596606259658,0.7997045994151655,0.5867071150023306,0.1286111705542478,0.41748304446119067,0.5825169555388093,0.8713888294457522,0.7240868479048457,0.8086883656103281,7,1.0
CCE[CAR-FDH],20,0.8075,0.7269528924922808,0.57238059977786,0.5625909752547307,0.5825169555388093,0.7124596606259658,0.7997045994151655,0.5867071150023306,0.1286111705542478,0.41748304446119067,0.5825169555388093,0.8713888294457522,0.7240868479048457,0.8086883656103281,7,1.0
CCE[CAR-FDH],20,0.8075,0.7269528924922808,0.57238059977786,0.5625909752547307,0.5825169555388093,0.7124596606259658,0.7997045994151655,0.5867071150023306,0.1286111705542478,0.41748304446119067,0.5825169555388093,0.8713888294457522,0.7240868479048457,0.8086883656103281,7,1.0
CCE[CAR-DEA],5,0.7796666666666666,0.7263509803387189,0.5587449933244326,0.5014979029358898,0.6307460437076111,0.7200315567603824,0.798472231651597,0.5871991410603753,0.17804408303017333,0.36925395629238883,0.6307460437076111,0.8219559169698266,0.7059606796919808,0.7880579607896169,7,0.9938774234191413
CCE[CAR-DEA],5,0.7796666666666666,0.7263509803387189,0.5587449933244326,0.5014979029358898,0.6307460437076111,0.7200315567603824,0.798472231651597,0.5871991410603753,0.17804408303017333,0.36925395629238883,0.6307460437076111,0.8219559169698266,0.7059606796919808,0.7880579607896169,7,1.0
CCE[CAR-DEA],5,0.7796666666666666,0.7263509803387189,0.5587449933244326,0.5014979029358898,0.6307460437076111,0.7200315567603824,0.798472231651597,0.5871991410603753,0.17804408303017333,0.36925395629238883,0.6307460437076111,0.8219559169698266,0.7059606796919808,0.7880579607896169,7,1.0
CCE[CAR-DEA],5,0.7796666666666666,0.7263509803387189,0.5587449933244326,0.5014979029358898,0.6307460437076111,0.7200315567603824,0.798472231651597,0.5871991410603753,0.17804408303017333,0.36925395629238883,0.6307460437076111,0.8219559169698266,0.7059606796919808,0.7880579607896169,7,1.0
CCE[CAR-DEA],10,0.7856666666666666,0.7310122719123842,0.5664194200944033,0.5125076266015863,0.6330067822155238,0.7244127729932598,0.7991871081624448,0.5839777842288728,0.1709822383907554,0.36699321778447624,0.6330067822155238,0.8290177616092446,0.7120341510478658,0.7932386326762466,7,0.9938774234191413
CCE[CAR-DEA],10,0.7856666666666666,0.7310122719123842,0.5664194200944033,0.5125076266015863,0.6330067822155238,0.7244127729932598,0.7991871081624448,0.5839777842288728,0.1709822383907554,0.36699321778447624,0.6330067822155238,0.8290177616092446,0.7120341510478658,0.7932386326762466,7,1.0
CCE[CAR-DEA],10,0.7856666666666666,0.7310122719123842,0.5664194200944033,0.5125076266015863,0.6330067822155238,0.7244127729932598,0.7991871081624448,0.5839777842288728,0.1709822383907554,0.36699321778447624,0.6330067822155238,0.8290177616092446,0.7120341510478658,0.7932386326762466,7,1.0
CCE[CAR-DEA],10,0.7856666666666666,0.7310122719123842,0.5664194200944033,0.5125076266015863,0.6330067822155238,0.7244127729932598,0.7991871081624448,0.5839777842288728,0.1709822383907554,0.36699321778447624,0.6330067822155238,0.8290177616092446,0.7120341510478658,0.7932386326762466,7,1.0
CCE[CAR-DEA],15,0.7956666666666666,0.73041753593855,0.5704274702172389,0.5330713817943681,0.613413715146948,0.7209853554176462,0.7996431584156996,0.5857745054923207,0.15257864326984807,0.386586284853052,0.613413715146948,0.847421356730152,0.718189899552092,0.8005920809778284,7,0.9938774234191413
CCE[CAR-DEA],15,0.7956666666666666,0.73041753593855,0.5704274702172389,0.5330713817943681,0.613413715146948,0.7209853554176462,0.7996431584156996,0.5857745054923207,0.15257864326984807,0.386586284853052,0.613413715146948,0.847421356730152,0.718189899552092,0.8005920809778284,7,1.0
CCE[CAR-DEA],15,0.7956666666666666,0.73041753593855,0.5704274702172389,0.5330713817943681,0.613413715146948,0.7209853554176462,0.7996431584156996,0.5857745054923207,0.15257864326984807,0.386586284853052,0.613413715146948,0.847421356730152,0.718189899552092,0.8005920809778284,7,1.0
CCE[CAR-DEA],15,0.7956666666666666,0.73041753593855,0.5704274702172389,0.5330713817943681,0.613413715146948,0.7209853554176462,0.7996431584156996,0.5857745054923207,0.15257864326984807,0.386586284853052,0.613413715146948,0.847421356730152,0.718189899552092,0.8005920809778284,7,1.0
CCE[CAR-DEA],20,0.8031666666666667,0.7284876273792059,0.5719463573758609,0.5509776536312849,0.5945742275810098,0.7160736167455642,0.8007207142121094,0.5896466119918561,0.1375989728225979,0.4054257724189902,0.5945742275810098,0.8624010271774021,0.7220731678665908,0.8057938858502545,7,0.9938774234191413
CCE[CAR-DEA],20,0.8031666666666667,0.7284876273792059,0.5719463573758609,0.5509776536312849,0.5945742275810098,0.7160736167455642,0.8007207142121094,0.5896466119918561,0.1375989728225979,0.4054257724189902,0.5945742275810098,0.8624010271774021,0.7220731678665908,0.8057938858502545,7,1.0
CCE[CAR-DEA],20,0.8031666666666667,0.7284876273792059,0.5719463573758609,0.5509776536312849,0.5945742275810098,0.7160736167455642,0.8007207142121094,0.5896466119918561,0.1375989728225979,0.4054257724189902,0.5945742275810098,0.8624010271774021,0.7220731678665908,0.8057938858502545,7,1.0
CCE[CAR-DEA],20,0.8031666666666667,0.7284876273792059,0.5719463573758609,0.5509776536312849,0.5945742275810098,0.7160736167455642,0.8007207142121094,0.5896466119918561,0.1375989728225979,0.4054257724189902,0.5945742275810098,0.8624010271774021,0.7220731678665908,0.8057938858502545,7,1.0
CCE[FDH],5,0.8201666666666667,0.6911086004336993,0.5306655067420618,0.6275720164609053,0.45968349660889224,0.6512092742837006,0.7899237083400592,0.5696232706192289,0.07746629574149369,0.5403165033911078,0.45968349660889224,0.9225337042585063,0.7097199299507649,0.8095726132934851,7,0.8708163862866141
CCE[FDH],5,0.8201666666666667,0.6911086004336993,0.5306655067420618,0.6275720164609053,0.45968349660889224,0.6512092742837006,0.7899237083400592,0.5696232706192289,0.07746629574149369,0.5403165033911078,0.45968349660889224,0.9225337042585063,0.7097199299507649,0.8095726132934851,7,0.9352100150633987
CCE[FDH],5,0.8201666666666667,0.6911086004336993,0.5306655067420618,0.6275720164609053,0.45968349660889224,0.6512092742837006,0.7899237083400592,0.5696232706192289,0.07746629574149369,0.5403165033911078,0.45968349660889224,0.9225337042585063,0.7097199299507649,0.8095726132934851,7,0.9443788510273111
CCE[FDH],5,0.8201666666666667,0.6911086004336993,0.5306655067420618,0.6275720164609053,0.45968349660889224,0.6512092742837006,0.7899237083400592,0.5696232706192289,0.07746629574149369,0.5403165033911078,0.45968349660889224,0.9225337042585063,0.7097199299507649,0.8095726132934851,7,0.944659191628026
CCE[FDH],10,0.8188333333333333,0.7096776508445073,0.5565075479396164,0.6067615658362989,0.5139412207987942,0.6821507297226458,0.8000469596300381,0.5875278176250248,0.09458591910977958,0.4860587792012057,0.5139412207987942,0.9054140808902205,0.7213368193148706,0.8132566096518039,7,0.8708163862866141
CCE[FDH],10,0.8188333333333333,0.7096776508445073,0.5565075479396164,0.6067615658362989,0.5139412207987942,0.6821507297226458,0.8000469596300381,0.5875278176250248,0.09458591910977958,0.4860587792012057,0.5139412207987942,0.9054140808902205,0.7213368193148706,0.8132566096518039,7,0.9352100150633987
CCE[FDH],10,0.8188333333333333,0.7096776508445073,0.5565075479396164,0.6067615658362989,0.5139412207987942,0.6821507297226458,0.8000469596300381,0.5875278176250248,0.09458591910977958,0.4860587792012057,0.5139412207987942,0.9054140808902205,0.7213368193148706,0.8132566096518039,7,0.9443788510273111
CCE[FDH],10,0.8188333333333333,0.7096776508445073,0.5565075479396164,0.6067615658362989,0.5139412207987942,0.6821507297226458,0.8000469596300381,0.5875278176250248,0.09458591910977958,0.4860587792012057,0.5139412207987942,0.9054140808902205,0.7213368193148706,0.8132566096518039,7,0.944659191628026
CCE[FDH],15,0.8165,0.7124963574840539,0.5590708850620745,0.5965811965811966,0.5259984928409948,0.6876551504290679,0.7966535135624153,0.5794414315033716,0.1010057778728868,0.4740015071590053,0.5259984928409948,0.8989942221271132,0.7216063675020989,0.8122469882094859,7,0.8708163862866141
CCE[FDH],15,0.8165,0.7124963574840539,0.5590708850620745,0.5965811965811966,0.5259984928409948,0.6876551504290679,0.7966535135624153,0.5794414315033716,0.1010057778728868,0.4740015071590053,0.5259984928409948,0.8989942221271132,0.7216063675020989,0.8122469882094859,7,0.9352100150633987
CCE[FDH],15,0.8165,0.7124963574840539,0.5590708850620745,0.5965811965811966,0.5259984928409948,0.6876551504290679,0.7966535135624153,0.5794414315033716,0.1010057778728868,0.4740015071590053,0.5259984928409948,0.8989942221271132,0.7216063675020989,0.8122469882094859,7,0.9443788510273111
CCE[FDH],15,0.8165,0.7124963574840539,0.5590708850620745,0.5965811965811966,0.5259984928409948,0.6876551504290679,0.7966535135624153,0.5794414315033716,0.1010057778728868,0.4740015071590053,0.5259984928409948,0.8989942221271132,0.7216063675020989,0.8122469882094859,7,0.944659191628026
CCE[FDH],20,0.8216666666666667,0.7109570266168538,0.5596707818930041,0.6165004533091568,0.5124340617935192,0.6826774685996534,0.7978097654421309,0.5829702384065165,0.09052000855981168,0.4875659382064808,0.5124340617935192,0.9094799914401883,0.7239315246978082,0.8155342656019542,7,0.8708163862866141
CCE[FDH],20,0.8216666666666667,0.7109570266168538,0.5596707818930041,0.6165004533091568,0.5124340617935192,0.6826774685996534,0.7978097654421309,0.5829702384065165,0.09052000855981168,0.4875659382064808,0.5124340617935192,0.9094799914401883,0.7239315246978082,0.8155342656019542,7,0.9352100150633987
CCE[FDH],20,0.8216666666666667,0.7109570266168538,0.5596707818930041,0.6165004533091568,0.5124340617935192,0.6826774685996534,0.7978097654421309,0.5829702384065165,0.09052000855981168,0.4875659382064808,0.5124340617935192,0.9094799914401883,0.7239315246978082,0.8155342656019542,7,0.9443788510273111
CCE[FDH],20,0.8216666666666667,0.7109570266168538,0.5596707818930041,0.6165004533091568,0.5124340617935192,0.6826774685996534,0.7978097654421309,0.5829702384065165,0.09052000855981168,0.4875659382064808,0.5124340617935192,0.9094799914401883,0.7239315246978082,0.8155342656019542,7,0.944659191628026
CCE[DEA],5,0.8286666666666667,0.6938675593296706,0.5385996409335727,0.6659267480577137,0.45214770158251694,0.6504027215970193,0.7976027044360563,0.5842851790786054,0.06441258292317568,0.5478522984174831,0.45214770158251694,0.9355874170768244,0.716700557265804,0.8160215016070782,7,0.880607271366934
CCE[DEA],5,0.8286666666666667,0.6938675593296706,0.5385996409335727,0.6659267480577137,0.45214770158251694,0.6504027215970193,0.7976027044360563,0.5842851790786054,0.06441258292317568,0.5478522984174831,0.45214770158251694,0.9355874170768244,0.716700557265804,0.8160215016070782,7,0.9498254333511684
CCE[DEA],5,0.8286666666666667,0.6938675593296706,0.5385996409335727,0.6659267480577137,0.45214770158251694,0.6504027215970193,0.7976027044360563,0.5842851790786054,0.06441258292317568,0.5478522984174831,0.45214770158251694,0.9355874170768244,0.716700557265804,0.8160215016070782,7,1.0
CCE[DEA],5,0.8286666666666667,0.6938675593296706,0.5385996409335727,0.6659267480577137,0.45214770158251694,0.6504027215970193,0.7976027044360563,0.5842851790786054,0.06441258292317568,0.5478522984174831,0.45214770158251694,0.9355874170768244,0.716700557265804,0.8160215016070782,7,0.9423506904128615
CCE[DEA],10,0.8203333333333334,0.7125291743958422,0.5610749185667753,0.6102745792736936,0.519216277317257,0.6858045991303243,0.7976412461653801,0.5838984118714822,0.09415792852557243,0.48078372268274305,0.519216277317257,0.9058420714744275,0.7240621868609233,0.8149547534796265,7,0.880607271366934
CCE[DEA],10,0.8203333333333334,0.7125291743958422,0.5610749185667753,0.6102745792736936,0.519216277317257,0.6858045991303243,0.7976412461653801,0.5838984118714822,0.09415792852557243,0.48078372268274305,0.519216277317257,0.9058420714744275,0.7240621868609233,0.8149547534796265,7,0.9498254333511684
CCE[DEA],10,0.8203333333333334,0.7125291743958422,0.5610749185667753,0.6102745792736936,0.519216277317257,0.6858045991303243,0.7976412461653801,0.5838984118714822,0.09415792852557243,0.48078372268274305,0.519216277317257,0.9058420714744275,0.7240621868609233,0.8149547534796265,7,1.0
CCE[DEA],10,0.8203333333333334,0.7125291743958422,0.5610749185667753,0.6102745792736936,0.519216277317257,0.6858045991303243,0.7976412461653801,0.5838984118714822,0.09415792852557243,0.48078372268274305,0.519216277317257,0.9058420714744275,0.7240621868609233,0.8149547534796265,7,0.9423506904128615
CCE[DEA],15,0.8215,0.7143573263392727,0.5641025641025641,0.6132743362831858,0.5222305953278071,0.6880361247241616,0.7991888820495685,0.5860176524890354,0.09351594264926172,0.4777694046721929,0.5222305953278071,0.9064840573507383,0.7259368526265728,0.8161864408601284,7,0.880607271366934
CCE[DEA],15,0.8215,0.7143573263392727,0.5641025641025641,0.6132743362831858,0.5222305953278071,0.6880361247241616,0.7991888820495685,0.5860176524890354,0.09351594264926172,0.4777694046721929,0.5222305953278071,0.9064840573507383,0.7259368526265728,0.8161864408601284,7,0.9498254333511684
CCE[DEA],15,0.8215,0.7143573263392727,0.5641025641025641,0.6132743362831858,0.5222305953278071,0.6880361247241616,0.7991888820495685,0.5860176524890354,0.09351594264926172,0.4777694046721929,0.5222305953278071,0.9064840573507383,0.7259368526265728,0.8161864408601284,7,1.0
CCE[DEA],15,0.8215,0.7143573263392727,0.5641025641025641,0.6132743362831858,0.5222305953278071,0.6880361247241616,0.7991888820495685,0.5860176524890354,0.09351594264926172,0.4777694046721929,0.5222305953278071,0.9064840573507383,0.7259368526265728,0.8161864408601284,7,0.9423506904128615
CCE[DEA],20,0.82,0.7112360106826707,0.5591836734693878,0.609973285841496,0.5162019593067069,0.6839725006867441,0.799028748421039,0.5850367067286704,0.09372993794136529,0.48379804069329313,0.5162019593067069,0.9062700620586347,0.7230473341168928,0.8144286355379848,7,0.880607271366934
CCE[DEA],20,0.82,0.7112360106826707,0.5591836734693878,0.609973285841496,0.5162019593067069,0.6839725006867441,0.799028748421039,0.5850367067286704,0.09372993794136529,0.48379804069329313,0.5162019593067069,0.9062700620586347,0.7230473341168928,0.8144286355379848,7,0.9498254333511684
CCE[DEA],20,0.82,0.7112360106826707,0.5591836734693878,0.609973285841496,0.5162019593067069,0.6839725006867441,0.799028748421039,0.5850367067286704,0.09372993794136529,0.48379804069329313,0.5162019593067069,0.9062700620586347,0.7230473341168928,0.8144286355379848,7,1.0
CCE[DEA],20,0.82,0.7112360106826707,0.5591836734693878,0.609973285841496,0.5162019593067069,0.6839725006867441,0.799028748421039,0.5850367067286704,0.09372993794136529,0.48379804069329313,0.5162019593067069,0.9062700620586347,0.7230473341168928,0.8144286355379848,7,0.9423506904128615
CCE[CAR-FDH],5,0.7823333333333333,0.7116056242542619,0.543037088873338,0.5068582625734814,0.584777694046722,0.7002122825183582,0.7725071201410207,0.5390294811086601,0.16156644553819816,0.4152223059532781,0.584777694046722,0.8384335544618018,0.7000899730080976,0.787673131393915,8,0.9999999999999999
CCE[CAR-FDH],5,0.7823333333333333,0.7116056242542619,0.543037088873338,0.5068582625734814,0.584777694046722,0.7002122825183582,0.7725071201410207,0.5390294811086601,0.16156644553819816,0.4152223059532781,0.584777694046722,0.8384335544618018,0.7000899730080976,0.787673131393915,8,0.9983427842505053
CCE[CAR-FDH],5,0.7823333333333333,0.7116056242542619,0.543037088873338,0.5068582625734814,0.584777694046722,0.7002122825183582,0.7725071201410207,0.5390294811086601,0.16156644553819816,0.4152223059532781,0.584777694046722,0.8384335544618018,0.7000899730080976,0.787673131393915,8,1.0
CCE[CAR-FDH],5,0.7823333333333333,0.7116056242542619,0.543037088873338,0.5068582625734814,0.584777694046722,0.7002122825183582,0.7725071201410207,0.5390294811086601,0.16156644553819816,0.4152223059532781,0.584777694046722,0.8384335544618018,0.7000899730080976,0.787673131393915,8,0.9999999999999999
CCE[CAR-FDH],10,0.7873333333333333,0.7080707510041411,0.5406767458603312,0.5175740868366644,0.5659382064807837,0.6936587981240375,0.7723828674111294,0.5365905998379565,0.1497967044725016,0.43406179351921625,0.5659382064807837,0.8502032955274984,0.7011559829930587,0.7906499042340763,8,0.9999999999999999
CCE[CAR-FDH],10,0.7873333333333333,0.7080707510041411,0.5406767458603312,0.5175740868366644,0.5659382064807837,0.6936587981240375,0.7723828674111294,0.5365905998379565,0.1497967044725016,0.43406179351921625,0.5659382064807837,0.8502032955274984,0.7011559829930587,0.7906499042340763,8,0.9983427842505053
CCE[CAR-FDH],10,0.7873333333333333,0.7080707510041411,0.5406767458603312,0.5175740868366644,0.5659382064807837,0.6936587981240375,0.7723828674111294,0.5365905998379565,0.1497967044725016,0.43406179351921625,0.5659382064807837,0.8502032955274984,0.7011559829930587,0.7906499042340763,8,1.0
CCE[CAR-FDH],10,0.7873333333333333,0.7080707510041411,0.5406767458603312,0.5175740868366644,0.5659382064807837,0.6936587981240375,0.7723828674111294,0.5365905998379565,0.1497967044725016,0.43406179351921625,0.5659382064807837,0.8502032955274984,0.7011559829930587,0.7906499042340763,8,0.9999999999999999
CCE[CAR-FDH],15,0.7858333333333334,0.7106150695581457,0.5431923213650907,0.5141318977119784,0.5757347400150716,0.69769697848384,0.7721106563688758,0.5353575835981066,0.15450460089878024,0.4242652599849284,0.5757347400150716,0.8454953991012197,0.7016603818646505,0.7900327369365717,8,0.9999999999999999
CCE[CAR-FDH],15,0.7858333333333334,0.7106150695581457,0.5431923213650907,0.5141318977119784,0.5757347400150716,0.69769697848384,0.7721106563688758,0.5353575835981066,0.15450460089878024,0.4242652599849284,0.5757347400150716,0.8454953991012197,0.7016603818646505,0.7900327369365717,8,0.9983427842505053
CCE[CAR-FDH],15,0.7858333333333334,0.7106150695581457,0.5431923213650907,0.5141318977119784,0.5757347400150716,0.69769697848384,0.7721106563688758,0.5353575835981066,0.15450460089878024,0.4242652599849284,0.5757347400150716,0.8454953991012197,0.7016603818646505,0.7900327369365717,8,1.0
CCE[CAR-FDH],15,0.7858333333333334,0.7106150695581457,0.5431923213650907,0.5141318977119784,0.5757347400150716,0.69769697848384,0.7721106563688758,0.5353575835981066,0.15450460089878024,0.4242652599849284,0.5757347400150716,0.8454953991012197,0.7016603818646505,0.7900327369365717,8,0.9999999999999999
CCE[CAR-FDH],20,0.7876666666666666,0.7085545384015116,0.5413966882649388,0.518263266712612,0.5666917859834213,0.6942078171309675,0.7727200672270966,0.5366154497248041,0.14958270918039804,0.43330821401657876,0.5666917859834213,0.8504172908196019,0.7016243905432262,0.7909780391804179,8,0.9999999999999999
CCE[CAR-FDH],20,0.7876666666666666,0.7085545384015116,0.5413966882649388,0.518263266712612,0.5666917859834213,0.6942078171309675,0.7727200672270966,0.5366154497248041,0.14958270918039804,0.43330821401657876,0.5666917859834213,0.8504172908196019,0.7016243905432262,0.7909780391804179,8,0.9983427842505053
CCE[CAR-FDH],20,0.7876666666666666,0.7085545384015116,0.5413966882649388,0.518263266712612,0.5666917859834213,0.6942078171309675,0.7727200672270966,0.5366154497248041,0.14958270918039804,0.43330821401657876,0.5666917859834213,0.8504172908196019,0.7016243905432262,0.7909780391804179,8,1.0
CCE[CAR-FDH],20,0.7876666666666666,0.7085545384015116,0.5413966882649388,0.518263266712612,0.5666917859834213,0.6942078171309675,0.7727200672270966,0.5366154497248041,0.14958270918039804,0.43330821401657876,0.5666917859834213,0.8504172908196019,0.7016243905432262,0.7909780391804179,8,0.9999999999999999
CCE[CAR-DEA],5,0.7583333333333333,0.7080688158545516,0.5307443365695793,0.46511627906976744,0.6179351921627732,0.7023086058605973,0.7719556831392513,0.5347410802774824,0.20179756045367003,0.38206480783722685,0.6179351921627732,0.79820243954633,0.6840029202488749,0.7694701237473621,8,0.9999999999999999
CCE[CAR-DEA],5,0.7583333333333333,0.7080688158545516,0.5307443365695793,0.46511627906976744,0.6179351921627732,0.7023086058605973,0.7719556831392513,0.5347410802774824,0.20179756045367003,0.38206480783722685,0.6179351921627732,0.79820243954633,0.6840029202488749,0.7694701237473621,8,1.0
CCE[CAR-DEA],5,0.7583333333333333,0.7080688158545516,0.5307443365695793,0.46511627906976744,0.6179351921627732,0.7023086058605973,0.7719556831392513,0.5347410802774824,0.20179756045367003,0.38206480783722685,0.6179351921627732,0.79820243954633,0.6840029202488749,0.7694701237473621,8,0.9963832997630369
CCE[CAR-DEA],5,0.7583333333333333,0.7080688158545516,0.5307443365695793,0.46511627906976744,0.6179351921627732,0.7023086058605973,0.7719556831392513,0.5347410802774824,0.20179756045367003,0.38206480783722685,0.6179351921627732,0.79820243954633,0.6840029202488749,0.7694701237473621,8,1.0
CCE[CAR-DEA],10,0.7768333333333334,0.7102330387766886,0.5393876848985208,0.4962025316455696,0.5908063300678221,0.7001201544141812,0.7726100862254278,0.5393283321607382,0.17034025251444468,0.4091936699321778,0.5908063300678221,0.8296597474855553,0.6960657769043357,0.7834399262129118,8,0.9999999999999999
CCE[CAR-DEA],10,0.7768333333333334,0.7102330387766886,0.5393876848985208,0.4962025316455696,0.5908063300678221,0.7001201544141812,0.7726100862254278,0.5393283321607382,0.17034025251444468,0.4091936699321778,0.5908063300678221,0.8296597474855553,0.6960657769043357,0.7834399262129118,8,1.0
CCE[CAR-DEA],10,0.7768333333333334,0.7102330387766886,0.5393876848985208,0.4962025316455696,0.5908063300678221,0.7001201544141812,0.7726100862254278,0.5393283321607382,0.17034025251444468,0.4091936699321778,0.5908063300678221,0.8296597474855553,0.6960657769043357,0.7834399262129118,8,0.9963832997630369
CCE[CAR-DEA],10,0.7768333333333334,0.7102330387766886,0.5393876848985208,0.4962025316455696,0.5908063300678221,0.7001201544141812,0.7726100862254278,0.5393283321607382,0.17034025251444468,0.4091936699321778,0.5908063300678221,0.8296597474855553,0.6960657769043357,0.7834399262129118,8,1.0
CCE[CAR-DEA],15,0.7791666666666667,0.709033084768744,0.5388096066829099,0.500646830530401,0.5832705350414469,0.6977905820393179,0.7724486624971718,0.5372289010503662,0.16520436550395892,0.4167294649585531,0.5832705350414469,0.8347956344960411,0.6968179730576816,0.7849339720393458,8,0.9999999999999999
CCE[CAR-DEA],15,0.7791666666666667,0.709033084768744,0.5388096066829099,0.500646830530401,0.5832705350414469,0.6977905820393179,0.7724486624971718,0.5372289010503662,0.16520436550395892,0.4167294649585531,0.5832705350414469,0.8347956344960411,0.6968179730576816,0.7849339720393458,8,1.0
CCE[CAR-DEA],15,0.7791666666666667,0.709033084768744,0.5388096066829099,0.500646830530401,0.5832705350414469,0.6977905820393179,0.7724486624971718,0.5372289010503662,0.16520436550395892,0.4167294649585531,0.5832705350414469,0.8347956344960411,0.6968179730576816,0.7849339720393458,8,0.9963832997630369
CCE[CAR-DEA],15,0.7791666666666667,0.709033084768744,0.5388096066829099,0.500646830530401,0.5832705350414469,0.6977905820393179,0.7724486624971718,0.5372289010503662,0.16520436550395892,0.4167294649585531,0.5832705350414469,0.8347956344960411,0.6968179730576816,0.7849339720393458,8,1.0
CCE[CAR-DEA],20,0.78,0.708758696683202,0.5387840670859538,0.5022801302931597,0.5810097965335342,0.697150707261078,0.7727518359328573,0.5378095652022635,0.16349240316713032,0.4189902034664657,0.5810097965335342,0.8365075968328697,0.697166163549543,0.7854905793440712,8,0.9999999999999999
CCE[CAR-DEA],20,0.78,0.708758696683202,0.5387840670859538,0.5022801302931597,0.5810097965335342,0.697150707261078,0.7727518359328573,0.5378095652022635,0.16349240316713032,0.4189902034664657,0.5810097965335342,0.8365075968328697,0.697166163549543,0.7854905793440712,8,1.0
CCE[CAR-DEA],20,0.78,0.708758696683202,0.5387840670859538,0.5022801302931597,0.5810097965335342,0.697150707261078,0.7727518359328573,0.5378095652022635,0.16349240316713032,0.4189902034664657,0.5810097965335342,0.8365075968328697,0.697166163549543,0.7854905793440712,8,0.9963832997630369
CCE[CAR-DEA],20,0.78,0.708758696683202,0.5387840670859538,0.5022801302931597,0.5810097965335342,0.697150707261078,0.7727518359328573,0.5378095652022635,0.16349240316713032,0.4189902034664657,0.5810097965335342,0.8365075968328697,0.697166163549543,0.7854905793440712,8,1.0
CCE[FDH],5,0.8021666666666667,0.6784736862390384,0.5052105043768237,0.5652985074626866,0.4566691785983421,0.641193655075483,0.7660013891148804,0.521164760185136,0.09972180612026535,0.5433308214016579,0.4566691785983421,0.9002781938797346,0.6907887747381463,0.7942795901763104,8,0.8969540363551938
CCE[FDH],5,0.8021666666666667,0.6784736862390384,0.5052105043768237,0.5652985074626866,0.4566691785983421,0.641193655075483,0.7660013891148804,0.521164760185136,0.09972180612026535,0.5433308214016579,0.4566691785983421,0.9002781938797346,0.6907887747381463,0.7942795901763104,8,1.0
CCE[FDH],5,0.8021666666666667,0.6784736862390384,0.5052105043768237,0.5652985074626866,0.4566691785983421,0.641193655075483,0.7660013891148804,0.521164760185136,0.09972180612026535,0.5433308214016579,0.4566691785983421,0.9002781938797346,0.6907887747381463,0.7942795901763104,8,0.9999999999999999
CCE[FDH],5,0.8021666666666667,0.6784736862390384,0.5052105043768237,0.5652985074626866,0.4566691785983421,0.641193655075483,0.7660013891148804,0.521164760185136,0.09972180612026535,0.5433308214016579,0.4566691785983421,0.9002781938797346,0.6907887747381463,0.7942795901763104,8,0.9463242442350452
CCE[FDH],10,0.808,0.6873446538509235,0.5203996669442131,0.5813953488372093,0.47098718914845517,0.6524048747863292,0.7730088883033269,0.5326487002284125,0.09629788144660817,0.5290128108515448,0.47098718914845517,0.9037021185533918,0.7001873308673973,0.8004489181152263,8,0.8969540363551938
CCE[FDH],10,0.808,0.6873446538509235,0.5203996669442131,0.5813953488372093,0.47098718914845517,0.6524048747863292,0.7730088883033269,0.5326487002284125,0.09629788144660817,0.5290128108515448,0.47098718914845517,0.9037021185533918,0.7001873308673973,0.8004489181152263,8,1.0
CCE[FDH],10,0.808,0.6873446538509235,0.5203996669442131,0.5813953488372093,0.47098718914845517,0.6524048747863292,0.7730088883033269,0.5326487002284125,0.09629788144660817,0.5290128108515448,0.47098718914845517,0.9037021185533918,0.7001873308673973,0.8004489181152263,8,0.9999999999999999
CCE[FDH],10,0.808,0.6873446538509235,0.5203996669442131,0.5813953488372093,0.47098718914845517,0.6524048747863292,0.7730088883033269,0.5326487002284125,0.09629788144660817,0.5290128108515448,0.47098718914845517,0.9037021185533918,0.7001873308673973,0.8004489181152263,8,0.9463242442350452
CCE[FDH],15,0.8008333333333333,0.6983916971761813,0.5333853963295587,0.553484602917342,0.5146948003014318,0.6737999797886718,0.7726647542013307,0.5334871319967499,0.11791140594906913,0.4853051996985682,0.5146948003014318,0.8820885940509309,0.7033915010040632,0.7981982387108785,8,0.8969540363551938
CCE[FDH],15,0.8008333333333333,0.6983916971761813,0.5333853963295587,0.553484602917342,0.5146948003014318,0.6737999797886718,0.7726647542013307,0.5334871319967499,0.11791140594906913,0.4853051996985682,0.5146948003014318,0.8820885940509309,0.7033915010040632,0.7981982387108785,8,1.0
CCE[FDH],15,0.8008333333333333,0.6983916971761813,0.5333853963295587,0.553484602917342,0.5146948003014318,0.6737999797886718,0.7726647542013307,0.5334871319967499,0.11791140594906913,0.4853051996985682,0.5146948003014318,0.8820885940509309,0.7033915010040632,0.7981982387108785,8,0.9999999999999999
CCE[FDH],15,0.8008333333333333,0.6983916971761813,0.5333853963295587,0.553484602917342,0.5146948003014318,0.6737999797886718,0.7726647542013307,0.5334871319967499,0.11791140594906913,0.4853051996985682,0.5146948003014318,0.8820885940509309,0.7033915010040632,0.7981982387108785,8,0.9463242442350452
CCE[FDH],20,0.801,0.6920236842958257,0.5246815286624203,0.5561181434599156,0.49660889223813115,0.6638598034761681,0.7725233270188326,0.5332971591834695,0.11256152364647978,0.5033911077618689,0.49660889223813115,0.8874384763535202,0.6994191791710078,0.7968645422712968,8,0.8969540363551938
CCE[FDH],20,0.801,0.6920236842958257,0.5246815286624203,0.5561181434599156,0.49660889223813115,0.6638598034761681,0.7725233270188326,0.5332971591834695,0.11256152364647978,0.5033911077618689,0.49660889223813115,0.8874384763535202,0.6994191791710078,0.7968645422712968,8,1.0
CCE[FDH],20,0.801,0.6920236842958257,0.5246815286624203,0.5561181434599156,0.49660889223813115,0.6638598034761681,0.7725233270188326,0.5332971591834695,0.11256152364647978,0.5033911077618689,0.49660889223813115,0.8874384763535202,0.6994191791710078,0.7968645422712968,8,0.9999999999999999
CCE[FDH],20,0.801,0.6920236842958257,0.5246815286624203,0.5561181434599156,0.49660889223813115,0.6638598034761681,0.7725233270188326,0.5332971591834695,0.11256152364647978,0.5033911077618689,0.49660889223813115,0.8874384763535202,0.6994191791710078,0.7968645422712968,8,0.9463242442350452
CCE[DEA],5,0.8066666666666666,0.6840605437351064,0.5150501672240803,0.5784037558685446,0.4642049736247174,0.6477672080204472,0.7709215069461388,0.5278067049294797,0.0960838861545046,0.5357950263752826,0.4642049736247174,0.9039161138454954,0.6971587222465114,0.7987145930973538,8,0.9128152744346808
CCE[DEA],5,0.8066666666666666,0.6840605437351064,0.5150501672240803,0.5784037558685446,0.4642049736247174,0.6477672080204472,0.7709215069461388,0.5278067049294797,0.0960838861545046,0.5357950263752826,0.4642049736247174,0.9039161138454954,0.6971587222465114,0.7987145930973538,8,0.9830505507838219
CCE[DEA],5,0.8066666666666666,0.6840605437351064,0.5150501672240803,0.5784037558685446,0.4642049736247174,0.6477672080204472,0.7709215069461388,0.5278067049294797,0.0960838861545046,0.5357950263752826,0.4642049736247174,0.9039161138454954,0.6971587222465114,0.7987145930973538,8,1.0
CCE[DEA],5,0.8066666666666666,0.6840605437351064,0.5150501672240803,0.5784037558685446,0.4642049736247174,0.6477672080204472,0.7709215069461388,0.5278067049294797,0.0960838861545046,0.5357950263752826,0.4642049736247174,0.9039161138454954,0.6971587222465114,0.7987145930973538,8,0.934622758621098
CCE[DEA],10,0.8045,0.6931914664418453,0.5275875956504229,0.5666089965397924,0.493594574227581,0.6638339323702904,0.7722840135196001,0.5314314812852852,0.10721164134389044,0.506405425772419,0.493594574227581,0.8927883586561096,0.7021672348326717,0.799524480283306,8,0.9128152744346808
CCE[DEA],10,0.8045,0.6931914664418453,0.5275875956504229,0.5666089965397924,0.493594574227581,0.6638339323702904,0.7722840135196001,0.5314314812852852,0.10721164134389044,0.506405425772419,0.493594574227581,0.8927883586561096,0.7021672348326717,0.799524480283306,8,0.9830505507838219
CCE[DEA],10,0.8045,0.6931914664418453,0.5275875956504229,0.5666089965397924,0.493594574227581,0.6638339323702904,0.7722840135196001,0.5314314812852852,0.10721164134389044,0.506405425772419,0.493594574227581,0.8927883586561096,0.7021672348326717,0.799524480283306,8,1.0
CCE[DEA],10,0.8045,0.6931914664418453,0.5275875956504229,0.5666089965397924,0.493594574227581,0.6638339323702904,0.7722840135196001,0.5314314812852852,0.10721164134389044,0.506405425772419,0.493594574227581,0.8927883586561096,0.7021672348326717,0.799524480283306,8,0.934622758621098
CCE[DEA],15,0.8053333333333333,0.6939962467773713,0.5290322580645161,0.5689505637467476,0.49434815373021856,0.6646588820468086,0.7727386124106628,0.5336781440886852,0.10635566017547614,0.5056518462697814,0.49434815373021856,0.8936443398245238,0.703171591217132,0.8002832926719075,8,0.9128152744346808
CCE[DEA],15,0.8053333333333333,0.6939962467773713,0.5290322580645161,0.5689505637467476,0.49434815373021856,0.6646588820468086,0.7727386124106628,0.5336781440886852,0.10635566017547614,0.5056518462697814,0.49434815373021856,0.8936443398245238,0.703171591217132,0.8002832926719075,8,0.9830505507838219
CCE[DEA],15,0.8053333333333333,0.6939962467773713,0.5290322580645161,0.5689505637467476,0.49434815373021856,0.6646588820468086,0.7727386124106628,0.5336781440886852,0.10635566017547614,0.5056518462697814,0.49434815373021856,0.8936443398245238,0.703171591217132,0.8002832926719075,8,1.0
CCE[DEA],15,0.8053333333333333,0.6939962467773713,0.5290322580645161,0.5689505637467476,0.49434815373021856,0.6646588820468086,0.7727386124106628,0.5336781440886852,0.10635566017547614,0.5056518462697814,0.49434815373021856,0.8936443398245238,0.703171591217132,0.8002832926719075,8,0.934622758621098
CCE[DEA],20,0.8055,0.6881678181075495,0.5207392197125257,0.572202166064982,0.4777694046721929,0.6552155778847066,0.7725633201103487,0.534217424274507,0.10143376845709394,0.5222305953278071,0.4777694046721929,0.898566231542906,0.6993659506821908,0.7989801243196072,8,0.9128152744346808
CCE[DEA],20,0.8055,0.6881678181075495,0.5207392197125257,0.572202166064982,0.4777694046721929,0.6552155778847066,0.7725633201103487,0.534217424274507,0.10143376845709394,0.5222305953278071,0.4777694046721929,0.898566231542906,0.6993659506821908,0.7989801243196072,8,0.9830505507838219
CCE[DEA],20,0.8055,0.6881678181075495,0.5207392197125257,0.572202166064982,0.4777694046721929,0.6552155778847066,0.7725633201103487,0.534217424274507,0.10143376845709394,0.5222305953278071,0.4777694046721929,0.898566231542906,0.6993659506821908,0.7989801243196072,8,1.0
CCE[DEA],20,0.8055,0.6881678181075495,0.5207392197125257,0.572202166064982,0.4777694046721929,0.6552155778847066,0.7725633201103487,0.534217424274507,0.10143376845709394,0.5222305953278071,0.4777694046721929,0.898566231542906,0.6993659506821908,0.7989801243196072,8,0.934622758621098
CCE[CAR-FDH],5,0.7561666666666667,0.7064080543506113,0.5282167042889391,0.4616685456595265,0.6171816126601356,0.7007502988616362,0.7782049262135525,0.5549601231632626,0.2043655039589129,0.38281838733986434,0.6171816126601356,0.795634496041087,0.681908104925681,0.7676166760141039,9,1.0
CCE[CAR-FDH],5,0.7561666666666667,0.7064080543506113,0.5282167042889391,0.4616685456595265,0.6171816126601356,0.7007502988616362,0.7782049262135525,0.5549601231632626,0.2043655039589129,0.38281838733986434,0.6171816126601356,0.795634496041087,0.681908104925681,0.7676166760141039,9,1.0
CCE[CAR-FDH],5,0.7561666666666667,0.7064080543506113,0.5282167042889391,0.4616685456595265,0.6171816126601356,0.7007502988616362,0.7782049262135525,0.5549601231632626,0.2043655039589129,0.38281838733986434,0.6171816126601356,0.795634496041087,0.681908104925681,0.7676166760141039,9,1.0
CCE[CAR-FDH],5,0.7561666666666667,0.7064080543506113,0.5282167042889391,0.4616685456595265,0.6171816126601356,0.7007502988616362,0.7782049262135525,0.5549601231632626,0.2043655039589129,0.38281838733986434,0.6171816126601356,0.795634496041087,0.681908104925681,0.7676166760141039,9,1.0
CCE[CAR-FDH],10,0.7803333333333333,0.7078935235542376,0.5378681626928471,0.5029508196721312,0.5779954785229842,0.6958733639011428,0.7818418786045185,0.5600636436208215,0.16220843141450889,0.42200452147701584,0.5779954785229842,0.8377915685854911,0.696896477498588,0.7855812677219228,9,1.0
CCE[CAR-FDH],10,0.7803333333333333,0.7078935235542376,0.5378681626928471,0.5029508196721312,0.5779954785229842,0.6958733639011428,0.7818418786045185,0.5600636436208215,0.16220843141450889,0.42200452147701584,0.5779954785229842,0.8377915685854911,0.696896477498588,0.7855812677219228,9,1.0
CCE[CAR-FDH],10,0.7803333333333333,0.7078935235542376,0.5378681626928471,0.5029508196721312,0.5779954785229842,0.6958733639011428,0.7818418786045185,0.5600636436208215,0.16220843141450889,0.42200452147701584,0.5779954785229842,0.8377915685854911,0.696896477498588,0.7855812677219228,9,1.0
CCE[CAR-FDH],10,0.7803333333333333,0.7078935235542376,0.5378681626928471,0.5029508196721312,0.5779954785229842,0.6958733639011428,0.7818418786045185,0.5600636436208215,0.16220843141450889,0.42200452147701584,0.5779954785229842,0.8377915685854911,0.696896477498588,0.7855812677219228,9,1.0
CCE[CAR-FDH],15,0.7815,0.7064841702344643,0.5365853658536586,0.5053262316910786,0.5719668425018839,0.6935596379054688,0.7822274571602228,0.5605359540891436,0.15899850203295526,0.42803315749811605,0.5719668425018839,0.8410014979670447,0.6968173803425963,0.7861734337559274,9,1.0
CCE[CAR-FDH],15,0.7815,0.7064841702344643,0.5365853658536586,0.5053262316910786,0.5719668425018839,0.6935596379054688,0.7822274571602228,0.5605359540891436,0.15899850203295526,0.42803315749811605,0.5719668425018839,0.8410014979670447,0.6968173803425963,0.7861734337559274,9,1.0
CCE[CAR-FDH],15,0.7815,0.7064841702344643,0.5365853658536586,0.5053262316910786,0.5719668425018839,0.6935596379054688,0.7822274571602228,0.5605359540891436,0.15899850203295526,0.42803315749811605,0.5719668425018839,0.8410014979670447,0.6968173803425963,0.7861734337559274,9,1.0
CCE[CAR-FDH],15,0.7815,0.7064841702344643,0.5365853658536586,0.5053262316910786,0.5719668425018839,0.6935596379054688,0.7822274571602228,0.5605359540891436,0.15899850203295526,0.42803315749811605,0.5719668425018839,0.8410014979670447,0.6968173803425963,0.7861734337559274,9,1.0
CCE[CAR-FDH],20,0.7788333333333334,0.7061211684239707,0.5352014010507881,0.5,0.5757347400150716,0.6939787343883129,0.7826773794397774,0.5608554173392515,0.16349240316713032,0.4242652599849284,0.5757347400150716,0.8365075968328697,0.6950473927069141,0.7841881740538135,9,1.0
CCE[CAR-FDH],20,0.7788333333333334,0.7061211684239707,0.5352014010507881,0.5,0.5757347400150716,0.6939787343883129,0.7826773794397774,0.5608554173392515,0.16349240316713032,0.4242652599849284,0.5757347400150716,0.8365075968328697,0.6950473927069141,0.7841881740538135,9,1.0
CCE[CAR-FDH],20,0.7788333333333334,0.7061211684239707,0.5352014010507881,0.5,0.5757347400150716,0.6939787343883129,0.7826773794397774,0.5608554173392515,0.16349240316713032,0.4242652599849284,0.5757347400150716,0.8365075968328697,0.6950473927069141,0.7841881740538135,9,1.0
CCE[CAR-FDH],20,0.7788333333333334,0.7061211684239707,0.5352014010507881,0.5,0.5757347400150716,0.6939787343883129,0.7826773794397774,0.5608554173392515,0.16349240316713032,0.4242652599849284,0.5757347400150716,0.8365075968328697,0.6950473927069141,0.7841881740538135,9,1.0
CCE[CAR-DEA],5,0.7686666666666667,0.70687869885702,0.5326599326599326,0.48143639683505784,0.5960813865862848,0.6981414258525094,0.7808541460015535,0.5607576855613391,0.18232398887224482,0.40391861341371516,0.5960813865862848,0.8176760111277552,0.6894750383122477,0.7769255955643553,9,1.0
CCE[CAR-DEA],5,0.7686666666666667,0.70687869885702,0.5326599326599326,0.48143639683505784,0.5960813865862848,0.6981414258525094,0.7808541460015535,0.5607576855613391,0.18232398887224482,0.40391861341371516,0.5960813865862848,0.8176760111277552,0.6894750383122477,0.7769255955643553,9,1.0
CCE[CAR-DEA],5,0.7686666666666667,0.70687869885702,0.5326599326599326,0.48143639683505784,0.5960813865862848,0.6981414258525094,0.7808541460015535,0.5607576855613391,0.18232398887224482,0.40391861341371516,0.5960813865862848,0.8176760111277552,0.6894750383122477,0.7769255955643553,9,1.0
CCE[CAR-DEA],5,0.7686666666666667,0.70687869885702,0.5326599326599326,0.48143639683505784,0.5960813865862848,0.6981414258525094,0.7808541460015535,0.5607576855613391,0.18232398887224482,0.40391861341371516,0.5960813865862848,0.8176760111277552,0.6894750383122477,0.7769255955643553,9,1.0
CCE[CAR-DEA],10,0.7706666666666667,0.7070835021885735,0.5335593220338983,0.4849044978434997,0.5930670685757348,0.6978304464076267,0.7817191578680521,0.5601799026146674,0.17890006419858764,0.4069329314242653,0.5930670685757348,0.8210999358014124,0.6907575615694354,0.7784217798170865,9,1.0
CCE[CAR-DEA],10,0.7706666666666667,0.7070835021885735,0.5335593220338983,0.4849044978434997,0.5930670685757348,0.6978304464076267,0.7817191578680521,0.5601799026146674,0.17890006419858764,0.4069329314242653,0.5930670685757348,0.8210999358014124,0.6907575615694354,0.7784217798170865,9,1.0
CCE[CAR-DEA],10,0.7706666666666667,0.7070835021885735,0.5335593220338983,0.4849044978434997,0.5930670685757348,0.6978304464076267,0.7817191578680521,0.5601799026146674,0.17890006419858764,0.4069329314242653,0.5930670685757348,0.8210999358014124,0.6907575615694354,0.7784217798170865,9,1.0
CCE[CAR-DEA],10,0.7706666666666667,0.7070835021885735,0.5335593220338983,0.4849044978434997,0.5930670685757348,0.6978304464076267,0.7817191578680521,0.5601799026146674,0.17890006419858764,0.4069329314242653,0.5930670685757348,0.8210999358014124,0.6907575615694354,0.7784217798170865,9,1.0
CCE[CAR-DEA],15,0.7745,0.7081954875214298,0.5361672951662667,0.4918238993710692,0.5892991710625471,0.69814362023743,0.7824233910561579,0.5602135777583709,0.17290819601968757,0.4107008289374529,0.5892991710625471,0.8270918039803125,0.6936038501593746,0.7814009689938645,9,1.0
CCE[CAR-DEA],15,0.7745,0.7081954875214298,0.5361672951662667,0.4918238993710692,0.5892991710625471,0.69814362023743,0.7824233910561579,0.5602135777583709,0.17290819601968757,0.4107008289374529,0.5892991710625471,0.8270918039803125,0.6936038501593746,0.7814009689938645,9,1.0
CCE[CAR-DEA],15,0.7745,0.7081954875214298,0.5361672951662667,0.4918238993710692,0.5892991710625471,0.69814362023743,0.7824233910561579,0.5602135777583709,0.17290819601968757,0.4107008289374529,0.5892991710625471,0.8270918039803125,0.6936038501593746,0.7814009689938645,9,1.0
CCE[CAR-DEA],15,0.7745,0.7081954875214298,0.5361672951662667,0.4918238993710692,0.5892991710625471,0.69814362023743,0.7824233910561579,0.5602135777583709,0.17290819601968757,0.4107008289374529,0.5892991710625471,0.8270918039803125,0.6936038501593746,0.7814009689938645,9,1.0
CCE[CAR-DEA],20,0.7773333333333333,0.7075863185569073,0.5364330326162388,0.49710610932475885,0.5825169555388093,0.696445297667494,0.7822403581574859,0.5596585416643789,0.16734431842499464,0.41748304446119067,0.5825169555388093,0.8326556815750054,0.6949548361150946,0.78335716186629,9,1.0
CCE[CAR-DEA],20,0.7773333333333333,0.7075863185569073,0.5364330326162388,0.49710610932475885,0.5825169555388093,0.696445297667494,0.7822403581574859,0.5596585416643789,0.16734431842499464,0.41748304446119067,0.5825169555388093,0.8326556815750054,0.6949548361150946,0.78335716186629,9,1.0
CCE[CAR-DEA],20,0.7773333333333333,0.7075863185569073,0.5364330326162388,0.49710610932475885,0.5825169555388093,0.696445297667494,0.7822403581574859,0.5596585416643789,0.16734431842499464,0.41748304446119067,0.5825169555388093,0.8326556815750054,0.6949548361150946,0.78335716186629,9,1.0
CCE[CAR-DEA],20,0.7773333333333333,0.7075863185569073,0.5364330326162388,0.49710610932475885,0.5825169555388093,0.696445297667494,0.7822403581574859,0.5596585416643789,0.16734431842499464,0.41748304446119067,0.5825169555388093,0.8326556815750054,0.6949548361150946,0.78335716186629,9,1.0
CCE[FDH],5,0.8075,0.6818976109126955,0.5120405576679341,0.5826923076923077,0.4566691785983421,0.6436276136444588,0.7720109961650173,0.5512894483293083,0.09287395677295099,0.5433308214016579,0.4566691785983421,0.907126043227049,0.6960701075477633,0.7986972531974149,9,0.9182780531227578
CCE[FDH],5,0.8075,0.6818976109126955,0.5120405576679341,0.5826923076923077,0.4566691785983421,0.6436276136444588,0.7720109961650173,0.5512894483293083,0.09287395677295099,0.5433308214016579,0.4566691785983421,0.907126043227049,0.6960701075477633,0.7986972531974149,9,0.9025994712024998
CCE[FDH],5,0.8075,0.6818976109126955,0.5120405576679341,0.5826923076923077,0.4566691785983421,0.6436276136444588,0.7720109961650173,0.5512894483293083,0.09287395677295099,0.5433308214016579,0.4566691785983421,0.907126043227049,0.6960701075477633,0.7986972531974149,9,0.9580229971929285
CCE[FDH],5,0.8075,0.6818976109126955,0.5120405576679341,0.5826923076923077,0.4566691785983421,0.6436276136444588,0.7720109961650173,0.5512894483293083,0.09287395677295099,0.5433308214016579,0.4566691785983421,0.907126043227049,0.6960701075477633,0.7986972531974149,9,0.9456020146020523
CCE[FDH],10,0.8095,0.6767065721389096,0.5045513654096229,0.5938775510204082,0.4385832705350414,0.6334264582485218,0.7717470095085188,0.5503333390758886,0.08517012625722234,0.5614167294649586,0.4385832705350414,0.9148298737427777,0.6933156084244029,0.7985831346123118,9,0.9182780531227578
CCE[FDH],10,0.8095,0.6767065721389096,0.5045513654096229,0.5938775510204082,0.4385832705350414,0.6334264582485218,0.7717470095085188,0.5503333390758886,0.08517012625722234,0.5614167294649586,0.4385832705350414,0.9148298737427777,0.6933156084244029,0.7985831346123118,9,0.9025994712024998
CCE[FDH],10,0.8095,0.6767065721389096,0.5045513654096229,0.5938775510204082,0.4385832705350414,0.6334264582485218,0.7717470095085188,0.5503333390758886,0.08517012625722234,0.5614167294649586,0.4385832705350414,0.9148298737427777,0.6933156084244029,0.7985831346123118,9,0.9580229971929285
CCE[FDH],10,0.8095,0.6767065721389096,0.5045513654096229,0.5938775510204082,0.4385832705350414,0.6334264582485218,0.7717470095085188,0.5503333390758886,0.08517012625722234,0.5614167294649586,0.4385832705350414,0.9148298737427777,0.6933156084244029,0.7985831346123118,9,0.9456020146020523
CCE[FDH],15,0.8033333333333333,0.6940612355510847,0.5283772981614708,0.5625531914893617,0.4981160512434062,0.6658276679752262,0.7797051509327986,0.5568755338916683,0.10999358014123689,0.5018839487565938,0.4981160512434062,0.890006419858763,0.7020703083774295,0.7989331104078624,9,0.9182780531227578
CCE[FDH],15,0.8033333333333333,0.6940612355510847,0.5283772981614708,0.5625531914893617,0.4981160512434062,0.6658276679752262,0.7797051509327986,0.5568755338916683,0.10999358014123689,0.5018839487565938,0.4981160512434062,0.890006419858763,0.7020703083774295,0.7989331104078624,9,0.9025994712024998
CCE[FDH],15,0.8033333333333333,0.6940612355510847,0.5283772981614708,0.5625531914893617,0.4981160512434062,0.6658276679752262,0.7797051509327986,0.5568755338916683,0.10999358014123689,0.5018839487565938,0.4981160512434062,0.890006419858763,0.7020703083774295,0.7989331104078624,9,0.9580229971929285
CCE[FDH],15,0.8033333333333333,0.6940612355510847,0.5283772981614708,0.5625531914893617,0.4981160512434062,0.6658276679752262,0.7797051509327986,0.5568755338916683,0.10999358014123689,0.5018839487565938,0.4981160512434062,0.890006419858763,0.7020703083774295,0.7989331104078624,9,0.9456020146020523
CCE[FDH],20,0.808,0.6900425749035933,0.5243600330305532,0.5799086757990868,0.47852298417483047,0.6568243432741495,0.7777075927690555,0.5560272129452299,0.09843783436764392,0.5214770158251696,0.47852298417483047,0.9015621656323561,0.7020422006873376,0.8011296228506044,9,0.9182780531227578
CCE[FDH],20,0.808,0.6900425749035933,0.5243600330305532,0.5799086757990868,0.47852298417483047,0.6568243432741495,0.7777075927690555,0.5560272129452299,0.09843783436764392,0.5214770158251696,0.47852298417483047,0.9015621656323561,0.7020422006873376,0.8011296228506044,9,0.9025994712024998
CCE[FDH],20,0.808,0.6900425749035933,0.5243600330305532,0.5799086757990868,0.47852298417483047,0.6568243432741495,0.7777075927690555,0.5560272129452299,0.09843783436764392,0.5214770158251696,0.47852298417483047,0.9015621656323561,0.7020422006873376,0.8011296228506044,9,0.9580229971929285
CCE[FDH],20,0.808,0.6900425749035933,0.5243600330305532,0.5799086757990868,0.47852298417483047,0.6568243432741495,0.7777075927690555,0.5560272129452299,0.09843783436764392,0.5214770158251696,0.47852298417483047,0.9015621656323561,0.7020422006873376,0.8011296228506044,9,0.9456020146020523
CCE[DEA],5,0.8036666666666666,0.6918471018957855,0.5253827558420628,0.5645021645021645,0.49133383571966843,0.6621531865731547,0.7794387453393132,0.5553515544530934,0.10763963192809758,0.5086661642803316,0.49133383571966843,0.8923603680719024,0.7008086294444607,0.798637791623398,9,0.951139415101159
CCE[DEA],5,0.8036666666666666,0.6918471018957855,0.5253827558420628,0.5645021645021645,0.49133383571966843,0.6621531865731547,0.7794387453393132,0.5553515544530934,0.10763963192809758,0.5086661642803316,0.49133383571966843,0.8923603680719024,0.7008086294444607,0.798637791623398,9,1.0
CCE[DEA],5,0.8036666666666666,0.6918471018957855,0.5253827558420628,0.5645021645021645,0.49133383571966843,0.6621531865731547,0.7794387453393132,0.5553515544530934,0.10763963192809758,0.5086661642803316,0.49133383571966843,0.8923603680719024,0.7008086294444607,0.798637791623398,9,0.9799231373171028
CCE[DEA],5,0.8036666666666666,0.6918471018957855,0.5253827558420628,0.5645021645021645,0.49133383571966843,0.6621531865731547,0.7794387453393132,0.5553515544530934,0.10763963192809758,0.5086661642803316,0.49133383571966843,0.8923603680719024,0.7008086294444607,0.798637791623398,9,0.9593939746461799
CCE[DEA],10,0.7935,0.7069036139079846,0.5416204217536071,0.5319767441860465,0.5516201959306707,0.6896374260852233,0.7821813360950067,0.5616656632013124,0.13781296811470148,0.4483798040693293,0.5516201959306707,0.8621870318852985,0.7041758126838381,0.7948275356925969,9,0.951139415101159
CCE[DEA],10,0.7935,0.7069036139079846,0.5416204217536071,0.5319767441860465,0.5516201959306707,0.6896374260852233,0.7821813360950067,0.5616656632013124,0.13781296811470148,0.4483798040693293,0.5516201959306707,0.8621870318852985,0.7041758126838381,0.7948275356925969,9,1.0
CCE[DEA],10,0.7935,0.7069036139079846,0.5416204217536071,0.5319767441860465,0.5516201959306707,0.6896374260852233,0.7821813360950067,0.5616656632013124,0.13781296811470148,0.4483798040693293,0.5516201959306707,0.8621870318852985,0.7041758126838381,0.7948275356925969,9,0.9799231373171028
CCE[DEA],10,0.7935,0.7069036139079846,0.5416204217536071,0.5319767441860465,0.5516201959306707,0.6896374260852233,0.7821813360950067,0.5616656632013124,0.13781296811470148,0.4483798040693293,0.5516201959306707,0.8621870318852985,0.7041758126838381,0.7948275356925969,9,0.9593939746461799
CCE[DEA],15,0.7963333333333333,0.7008986028381227,0.5350076103500762,0.5403535741737125,0.5297663903541824,0.6796856753755989,0.7818378470428737,0.5607547854849004,0.12796918467793708,0.4702336096458176,0.5297663903541824,0.872030815322063,0.7023096096991525,0.7956083580028206,9,0.951139415101159
CCE[DEA],15,0.7963333333333333,0.7008986028381227,0.5350076103500762,0.5403535741737125,0.5297663903541824,0.6796856753755989,0.7818378470428737,0.5607547854849004,0.12796918467793708,0.4702336096458176,0.5297663903541824,0.872030815322063,0.7023096096991525,0.7956083580028206,9,1.0
CCE[DEA],15,0.7963333333333333,0.7008986028381227,0.5350076103500762,0.5403535741737125,0.5297663903541824,0.6796856753755989,0.7818378470428737,0.5607547854849004,0.12796918467793708,0.4702336096458176,0.5297663903541824,0.872030815322063,0.7023096096991525,0.7956083580028206,9,0.9799231373171028
CCE[DEA],15,0.7963333333333333,0.7008986028381227,0.5350076103500762,0.5403535741737125,0.5297663903541824,0.6796856753755989,0.7818378470428737,0.5607547854849004,0.12796918467793708,0.4702336096458176,0.5297663903541824,0.872030815322063,0.7023096096991525,0.7956083580028206,9,0.9593939746461799
CCE[DEA],20,0.8023333333333333,0.6944984180958418,0.5286168521462639,0.5592935239697224,0.5011303692539563,0.6670358689191376,0.781574021648841,0.5613211870044327,0.11213353306227263,0.49886963074604374,0.5011303692539563,0.8878664669377274,0.7017820658875562,0.7983505334172836,9,0.951139415101159
CCE[DEA],20,0.8023333333333333,0.6944984180958418,0.5286168521462639,0.5592935239697224,0.5011303692539563,0.6670358689191376,0.781574021648841,0.5613211870044327,0.11213353306227263,0.49886963074604374,0.5011303692539563,0.8878664669377274,0.7017820658875562,0.7983505334172836,9,1.0
CCE[DEA],20,0.8023333333333333,0.6944984180958418,0.5286168521462639,0.5592935239697224,0.5011303692539563,0.6670358689191376,0.781574021648841,0.5613211870044327,0.11213353306227263,0.49886963074604374,0.5011303692539563,0.8878664669377274,0.7017820658875562,0.7983505334172836,9,0.9799231373171028
CCE[DEA],20,0.8023333333333333,0.6944984180958418,0.5286168521462639,0.5592935239697224,0.5011303692539563,0.6670358689191376,0.781574021648841,0.5613211870044327,0.11213353306227263,0.49886963074604374,0.5011303692539563,0.8878664669377274,0.7017820658875562,0.7983505334172836,9,0.9593939746461799
